application_id,customer_id,application_date,disbursement_date,loan_type,loan_amount,tenure_months,interest_rate_pct,monthly_income,employment_type,employment_years,cibil_score,city,state,city_tier,existing_loans_count,documentation_complete,current_dpd_bucket,default_flag
APP102016,CUST21869,14 Aug 2024,28-08-2024,TWO-WHEELER LOAN,125288,18,11.83,42091,  Salaried  ,11.1,681,Delhi,Delhi,Tier 1,3,Y,0 (Current),0
APP100491,CUST21147,15/01/2024,29/01/2024,BNPL,8706,1,16.55,13326,SELF-EMPLOYED,4.7,618,pune,Maharashtra,Tier 1,0,Y,90+,1
APP100842,CUST20108,27-05-2025,12-06-2025,two-wheeler loan,70980,12,13.08,23821,salaried,10.2,,Pune,Maharashtra,Tier 1,1,Y,90+,1
APP100782,CUST21639,13-11-2024,18/11/2024,CONSUMER DURABLE LOAN,68764,12,15.55,"INR 245,925",SALARIED,7.7,801,PUNE,Maharashtra,Tier 1,0,Y,0 (Current),0
APP101179,CUST21569,04-01-2024,22 Jan 2024,BNPL,2654,6,2.12,"INR 79,251",Salaried,7.8,844,COIMBATORE,Tamil Nadu,Tier 2,2,Y,0 (Current),0
APP100931,CUST20940,03 Nov 2024,10 Nov 2024,Personal Loan,344120,48,14.72,29809,Self-Employed,4.8,683,AHMEDABAD,Gujarat,Tier 2,0,Y,1-30,0
APP101858,CUST20105,17 Jul 2024,19 Jul 2024,Personal Loan,404958,0,23.52,58375,salaried,11.9,739,Nagpur,Maharashtra,Tier 2,1,Y,90+,1
APP101502,CUST20198,18-09-2024,2024-09-20,  Consumer Durable Loan  ,79608,3,15.96,93444,Salaried,,778,Chennai,Tamil Nadu,Tier 1,1,Y,0 (Current),0
APP100510,CUST21547,03/12/2025,17/12/2025,personal loan,202399,24,17.79,"32,142",Salaried,7.3,755,delhi,Delhi,Tier 1,3,Y,0 (Current),0
APP102008,CUST22147,21-12-2024,22 Dec 2024,Personal Loan,214229,12,17.17,42437,salaried,2.1,722,Ranchi,Jharkhand,Tier 3,0,Y,0 (Current),0
APP101585,CUST20134,27 Jul 2025,31 Jul 2025,BNPL,22622,1,14.91,"38,101",self-employed,11.9,605,Indore,Madhya Pradesh,Tier 2,3,Y,0 (Current),0
APP101215,CUST20273,2024-03-18,31/03/2024,Personal Loan,436403,48,20.5,58324,Self-Employed,0.2,739,DELHI,Delhi,Tier 1,1,N,0 (Current),0
APP101641,CUST22083,2025-10-29,10/11/2025,  Consumer Durable Loan  ,49770,12,20.16,"INR 35,910",salaried,0.6,703,Pune,Maharashtra,Tier 1,2,Y,1-30,0
APP101153,CUST21337,10/12/2025,11 Dec 2025,personal loan,70437,48,23.33,31570,  Salaried  ,17.1,768,Mumbai,Maharashtra,Tier 1,0,Y,90+,1
APP100181,CUST21921,26/07/2024,09 Aug 2024,Personal Loan,66897,48,21.65,37697,Salaried,2.5,705,Nagpur,Maharashtra,Tier 2,1,Y,0 (Current),0
APP100749,CUST20114,30 May 2024,,  Personal Loan  ,260995,24,18.55,92018,  Salaried  ,3.3,,bangalore,Karnataka,Tier 1,0,Y,0 (Current),0
APP102357,CUST21475,15 Jul 2024,,personal loan,430511,36,22.62,"INR 149,593",Salaried,5.4,749,  Lucknow  ,Uttar Pradesh,Tier 2,1,Y,0 (Current),0
APP101081,CUST20472,26 Sep 2024,28/09/2024,BNPL,5670,1,13.0,106401,  Salaried  ,5.8,748,Agra,Uttar Pradesh,Tier 3,3,Y,0 (Current),0
APP100132,CUST20207,24-05-2025,25/05/2025,Consumer Durable Loan,66733,3,20.71,"57,408",Salaried,4.2,749,Ahmedabad,Gujarat,Tier 2,1,Y,0 (Current),0
APP101395,CUST21107,31-03-2024,03-04-2024,Personal Loan,235189,36,17.85,17031,Salaried,3.4,613,Mumbai,Maharashtra,Tier 1,3,Y,90+,1
APP101164,CUST22252,28/01/2025,16/02/2025,Consumer Durable Loan,77006,12,18.97,94815,Salaried,10.2,826,Ahmedabad,Gujarat,Tier 2,0,Y,0 (Current),0
APP100257,CUST20962,2024-08-17,18-08-2024,Gold Loan,42900,12,9.63,15297,  Salaried  ,4.7,683,BANGALORE,Karnataka,Tier 1,1,Y,31-60,0
APP100988,CUST20209,20 May 2025,01-06-2025,Consumer Durable Loan,79152,6,14.81,78631,salaried,16.4,819,BANGALORE,Karnataka,Tier 1,1,Y,0 (Current),0
APP100876,CUST20423,2024-06-07,19 Jun 2024,Consumer Durable Loan,67087,9,13.32,55413,SALARIED,8.1,722,Jodhpur,Rajasthan,Tier 3,4,Y,0 (Current),0
APP100676,CUST21869,19/10/2025,24 Oct 2025,TWO-WHEELER LOAN,138422,24,12.25,,self-employed,8.6,731,HYDERABAD,Telangana,Tier 1,2,N,0 (Current),0
APP101237,CUST20653,09 Apr 2025,17 Apr 2025,personal loan,122672,12,16.89,"INR 45,781",  Salaried  ,12.6,717,DELHI,Delhi,Tier 1,3,Y,0 (Current),0
APP101210,CUST21693,02/02/2024,02 Feb 2024,BNPL,7398,6,12.88,"57,700",SELF-EMPLOYED,14.4,750,Pune,Maharashtra,Tier 1,2,Y,0 (Current),0
APP101723,CUST21206,14 Nov 2024,17/11/2024,Consumer Durable Loan,43577,3,20.5,87254,Salaried,16.7,741,Patna,Bihar,Tier 3,0,Y,61-90,1
APP102059,CUST20805,2025-07-05,18 Jul 2025,PERSONAL LOAN,220215,36,15.5,"75,341",self-employed,2.9,695,HYDERABAD,Telangana,Tier 1,1,Y,0 (Current),0
APP100114,CUST22213,08/11/2025,14-11-2025,  Two-Wheeler Loan  ,104349,18,11.27,"INR 32,784",Salaried,7.1,730,bangalore,Karnataka,Tier 1,0,Y,0 (Current),0
APP100950,CUST21452,2025-09-20,21-09-2025,BNPL,16509,6,15.84,"23,434",Salaried,9.6,584,PUNE,Maharashtra,Tier 1,0,Y,0 (Current),0
APP101598,CUST20869,2025-07-01,2025-07-20,Personal Loan,84430,60,15.04,59006,Salaried,6.0,680,COIMBATORE,Tamil Nadu,Tier 2,1,Y,1-30,0
APP100415,CUST21845,21-09-2024,05-10-2024,Personal Loan,272332,60,21.6,105696,SELF-EMPLOYED,2.0,733,  Ahmedabad  ,Gujarat,Tier 2,0,Y,0 (Current),0
APP100624,CUST20015,04-04-2024,16-04-2024,Personal Loan,60247,12,18.36,92331,Self-Employed,7.9,,  Hyderabad  ,Telangana,Tier 1,4,Y,61-90,1
APP100877,CUST22120,29-01-2024,04/02/2024,  Consumer Durable Loan  ,54694,6,18.98,24318,SALARIED,14.9,668,raipur,Chhattisgarh,Tier 3,3,Y,31-60,0
APP102028,CUST20837,23-04-2024,09/05/2024,  Consumer Durable Loan  ,59295,9,19.41,21420,  Salaried  ,2.6,634,  Coimbatore  ,Tamil Nadu,Tier 2,2,Y,61-90,1
APP100694,CUST21633,19-06-2024,2024-06-19,bnpl,19488,1,4.77,62473,SALARIED,6.9,693,Nagpur,Maharashtra,Tier 2,0,Y,0 (Current),0
APP102041,CUST20357,2024-12-05,2024-12-21,Gold Loan,82831,6,12.86,239849,Salaried,14.5,854,AHMEDABAD,Gujarat,Tier 2,1,Y,0 (Current),0
APP102196,CUST22266,06-05-2025,2025-05-15,Gold Loan,28120,12,12.72,,SALARIED,4.5,689,  Chennai  ,Tamil Nadu,Tier 1,2,Y,0 (Current),0
APP102312,CUST22226,11/07/2024,2024-07-19,Two-Wheeler Loan,149205,24,12.36,60927,salaried,17.7,767,Delhi,Delhi,Tier 1,0,Y,0 (Current),0
APP100024,CUST21939,02/07/2025,17-07-2025,Personal Loan,181807,24,15.21,43036,salaried,12.7,655,JAIPUR,Rajasthan,Tier 2,0,Y,0 (Current),0
APP101500,CUST21364,2024-12-01,03/12/2024,BNPL,14604,3,15.44,23551,Self-Employed,13.7,715,Jaipur,Rajasthan,Tier 2,2,N,0 (Current),0
APP101281,CUST21393,06-10-2024,2024-10-14,bnpl,14777,3,7.82,57978,Self-Employed,9.6,630,Chennai,Tamil Nadu,Tier 1,0,Y,0 (Current),0
APP100948,CUST20191,24-12-2024,2024-12-25,Gold Loan,53303,6,11.73,70837,self-employed,11.1,,Guwahati,Assam,Tier 3,3,N,90+,1
APP100778,CUST20129,02/11/2024,2024-11-02,Two-Wheeler Loan,118726,36,13.75,79299,salaried,7.2,668,  Ahmedabad  ,Gujarat,Tier 2,2,Y,0 (Current),0
APP101335,CUST20164,02 Feb 2024,12-02-2024,BNPL,14758,3,10.35,42499,Salaried,5.6,707,Jaipur,Rajasthan,Tier 2,1,Y,0 (Current),0
APP100339,CUST20625,13/08/2025,27 Aug 2025,Two-Wheeler Loan,144514,12,13.49,106203,SELF-EMPLOYED,15.7,,Jaipur,Rajasthan,Tier 2,0,N,0 (Current),0
APP101196,CUST20162,02 Jul 2025,14 Jul 2025,BNPL,8484,6,17.87,45972,  Salaried  ,2.4,633,Patna,Bihar,Tier 3,3,Y,0 (Current),0
APP101165,CUST21552,2025-07-04,08/07/2025,personal loan,358884,48,17.9,"INR 48,928",SELF-EMPLOYED,14.5,670,coimbatore,Tamil Nadu,Tier 2,0,Y,90+,1
APP102404,CUST22336,21/12/2025,21-12-2025,  Gold Loan  ,20688,12,11.82,41425,Salaried,6.8,633,Nagpur,Maharashtra,Tier 2,1,Y,0 (Current),0
APP100207,CUST20832,26 Jan 2024,28 Jan 2024,Personal Loan,411151,36,18.87,,self-employed,7.0,662,  Delhi  ,Delhi,Tier 1,0,N,0 (Current),0
APP100146,CUST20680,2024-08-12,19/08/2024,gold loan,146843,6,12.44,"INR 17,608",Salaried,,627,COIMBATORE,Tamil Nadu,Tier 2,1,Y,0 (Current),0
APP102474,CUST20835,2024-04-17,24-04-2024,Gold Loan,145710,12,11.43,63150,Salaried,16.2,764,Bangalore,Karnataka,Tier 1,2,Y,1-30,0
APP100340,CUST21643,29-11-2025,2025-11-30,BNPL,12277,3,1.5,67302,SALARIED,6.6,720,pune,Maharashtra,Tier 1,1,Y,61-90,1
APP102570,CUST21961,29/09/2024,15/10/2024,BNPL,4172,6,7.24,41246,SALARIED,15.6,742,Delhi,Delhi,Tier 1,4,N,1-30,0
APP102076,CUST20422,17-08-2024,2024-08-25,Two-Wheeler Loan,57235,18,11.22,74114,Self-Employed,11.5,778,PATNA,Bihar,Tier 3,0,N,90+,1
APP101709,CUST21044,18 Jul 2024,07-08-2024,Gold Loan,51861,9,13.21,"INR 113,120",Salaried,6.6,786,INDORE,Madhya Pradesh,Tier 2,1,Y,0 (Current),0
APP101471,CUST22308,2025-01-22,07 Feb 2025,Consumer Durable Loan,77127,6,17.55,75737,Self-Employed,15.1,657,ahmedabad,Gujarat,Tier 2,1,N,1-30,0
APP101729,CUST20070,16-08-2024,2024-08-31,Personal Loan,451008,12,18.99,116419,Salaried,5.3,730,MUMBAI,Maharashtra,Tier 1,2,Y,0 (Current),0
APP101880,CUST22171,2024-05-21,23/05/2024,CONSUMER DURABLE LOAN,40200,3,18.3,"77,811",salaried,3.1,722,Indore,Madhya Pradesh,Tier 2,0,Y,61-90,1
APP101013,CUST20425,09 Aug 2025,2025-08-21,CONSUMER DURABLE LOAN,23183,12,20.86,163828,self-employed,4.2,731,chennai,Tamil Nadu,Tier 1,1,Y,0 (Current),0
APP102235,CUST20496,31-12-2025,31/12/2025,consumer durable loan,74490,3,15.55,"67,343",SALARIED,12.9,738,Bangalore,Karnataka,Tier 1,0,Y,1-30,0
APP101355,CUST20577,2025-11-11,25 Nov 2025,Two-Wheeler Loan,117268,18,11.08,62381,SALARIED,9.8,686,INDORE,Madhya Pradesh,Tier 2,1,Y,0 (Current),0
APP100960,CUST21827,2025-01-18,26/01/2025,bnpl,20434,6,10.25,79567,Self-Employed,1.5,668,Jaipur,Rajasthan,Tier 2,0,Y,0 (Current),0
APP102118,CUST21469,06-03-2024,10-03-2024,Personal Loan,245562,60,20.53,"207,963",salaried,4.7,704,Bangalore,Karnataka,Tier 1,4,Y,90+,1
APP101987,CUST21567,18 May 2024,20/05/2024,BNPL,10889,6,3.23,"INR 47,203",Self-Employed,5.4,715,Chennai,Tamil Nadu,Tier 1,0,Y,0 (Current),0
APP101637,CUST21210,15 Sep 2025,2025-09-28,BNPL,7231,1,13.6,130279,salaried,14.2,747,Hyderabad,Telangana,Tier 1,0,Y,0 (Current),0
APP100586,CUST20120,2025-10-17,21/10/2025,Consumer Durable Loan,30438,3,19.6,"INR 26,118",self-employed,3.9,591,chennai,Tamil Nadu,Tier 1,2,Y,90+,1
APP102496,CUST21573,29-01-2025,2025-02-09,two-wheeler loan,134353,24,13.32,"65,662",Salaried,0.2,740,  Pune  ,Maharashtra,Tier 1,2,Y,1-30,0
APP100326,CUST22151,03/10/2024,09/10/2024,personal loan,174894,36,14.39,"89,064",Self-Employed,3.1,764,Bangalore,Karnataka,Tier 1,0,Y,0 (Current),0
APP100942,CUST20322,29-09-2025,2025-10-08,Two-Wheeler Loan,130933,12,13.44,242640,salaried,9.7,738,Hyderabad,Telangana,Tier 1,1,Y,0 (Current),0
APP100475,CUST21537,13-11-2025,2025-11-13,BNPL,10571,6,3.47,102821,SALARIED,6.2,743,Chennai,Tamil Nadu,Tier 1,1,Y,1-30,0
APP101655,CUST22059,12 Jan 2025,23 Jan 2025,TWO-WHEELER LOAN,134803,18,13.94,81187,Salaried,0.3,761,Ahmedabad,Gujarat,Tier 2,2,N,0 (Current),0
APP102320,CUST20945,2025-09-06,2025-09-10,Personal Loan,435497,60,17.12,31362,self-employed,6.3,634,Hyderabad,Telangana,Tier 1,0,Y,0 (Current),0
APP102027,CUST20873,09/11/2025,22-11-2025,Two-Wheeler Loan,69126,24,13.84,60998,self-employed,13.4,,Chennai,Tamil Nadu,Tier 1,1,Y,90+,1
APP101562,CUST22094,2025-11-19,29/11/2025,BNPL,4391,1,13.3,"INR 108,213",Salaried,12.8,708,mumbai,Maharashtra,Tier 1,0,N,0 (Current),0
APP100187,CUST21982,16-09-2025,2025-09-19,Consumer Durable Loan,76864,9,21.34,"INR 60,240",  Self-Employed  ,11.0,664,Nagpur,Maharashtra,Tier 2,2,Y,0 (Current),0
APP100456,CUST20918,21/12/2024,,Two-Wheeler Loan,48474,18,11.11,46744,Salaried,7.9,653,Pune,Maharashtra,Tier 1,1,Y,0 (Current),0
APP102026,CUST20494,08-12-2024,25/12/2024,Two-Wheeler Loan,144451,36,15.51,160644,Self-Employed,11.8,730,Agra,Uttar Pradesh,Tier 3,1,Y,90+,1
APP101361,CUST21720,20/03/2025,27/03/2025,Gold Loan,78340,12,11.31,60539,Salaried,5.2,701,nagpur,Maharashtra,Tier 2,4,Y,0 (Current),0
APP100433,CUST21530,06 May 2025,2025-05-07,personal loan,162711,60,19.03,37531,salaried,10.1,698,mumbai,Maharashtra,Tier 1,0,Y,0 (Current),0
APP100240,CUST20224,30/08/2024,11-09-2024,Two-Wheeler Loan,131831,24,15.52,90708,salaried,6.9,737,  Indore  ,Madhya Pradesh,Tier 2,2,Y,0 (Current),0
APP100464,CUST21732,13 Jul 2024,2024-08-02,Gold Loan,55732,9,12.26,"61,266",Self-Employed,15.8,723,  Indore  ,Madhya Pradesh,Tier 2,1,Y,0 (Current),0
APP101945,CUST21346,2025-07-01,2025-07-10,Two-Wheeler Loan,73649,18,12.9,"26,334",self-employed,11.2,684,Mumbai,Maharashtra,Tier 1,0,Y,90+,1
APP102212,CUST21470,27/08/2025,,Gold Loan,142168,12,13.17,"INR 40,127",SALARIED,17.1,682,guwahati,Assam,Tier 3,1,N,0 (Current),0
APP102486,CUST21415,12-06-2024,25 Jun 2024,Two-Wheeler Loan,93495,18,14.76,"INR 55,251",SELF-EMPLOYED,0.9,625,  Nagpur  ,Maharashtra,Tier 2,3,Y,0 (Current),0
APP102012,CUST20067,14 Jul 2025,2025-07-23,consumer durable loan,49872,9,21.3,"61,219",salaried,15.3,,indore,Madhya Pradesh,Tier 2,1,Y,31-60,0
APP101284,CUST20634,06 May 2025,14/05/2025,Consumer Durable Loan,14734,3,18.94,20637,Self-Employed,14.9,675,Chennai,Tamil Nadu,Tier 1,2,Y,0 (Current),0
APP101340,CUST21989,2024-11-25,11 Dec 2024,Two-Wheeler Loan,118192,36,14.45,74706,Self-Employed,14.3,745,Jaipur,Rajasthan,Tier 2,2,Y,0 (Current),0
APP102037,CUST21266,2025-05-22,2025-06-06,Personal Loan,129414,36,16.48,"INR 23,781",SALARIED,13.7,648,Chennai,Tamil Nadu,Tier 1,2,Y,0 (Current),0
APP101130,CUST20391,20 Oct 2024,08/11/2024,bnpl,9204,1,11.44,21413,SELF-EMPLOYED,4.6,606,INDORE,Madhya Pradesh,Tier 2,0,Y,90+,1
APP101082,CUST21882,29 Oct 2025,30-10-2025,BNPL,23696,3,17.27,17435,Self-Employed,7.1,616,DELHI,Delhi,Tier 1,1,N,0 (Current),0
APP100916,CUST20661,01/07/2025,01 Jul 2025,BNPL,13001,3,6.41,23033,  Salaried  ,5.0,660,  Jodhpur  ,Rajasthan,Tier 3,2,Y,31-60,0
APP100859,CUST22261,2025-05-25,2025-05-25,Gold Loan,100735,12,10.14,25672,salaried,,,MUMBAI,Maharashtra,Tier 1,0,Y,0 (Current),0
APP100105,CUST20637,2025-12-22,27/12/2025,bnpl,8803,3,5.55,"INR 35,291",salaried,9.6,682,Delhi,Delhi,Tier 1,0,Y,0 (Current),0
APP101383,CUST21812,29/12/2025,29 Dec 2025,TWO-WHEELER LOAN,112491,36,14.35,95692,Salaried,12.9,,  Delhi  ,Delhi,Tier 1,0,Y,0 (Current),0
APP102241,CUST20267,17/11/2024,2024-11-28,CONSUMER DURABLE LOAN,68429,3,20.59,"INR 46,167",  Salaried  ,13.4,740,CHENNAI,Tamil Nadu,Tier 1,1,Y,0 (Current),0
APP101357,CUST21173,25 Jun 2025,09 Jul 2025,BNPL,11236,6,4.44,31304,self-employed,17.9,749,Chennai,Tamil Nadu,Tier 1,0,Y,0 (Current),0
APP101148,CUST20349,18-05-2025,2025-06-03,Personal Loan,426847,48,23.22,151262,  Self-Employed  ,2.9,,Lucknow,Uttar Pradesh,Tier 2,3,Y,0 (Current),0
APP101121,CUST22261,2025-05-28,11/06/2025,BNPL,2977,3,0.21,43479,salaried,5.0,637,ranchi,Jharkhand,Tier 3,0,Y,61-90,1
APP100395,CUST21445,08-08-2024,,Two-Wheeler Loan,60577,36,15.3,66461,SALARIED,3.8,,Coimbatore,Tamil Nadu,Tier 2,3,Y,0 (Current),0
APP100998,CUST20733,15-03-2024,25 Mar 2024,Consumer Durable Loan,68114,6,13.49,"INR 91,614",salaried,10.3,744,Delhi,Delhi,Tier 1,0,N,0 (Current),0
APP101807,CUST21265,26/02/2024,,Personal Loan,458971,24,23.17,"28,542",  Salaried  ,15.5,738,chennai,Tamil Nadu,Tier 1,1,Y,1-30,0
APP101957,CUST21270,24/01/2025,06 Feb 2025,Gold Loan,126218,12,10.24,48279,  Salaried  ,16.3,783,Ahmedabad,Gujarat,Tier 2,0,Y,1-30,0
APP101116,CUST21687,25-07-2025,05 Aug 2025,TWO-WHEELER LOAN,124149,24,14.05,"INR 20,379",self-employed,8.7,587,JAIPUR,Rajasthan,Tier 2,0,Y,31-60,0
APP101453,CUST21123,06/10/2024,14 Oct 2024,BNPL,10410,6,15.17,177859,Self-Employed,7.5,744,PATNA,Bihar,Tier 3,1,N,90+,1
APP101004,CUST21721,2025-10-05,16 Oct 2025,  Two-Wheeler Loan  ,46516,36,14.02,52273,self-employed,0.5,,  Chennai  ,Tamil Nadu,Tier 1,4,Y,0 (Current),0
APP100285,CUST20040,06 Jun 2024,25 Jun 2024,gold loan,72870,12,11.65,56622,Salaried,7.5,710,Ahmedabad,Gujarat,Tier 2,2,Y,31-60,0
APP100547,CUST21730,2024-02-01,21 Feb 2024,BNPL,13065,1,0.6,"63,040",Self-Employed,12.3,717,Nagpur,Maharashtra,Tier 2,2,N,90+,1
APP101694,CUST21126,30 Oct 2024,05 Nov 2024,Consumer Durable Loan,67023,3,19.64,"INR 55,598",self-employed,1.9,667,RAIPUR,Chhattisgarh,Tier 3,0,Y,1-30,0
APP102066,CUST22040,28 Sep 2024,01-10-2024,  Personal Loan  ,349309,24,15.98,"INR 32,157",Salaried,9.5,647,Patna,Bihar,Tier 3,4,Y,90+,1
APP100923,CUST20386,11-01-2025,25-01-2025,Gold Loan,92449,9,10.12,20079,Salaried,3.0,647,agra,Uttar Pradesh,Tier 3,2,Y,90+,1
APP101131,CUST20502,29/07/2024,17 Aug 2024,BNPL,7394,6,7.78,34404,Self-Employed,14.1,667,Indore,Madhya Pradesh,Tier 2,0,N,0 (Current),0
APP101505,CUST20412,25 Aug 2024,29-08-2024,Personal Loan,240262,12,19.99,72618,Salaried,9.1,724,lucknow,Uttar Pradesh,Tier 2,3,Y,1-30,0
APP101362,CUST21795,20 Aug 2025,07-09-2025,Consumer Durable Loan,72792,12,18.14,125612,Self-Employed,11.1,749,DELHI,Delhi,Tier 1,0,Y,1-30,0
APP100659,CUST21814,12-05-2024,13 May 2024,PERSONAL LOAN,240626,48,20.91,"74,283",Salaried,10.9,758,Bangalore,Karnataka,Tier 1,0,Y,0 (Current),0
APP100182,CUST21615,08-09-2024,2024-09-25,gold loan,25047,12,9.94,113916,salaried,11.5,761,  Lucknow  ,Uttar Pradesh,Tier 2,1,Y,0 (Current),0
APP100201,CUST20968,14-10-2025,15-10-2025,PERSONAL LOAN,480819,24,22.38,77169,salaried,1.5,738,Ahmedabad,Gujarat,Tier 2,1,Y,0 (Current),0
APP102121,CUST20978,2024-11-23,07-12-2024,two-wheeler loan,55020,36,14.27,"INR 38,952",Salaried,14.4,716,Coimbatore,Tamil Nadu,Tier 2,3,Y,1-30,0
APP102434,CUST20425,14/11/2024,20 Nov 2024,Consumer Durable Loan,32639,9,17.08,36934,self-employed,11.6,,coimbatore,Tamil Nadu,Tier 2,1,N,90+,1
APP100303,CUST22110,2024-12-22,2024-12-25,Personal Loan,473392,36,20.78,35558,Salaried,6.5,,  Pune  ,Maharashtra,Tier 1,2,Y,1-30,0
APP100297,CUST21054,18-01-2025,29 Jan 2025,Personal Loan,121647,48,15.96,34281,SALARIED,10.9,690,Hyderabad,Telangana,Tier 1,3,Y,1-30,0
APP101255,CUST20780,24 Nov 2025,2025-12-13,Gold Loan,143757,9,11.77,"INR 21,050",Salaried,12.9,701,LUCKNOW,Uttar Pradesh,Tier 2,0,Y,0 (Current),0
APP100161,CUST21112,10 Feb 2025,25-02-2025,PERSONAL LOAN,497853,12,15.25,"92,114",SELF-EMPLOYED,8.1,736,agra,Uttar Pradesh,Tier 3,2,Y,90+,1
APP101838,CUST22017,05-10-2024,11/10/2024,PERSONAL LOAN,147706,36,23.51,55595,salaried,4.1,681,Delhi,Delhi,Tier 1,1,Y,0 (Current),0
APP102346,CUST20121,05-05-2024,,Personal Loan,325706,36,18.99,234900,self-employed,3.2,744,Delhi,Delhi,Tier 1,1,Y,31-60,0
APP102099,CUST22194,22-04-2025,06/05/2025,BNPL,24564,6,0.41,"INR 102,769",Salaried,14.9,722,CHENNAI,Tamil Nadu,Tier 1,0,Y,0 (Current),0
APP102362,CUST20915,2024-01-03,18 Jan 2024,Consumer Durable Loan,69878,9,19.71,,Salaried,8.2,759,coimbatore,Tamil Nadu,Tier 2,1,Y,0 (Current),0
APP101181,CUST22306,09-11-2025,28-11-2025,  BNPL  ,5936,1,6.63,"INR 227,143",  Salaried  ,0.7,767,Indore,Madhya Pradesh,Tier 2,2,Y,0 (Current),0
APP101758,CUST21314,21 Jul 2024,2024-07-27,BNPL,10032,6,14.67,82665,SELF-EMPLOYED,8.3,738,Lucknow,Uttar Pradesh,Tier 2,1,N,0 (Current),0
APP100099,CUST21480,2025-02-11,24/02/2025,PERSONAL LOAN,296947,12,14.17,24312,Salaried,9.8,681,jodhpur,Rajasthan,Tier 3,0,Y,0 (Current),0
APP102340,CUST21327,27 Feb 2024,28 Feb 2024,Personal Loan,74475,48,15.55,244154,SALARIED,16.9,777,  Patna  ,Bihar,Tier 3,0,Y,0 (Current),0
APP100620,CUST21313,23/08/2025,11 Sep 2025,Two-Wheeler Loan,73483,36,15.02,"INR 49,820",  Salaried  ,17.3,765,BANGALORE,Karnataka,Tier 1,1,Y,0 (Current),0
APP101023,CUST20360,26-12-2025,27/12/2025,Personal Loan,497581,36,20.66,24110,  Salaried  ,11.8,611,Ranchi,Jharkhand,Tier 3,0,Y,1-30,0
APP101438,CUST21495,16/01/2024,30 Jan 2024,Two-Wheeler Loan,54840,36,13.18,"83,270",Salaried,11.8,776,Delhi,Delhi,Tier 1,1,Y,0 (Current),0
APP102348,CUST21046,2024-05-17,2024-05-20,BNPL,6194,1,17.23,38093,Self-Employed,6.1,707,Pune,Maharashtra,Tier 1,2,Y,90+,1
APP101866,CUST21141,27 Jun 2024,,BNPL,23505,6,15.45,"17,756",  Salaried  ,4.3,622,Ranchi,Jharkhand,Tier 3,0,Y,0 (Current),0
APP100056,CUST20510,10-03-2025,15/03/2025,BNPL,18259,6,8.96,40513,Self-Employed,7.0,611,patna,Bihar,Tier 3,3,Y,90+,1
APP100343,CUST21431,11 Nov 2025,2025-11-21,  Consumer Durable Loan  ,59005,3,18.05,"INR 50,428",Self-Employed,12.5,730,Guwahati,Assam,Tier 3,2,Y,1-30,0
APP100358,CUST20770,30 Jan 2024,2024-02-02,CONSUMER DURABLE LOAN,22047,3,15.17,"33,383",Self-Employed,1.8,685,MUMBAI,Maharashtra,Tier 1,3,N,0 (Current),0
APP101026,CUST20985,04 Nov 2024,24-11-2024,BNPL,12257,1,16.33,43602,SALARIED,15.5,656,PUNE,Maharashtra,Tier 1,1,Y,0 (Current),0
APP101638,CUST20896,16/09/2024,16 Sep 2024,Consumer Durable Loan,38482,12,14.74,22543,Self-Employed,5.3,677,JAIPUR,Rajasthan,Tier 2,3,N,31-60,0
APP100922,CUST21757,2024-06-24,27-06-2024,  Gold Loan  ,147745,6,12.33,49460,SALARIED,11.8,795,Pune,Maharashtra,Tier 1,0,Y,0 (Current),0
APP102073,CUST22105,09 Jan 2024,13/01/2024,Personal Loan,392332,48,21.29,"16,481",Salaried,17.2,626,Mumbai,Maharashtra,Tier 1,0,Y,0 (Current),0
APP100302,CUST21760,12-04-2025,16/04/2025,Gold Loan,69602,12,9.73,"INR 58,260",self-employed,16.9,689,Chennai,Tamil Nadu,Tier 1,1,Y,0 (Current),0
APP101488,CUST20082,2025-05-22,23 May 2025,BNPL,23521,1,2.34,138896,  Self-Employed  ,7.3,780,Lucknow,Uttar Pradesh,Tier 2,0,N,0 (Current),0
APP101921,CUST20356,10-09-2024,2024-09-18,BNPL,6462,3,15.08,85999,SALARIED,,685,  Mumbai  ,Maharashtra,Tier 1,2,Y,0 (Current),0
APP100813,CUST21700,28 Apr 2025,04 May 2025,CONSUMER DURABLE LOAN,50610,3,14.39,"INR 82,331",Self-Employed,7.5,801,Patna,Bihar,Tier 3,0,Y,0 (Current),0
APP102488,CUST20656,07/08/2024,21 Aug 2024,consumer durable loan,15518,9,17.91,"INR 51,930",SELF-EMPLOYED,12.5,709,chennai,Tamil Nadu,Tier 1,2,Y,61-90,1
APP100992,CUST21895,09-06-2024,16/06/2024,BNPL,12072,1,16.1,21166,Salaried,2.0,692,Ahmedabad,Gujarat,Tier 2,3,Y,0 (Current),0
APP102506,CUST22228,2025-04-03,2025-04-04,PERSONAL LOAN,385313,48,17.46,"INR 31,347",Self-Employed,8.4,688,Bangalore,Karnataka,Tier 1,0,Y,0 (Current),0
APP100142,CUST21235,2025-07-12,01-08-2025,PERSONAL LOAN,131958,60,16.2,39342,salaried,14.8,711,lucknow,Uttar Pradesh,Tier 2,2,Y,0 (Current),0
APP100148,CUST20485,06 Oct 2025,11-10-2025,Personal Loan,134539,48,14.22,32902,Self-Employed,8.6,653,Indore,Madhya Pradesh,Tier 2,0,Y,1-30,0
APP100546,CUST20554,22 Sep 2024,2024-09-27,BNPL,19814,0,4.35,"INR 15,679",Self-Employed,0.9,578,  Mumbai  ,Maharashtra,Tier 1,1,Y,90+,1
APP101283,CUST21415,04/12/2024,17 Dec 2024,Consumer Durable Loan,39510,9,14.42,19936,Self-Employed,4.2,614,Jaipur,Rajasthan,Tier 2,2,Y,90+,1
APP101109,CUST20094,06-01-2025,2025-01-19,  Gold Loan  ,121390,12,13.05,30055,salaried,5.5,655,Coimbatore,Tamil Nadu,Tier 2,1,Y,0 (Current),0
APP101045,CUST20996,2025-01-04,07-01-2025,BNPL,3204,1,7.4,"39,755",Self-Employed,0.8,,  Nagpur  ,Maharashtra,Tier 2,1,Y,0 (Current),0
APP100116,CUST21951,20 Jun 2024,2024-07-03,BNPL,24201,6,2.65,"INR 26,138",Salaried,16.2,713,Chennai,Tamil Nadu,Tier 1,3,Y,0 (Current),0
APP100693,CUST21688,2024-09-18,27/09/2024,TWO-WHEELER LOAN,103495,12,13.81,"159,914",salaried,7.9,718,pune,Maharashtra,Tier 1,0,Y,0 (Current),0
APP101170,CUST21759,05-05-2025,12-05-2025,Two-Wheeler Loan,65393,12,12.56,"INR 19,750",Salaried,16.3,610,Delhi,Delhi,Tier 1,3,Y,0 (Current),0
APP102333,CUST20788,2024-05-07,26-05-2024,personal loan,451042,48,15.08,38333,Self-Employed,8.1,635,Agra,Uttar Pradesh,Tier 3,0,Y,90+,1
APP101623,CUST21079,17/03/2024,2024-03-18,gold loan,85392,6,13.29,,Self-Employed,4.6,,Delhi,Delhi,Tier 1,2,Y,0 (Current),0
APP100809,CUST20851,21/12/2025,31/12/2025,gold loan,147842,12,10.53,,Salaried,2.3,652,Delhi,Delhi,Tier 1,0,Y,0 (Current),0
APP101608,CUST20160,02 Sep 2024,04 Sep 2024,Gold Loan,37441,6,10.31,35113,Self-Employed,14.2,623,Indore,Madhya Pradesh,Tier 2,0,N,90+,1
APP100039,CUST20088,28-05-2024,31/05/2024,Two-Wheeler Loan,116858,18,15.07,"23,937",self-employed,14.9,,Mumbai,Maharashtra,Tier 1,2,Y,0 (Current),0
APP102437,CUST20266,16 May 2025,05 Jun 2025,CONSUMER DURABLE LOAN,36797,3,13.18,"37,557",Salaried,5.0,612,Agra,Uttar Pradesh,Tier 3,3,N,0 (Current),0
APP102003,CUST21978,2025-05-21,21-05-2025,two-wheeler loan,82824,24,15.5,76959,Salaried,1.0,770,Hyderabad,Telangana,Tier 1,0,Y,0 (Current),0
APP101702,CUST20894,09/08/2024,20-08-2024,Personal Loan,160165,24,20.18,50259,Salaried,9.4,737,Ahmedabad,Gujarat,Tier 2,4,Y,1-30,0
APP101746,CUST21518,2025-04-21,04/05/2025,Personal Loan,232080,12,20.77,"20,209",Salaried,3.3,564,Bangalore,Karnataka,Tier 1,0,Y,0 (Current),0
APP102054,CUST21145,15-08-2025,2025-08-23,Gold Loan,88415,12,10.2,"98,805",Self-Employed,4.6,705,Nagpur,Maharashtra,Tier 2,0,Y,90+,1
APP101465,CUST22265,23-10-2024,23/10/2024,Personal Loan,376296,12,22.77,70385,salaried,13.0,713,ahmedabad,Gujarat,Tier 2,0,Y,90+,1
APP102094,CUST22259,23/01/2024,2024-01-23,Personal Loan,495508,12,14.57,56924,Salaried,14.7,713,Hyderabad,Telangana,Tier 1,2,Y,0 (Current),0
APP101079,CUST20476,15-06-2024,,Gold Loan,85863,6,13.48,17710,salaried,15.9,697,Coimbatore,Tamil Nadu,Tier 2,3,Y,31-60,0
APP102189,CUST22095,29 Nov 2024,2024-12-19,  BNPL  ,2650,3,4.07,22477,SALARIED,9.0,653,PUNE,Maharashtra,Tier 1,1,Y,90+,1
APP101268,CUST21571,06-10-2024,,Consumer Durable Loan,60589,9,13.58,"INR 24,773",salaried,0.5,654,  Jaipur  ,Rajasthan,Tier 2,2,Y,0 (Current),0
APP100472,CUST21243,12-09-2024,2024-09-26,BNPL,15424,1,10.11,"INR 60,146",  Self-Employed  ,2.1,667,Delhi,Delhi,Tier 1,1,Y,0 (Current),0
APP100581,CUST21812,20 Sep 2025,09/10/2025,CONSUMER DURABLE LOAN,44649,9,19.6,84059,SALARIED,,709,chennai,Tamil Nadu,Tier 1,3,Y,0 (Current),0
APP101142,CUST21202,19/05/2025,30/05/2025,Personal Loan,310143,12,15.68,240037,salaried,15.4,780,Patna,Bihar,Tier 3,0,Y,1-30,0
APP101497,CUST20052,26-10-2025,,  BNPL  ,19307,1,11.43,"INR 94,421",Salaried,10.7,769,  Chennai  ,Tamil Nadu,Tier 1,0,Y,0 (Current),0
APP100434,CUST21514,29/07/2025,16-08-2025,CONSUMER DURABLE LOAN,62234,6,20.87,40462,Salaried,13.5,675,Pune,Maharashtra,Tier 1,1,Y,90+,1
APP101540,CUST21836,27-06-2024,06/07/2024,  Two-Wheeler Loan  ,72123,36,13.95,53975,Salaried,6.3,714,Indore,Madhya Pradesh,Tier 2,2,Y,90+,1
APP101439,CUST21987,08/01/2025,19-01-2025,BNPL,5636,3,0.61,31267,Self-Employed,8.7,693,Mumbai,Maharashtra,Tier 1,1,Y,0 (Current),0
APP101393,CUST21738,16 Mar 2025,01/04/2025,BNPL,10273,3,1.58,"39,019",SELF-EMPLOYED,4.8,645,Mumbai,Maharashtra,Tier 1,0,Y,31-60,0
APP101986,CUST21657,24/04/2024,,bnpl,3260,3,3.76,,Salaried,12.5,732,Coimbatore,Tamil Nadu,Tier 2,2,Y,0 (Current),0
APP100295,CUST21018,2024-07-28,14-08-2024,  Consumer Durable Loan  ,65981,3,13.58,52290,SALARIED,6.9,602,Patna,Bihar,Tier 3,0,Y,90+,1
APP100834,CUST21298,23 Feb 2024,2024-02-24,CONSUMER DURABLE LOAN,65778,12,18.86,"INR 15,132",SALARIED,10.5,,bangalore,Karnataka,Tier 1,1,Y,0 (Current),0
APP101603,CUST21160,15/02/2024,2024-03-01,personal loan,157759,12,18.65,58490,SALARIED,8.9,642,Lucknow,Uttar Pradesh,Tier 2,0,Y,0 (Current),0
APP101944,CUST20969,06/08/2024,24/08/2024,Personal Loan,472782,48,19.44,24228,self-employed,13.1,644,bangalore,Karnataka,Tier 1,3,Y,0 (Current),0
APP101427,CUST20962,09/08/2025,11/08/2025,BNPL,3994,6,16.02,,salaried,7.5,635,BANGALORE,Karnataka,Tier 1,3,Y,0 (Current),0
APP100093,CUST21428,25-12-2024,2025-01-03,Two-Wheeler Loan,85957,36,11.83,14095,Self-Employed,14.6,660,RANCHI,Jharkhand,Tier 3,0,N,0 (Current),0
APP100987,CUST20653,10/03/2024,22-03-2024,Consumer Durable Loan,56047,9,13.6,45119,  Salaried  ,16.0,723,nagpur,Maharashtra,Tier 2,0,Y,61-90,1
APP101406,CUST21536,01 Aug 2024,06-08-2024,Consumer Durable Loan,12062,3,20.98,53672,Salaried,0.9,708,indore,Madhya Pradesh,Tier 2,2,Y,0 (Current),0
APP100229,CUST20440,11/02/2024,23 Feb 2024,consumer durable loan,49193,3,17.19,37440,Salaried,9.3,631,Delhi,Delhi,Tier 1,1,Y,90+,1
APP102511,CUST20863,18 May 2025,,Consumer Durable Loan,34584,6,19.23,70773,  Self-Employed  ,0.1,729,Delhi,Delhi,Tier 1,0,N,0 (Current),0
APP101624,CUST20526,17-03-2024,2024-03-25,Gold Loan,140947,12,12.44,"226,505",  Salaried  ,0.7,780,Chennai,Tamil Nadu,Tier 1,1,Y,0 (Current),0
APP102219,CUST21329,30/04/2025,13/05/2025,BNPL,8227,1,4.69,58554,Self-Employed,13.6,702,Bangalore,Karnataka,Tier 1,2,N,1-30,0
APP100891,CUST22109,15/09/2025,03-10-2025,BNPL,12645,1,3.37,"INR 51,381",  Salaried  ,7.1,767,Mumbai,Maharashtra,Tier 1,3,Y,90+,1
APP100638,CUST20486,2024-08-14,19/08/2024,Gold Loan,119656,9,9.76,23425,SELF-EMPLOYED,9.1,,  Mumbai  ,Maharashtra,Tier 1,1,Y,0 (Current),0
APP101334,CUST21627,17 Sep 2024,2024-09-26,Two-Wheeler Loan,101340,18,12.45,56329,Salaried,,727,Mumbai,Maharashtra,Tier 1,3,Y,0 (Current),0
APP101609,CUST20373,2024-05-14,18/05/2024,consumer durable loan,25508,6,14.95,152018,Self-Employed,2.8,,RANCHI,Jharkhand,Tier 3,3,Y,1-30,0
APP101512,CUST21541,25 Jun 2025,27-06-2025,two-wheeler loan,74471,24,11.37,112376,Salaried,11.7,685,MUMBAI,Maharashtra,Tier 1,4,Y,0 (Current),0
APP100666,CUST21265,07-05-2024,25/05/2024,  BNPL  ,24023,6,14.14,"INR 56,786",Self-Employed,3.4,733,Bangalore,Karnataka,Tier 1,1,N,90+,1
APP102315,CUST21624,2025-09-18,18/09/2025,CONSUMER DURABLE LOAN,24739,6,16.54,119875,SALARIED,1.3,,Bangalore,Karnataka,Tier 1,0,Y,0 (Current),0
APP101852,CUST21139,01/03/2024,11-03-2024,BNPL,7590,6,16.39,41399,Salaried,8.6,721,NAGPUR,Maharashtra,Tier 2,0,Y,1-30,0
APP102264,CUST21865,2025-07-02,13/07/2025,Two-Wheeler Loan,40864,12,13.61,68852,Salaried,9.2,,RANCHI,Jharkhand,Tier 3,2,Y,90+,1
APP100573,CUST20520,01-11-2024,17/11/2024,personal loan,491326,60,18.33,"22,115",Self-Employed,12.5,623,AGRA,Uttar Pradesh,Tier 3,0,Y,0 (Current),0
APP102391,CUST21491,30 Dec 2024,13/01/2025,Two-Wheeler Loan,140882,36,11.97,17974,  Self-Employed  ,7.7,610,  Delhi  ,Delhi,Tier 1,0,Y,0 (Current),0
APP100469,CUST21229,2025-04-19,2025-05-05,Personal Loan,378466,36,16.08,"INR 71,571",Self-Employed,17.8,640,  Delhi  ,Delhi,Tier 1,1,Y,0 (Current),0
APP100760,CUST22211,28-08-2024,2024-09-10,consumer durable loan,13432,12,17.43,52016,Self-Employed,13.9,697,Coimbatore,Tamil Nadu,Tier 2,1,Y,0 (Current),0
APP102459,CUST22280,2025-09-05,2025-09-05,TWO-WHEELER LOAN,65259,24,11.43,96420,Salaried,0.7,760,  Mumbai  ,Maharashtra,Tier 1,1,Y,0 (Current),0
APP100100,CUST20271,02/05/2024,02/05/2024,CONSUMER DURABLE LOAN,67424,3,15.78,"INR 32,820",Salaried,1.6,682,Chennai,Tamil Nadu,Tier 1,2,Y,90+,1
APP100432,CUST21077,2025-03-03,04 Mar 2025,Gold Loan,128689,12,10.76,,Salaried,5.5,818,ahmedabad,Gujarat,Tier 2,0,Y,61-90,1
APP100577,CUST21384,31 May 2025,11/06/2025,Two-Wheeler Loan,92907,18,15.34,124711,Self-Employed,,757,  Nagpur  ,Maharashtra,Tier 2,2,Y,90+,1
APP102094,CUST22259,23/01/2024,2024-01-23,Personal Loan,495508,12,14.57,56924,Salaried,14.7,713,Hyderabad,Telangana,Tier 1,2,Y,0 (Current),0
APP101580,CUST21440,18/06/2025,25-06-2025,BNPL,8711,3,4.49,"52,061",SALARIED,3.6,719,guwahati,Assam,Tier 3,1,Y,0 (Current),0
APP101695,CUST21236,09/04/2025,20-04-2025,BNPL,5035,6,13.19,68441,SELF-EMPLOYED,8.6,718,delhi,Delhi,Tier 1,3,Y,0 (Current),0
APP101271,CUST20557,2025-05-29,17/06/2025,Two-Wheeler Loan,124453,18,13.66,29875,Salaried,16.5,641,CHENNAI,Tamil Nadu,Tier 1,2,Y,31-60,0
APP100762,CUST20436,23/10/2025,28-10-2025,consumer durable loan,30557,12,14.7,38296,Salaried,15.9,647,Jaipur,Rajasthan,Tier 2,2,Y,61-90,1
APP102420,CUST20723,28 Nov 2025,06 Dec 2025,two-wheeler loan,44882,36,12.21,22134,Self-Employed,11.6,524,Ranchi,Jharkhand,Tier 3,3,Y,0 (Current),0
APP100252,CUST22063,2025-04-10,2025-04-20,CONSUMER DURABLE LOAN,18917,12,20.89,105336,Salaried,3.3,811,Mumbai,Maharashtra,Tier 1,0,Y,0 (Current),0
APP101232,CUST21977,2024-05-22,29 May 2024,Consumer Durable Loan,59630,6,21.87,36291,Salaried,9.2,663,Lucknow,Uttar Pradesh,Tier 2,3,Y,1-30,0
APP102014,CUST21421,2025-07-21,05 Aug 2025,Personal Loan,282513,48,23.79,"INR 55,790",Salaried,1.0,686,indore,Madhya Pradesh,Tier 2,2,Y,0 (Current),0
APP100262,CUST20022,2025-08-09,16/08/2025,  BNPL  ,23807,6,15.2,"INR 215,088",  Self-Employed  ,12.9,741,  Pune  ,Maharashtra,Tier 1,0,Y,0 (Current),0
APP100282,CUST20832,31 Mar 2025,,  Two-Wheeler Loan  ,89034,24,13.75,32163,Salaried,16.0,692,PUNE,Maharashtra,Tier 1,0,Y,0 (Current),0
APP101123,CUST20552,13 Jul 2024,25 Jul 2024,BNPL,4778,1,13.65,170780,salaried,14.5,730,  Guwahati  ,Assam,Tier 3,1,Y,0 (Current),0
APP101765,CUST21273,2024-11-08,2024-11-26,Two-Wheeler Loan,104037,24,11.67,28857,self-employed,10.0,607,Ranchi,Jharkhand,Tier 3,2,N,90+,1
APP101796,CUST21552,17/05/2025,04 Jun 2025,BNPL,21765,6,11.37,"91,350",salaried,8.8,732,Hyderabad,Telangana,Tier 1,0,Y,0 (Current),0
APP102454,CUST20827,13-03-2024,15 Mar 2024,  Personal Loan  ,411360,60,18.51,"INR 76,621",Self-Employed,13.4,797,ranchi,Jharkhand,Tier 3,4,Y,61-90,1
APP100954,CUST21965,26 Nov 2024,15/12/2024,Consumer Durable Loan,18400,6,16.22,112653,salaried,10.3,,Raipur,Chhattisgarh,Tier 3,0,Y,0 (Current),0
APP100211,CUST21716,01-06-2024,06-06-2024,BNPL,19685,6,3.95,"INR 31,501",  Self-Employed  ,11.1,677,Mumbai,Maharashtra,Tier 1,0,N,31-60,0
APP100288,CUST21219,07/04/2024,12-04-2024,Two-Wheeler Loan,96633,36,12.92,86478,salaried,3.2,719,Hyderabad,Telangana,Tier 1,2,Y,31-60,0
APP102400,CUST20588,2025-10-20,04/11/2025,BNPL,6924,3,8.34,"INR 43,270",SALARIED,0.9,589,MUMBAI,Maharashtra,Tier 1,0,Y,0 (Current),0
APP100860,CUST20517,30/01/2024,2024-02-11,two-wheeler loan,82942,24,12.58,"INR 97,414",Salaried,15.7,736,Chennai,Tamil Nadu,Tier 1,0,Y,1-30,0
APP101147,CUST21923,2024-01-24,13 Feb 2024,PERSONAL LOAN,218522,48,22.62,24800,Self-Employed,1.6,601,BANGALORE,Karnataka,Tier 1,1,Y,1-30,0
APP102353,CUST22212,29 Oct 2024,16 Nov 2024,Personal Loan,110568,60,17.7,73958,  Salaried  ,12.9,769,  Hyderabad  ,Telangana,Tier 1,0,N,0 (Current),0
APP101186,CUST21433,11/07/2024,2024-07-31,CONSUMER DURABLE LOAN,26444,12,14.42,130026,Salaried,5.9,696,Bangalore,Karnataka,Tier 1,1,Y,0 (Current),0
APP100156,CUST21286,28-09-2024,17-10-2024,BNPL,8231,3,13.27,92635,Salaried,13.4,722,HYDERABAD,Telangana,Tier 1,0,Y,0 (Current),0
APP101760,CUST22266,15/05/2024,28/05/2024,Gold Loan,48621,9,11.05,118164,Self-Employed,17.2,738,Delhi,Delhi,Tier 1,1,N,0 (Current),0
APP102064,CUST21130,14 May 2024,03 Jun 2024,Personal Loan,84777,48,17.17,"41,724",Salaried,9.0,660,  Delhi  ,Delhi,Tier 1,0,Y,61-90,1
APP102147,CUST20288,07 Apr 2025,2025-04-27,Gold Loan,94275,12,12.07,53775,Self-Employed,9.1,670,LUCKNOW,Uttar Pradesh,Tier 2,0,Y,0 (Current),0
APP101530,CUST22218,18 Aug 2025,,Consumer Durable Loan,70227,12,20.13,"INR 20,608",SELF-EMPLOYED,1.9,661,Bangalore,Karnataka,Tier 1,1,Y,0 (Current),0
APP100110,CUST21359,23-04-2024,04/05/2024,bnpl,12603,1,0.39,29276,SALARIED,3.2,738,Jodhpur,Rajasthan,Tier 3,1,Y,1-30,0
APP102211,CUST21586,02-10-2025,16 Oct 2025,PERSONAL LOAN,213338,12,17.28,"INR 240,592",SALARIED,10.9,778,  Ranchi  ,Jharkhand,Tier 3,0,Y,0 (Current),0
APP100781,CUST21304,2024-10-12,20-10-2024,gold loan,75694,9,11.5,95208,  Salaried  ,6.4,796,delhi,Delhi,Tier 1,1,Y,31-60,0
APP101050,CUST21146,04-03-2024,20-03-2024,Consumer Durable Loan,78972,12,20.1,95681,Salaried,10.1,734,delhi,Delhi,Tier 1,3,Y,0 (Current),0
APP101386,CUST21945,16-10-2025,2025-10-20,personal loan,445000,36,16.91,"165,862",Salaried,8.1,727,Ahmedabad,Gujarat,Tier 2,2,Y,0 (Current),0
APP101982,CUST20285,09/06/2025,12-06-2025,BNPL,15019,6,7.54,66291,Salaried,5.2,636,  Jaipur  ,Rajasthan,Tier 2,3,Y,90+,1
APP100208,CUST20868,25-09-2025,29/09/2025,Gold Loan,50537,6,9.65,"INR 63,295",Self-Employed,9.7,,Patna,Bihar,Tier 3,0,Y,90+,1
APP100220,CUST21299,23/11/2024,10 Dec 2024,Consumer Durable Loan,11266,12,21.38,22347,Salaried,2.9,648,Raipur,Chhattisgarh,Tier 3,2,Y,61-90,1
APP101071,CUST20426,15/09/2025,23 Sep 2025,  Consumer Durable Loan  ,45419,12,20.83,147441,SELF-EMPLOYED,14.2,716,Pune,Maharashtra,Tier 1,2,Y,61-90,1
APP100323,CUST20003,30/11/2025,2025-12-11,Two-Wheeler Loan,96479,18,12.26,88893,salaried,5.0,704,Mumbai,Maharashtra,Tier 1,0,Y,1-30,0
APP100385,CUST22132,23 Feb 2025,06 Mar 2025,personal loan,452466,36,16.31,43850,Salaried,4.4,626,Pune,Maharashtra,Tier 1,2,Y,0 (Current),0
APP101971,CUST22082,21/11/2025,08-12-2025,Consumer Durable Loan,75534,3,15.12,"INR 22,935",Self-Employed,8.8,675,Jaipur,Rajasthan,Tier 2,4,Y,0 (Current),0
APP102057,CUST21702,2024-01-22,03-02-2024,PERSONAL LOAN,256642,24,14.53,"INR 82,652",Self-Employed,2.0,804,  Chennai  ,Tamil Nadu,Tier 1,1,Y,0 (Current),0
APP102238,CUST22307,2025-12-05,18 Dec 2025,Gold Loan,26733,12,13.49,49287,Salaried,11.5,722,RAIPUR,Chhattisgarh,Tier 3,0,Y,0 (Current),0
APP100627,CUST20766,2024-04-30,04-05-2024,BNPL,20731,3,16.82,27578,Salaried,0.1,738,Hyderabad,Telangana,Tier 1,1,Y,0 (Current),0
APP100925,CUST20719,2024-09-13,19/09/2024,CONSUMER DURABLE LOAN,63499,6,19.98,"151,702",Salaried,12.8,755,Mumbai,Maharashtra,Tier 1,1,Y,0 (Current),0
APP101645,CUST21839,21-05-2025,27-05-2025,BNPL,7937,6,0.88,32762,  Salaried  ,5.4,633,HYDERABAD,Telangana,Tier 1,0,Y,0 (Current),0
APP100310,CUST20707,15/05/2025,02-06-2025,Personal Loan,392462,48,17.67,29409,  Self-Employed  ,11.7,663,Indore,Madhya Pradesh,Tier 2,0,N,1-30,0
APP102325,CUST21624,05 Feb 2025,,bnpl,2428,3,15.06,"INR 49,114",Salaried,16.7,739,Bangalore,Karnataka,Tier 1,0,Y,31-60,0
APP101533,CUST22242,14-03-2025,2025-03-20,Gold Loan,31370,12,9.91,59138,salaried,6.4,719,Mumbai,Maharashtra,Tier 1,0,Y,0 (Current),0
APP100408,CUST20772,2025-10-08,26 Oct 2025,personal loan,236202,60,17.64,34665,Salaried,7.9,674,Chennai,Tamil Nadu,Tier 1,2,Y,0 (Current),0
APP100642,CUST21870,2024-11-15,22-11-2024,Consumer Durable Loan,32388,3,14.54,111869,salaried,17.7,773,  Chennai  ,Tamil Nadu,Tier 1,2,Y,0 (Current),0
APP101065,CUST20535,26-12-2024,2024-12-29,Consumer Durable Loan,31102,12,13.61,,Salaried,3.8,711,Pune,Maharashtra,Tier 1,0,Y,1-30,0
APP100481,CUST20245,2025-03-15,25/03/2025,Two-Wheeler Loan,104779,18,13.08,19539,SELF-EMPLOYED,2.5,655,Hyderabad,Telangana,Tier 1,0,Y,0 (Current),0
APP101452,CUST22223,19 Nov 2024,07-12-2024,Gold Loan,24055,6,13.33,105865,  Salaried  ,14.9,751,Nagpur,Maharashtra,Tier 2,0,Y,1-30,0
APP102364,CUST21582,2024-01-04,18/01/2024,Gold Loan,39042,12,12.34,"31,084",Salaried,,667,Mumbai,Maharashtra,Tier 1,2,Y,31-60,0
APP101839,CUST21234,2024-11-14,,BNPL,2577,6,15.85,39168,  Salaried  ,6.6,563,  Delhi  ,Delhi,Tier 1,1,Y,0 (Current),0
APP102161,CUST20358,2024-12-14,29-12-2024,Personal Loan,162616,48,18.72,"INR 201,348",SALARIED,14.6,839,mumbai,Maharashtra,Tier 1,0,Y,0 (Current),0
APP100231,CUST21640,25-05-2025,04-06-2025,Consumer Durable Loan,24015,9,17.4,"INR 54,116",  Self-Employed  ,2.7,700,  Hyderabad  ,Telangana,Tier 1,0,Y,31-60,0
APP102322,CUST20356,2024-04-25,03 May 2024,PERSONAL LOAN,381504,36,17.37,"INR 26,982",SELF-EMPLOYED,6.6,701,INDORE,Madhya Pradesh,Tier 2,0,Y,0 (Current),0
APP100681,CUST20788,04/12/2024,09 Dec 2024,Consumer Durable Loan,47589,12,20.89,"INR 77,784",SELF-EMPLOYED,3.6,743,Jodhpur,Rajasthan,Tier 3,2,Y,90+,1
APP101317,CUST21987,07/09/2024,15-09-2024,gold loan,137958,9,11.01,126767,salaried,11.3,749,Chennai,Tamil Nadu,Tier 1,2,Y,31-60,0
APP101159,CUST21477,03 Sep 2024,2024-09-13,Personal Loan,104116,48,23.06,21246,Self-Employed,12.5,627,bangalore,Karnataka,Tier 1,0,Y,0 (Current),0
APP101627,CUST20897,25 Mar 2024,04 Apr 2024,TWO-WHEELER LOAN,128058,18,14.96,98296,Salaried,3.2,677,Bangalore,Karnataka,Tier 1,1,Y,31-60,0
APP102036,CUST21405,2025-12-05,10 Dec 2025,personal loan,466564,12,23.96,"INR 64,036",Salaried,11.7,668,Nagpur,Maharashtra,Tier 2,1,Y,90+,1
APP100457,CUST20547,16-09-2025,04-10-2025,Consumer Durable Loan,38482,12,14.3,"INR 39,815",Salaried,12.5,624,Raipur,Chhattisgarh,Tier 3,0,N,90+,1
APP100458,CUST20735,14 Nov 2024,2024-11-22,consumer durable loan,58783,12,16.43,20015,Self-Employed,1.7,598,Patna,Bihar,Tier 3,1,Y,90+,1
APP101622,CUST22140,07-03-2024,10 Mar 2024,PERSONAL LOAN,427160,24,23.31,"163,534",Salaried,10.2,790,Bangalore,Karnataka,Tier 1,1,Y,0 (Current),0
APP101324,CUST21189,16 Apr 2024,18-04-2024,BNPL,14398,1,2.93,"INR 55,856",SALARIED,16.4,,  Coimbatore  ,Tamil Nadu,Tier 2,1,Y,0 (Current),0
APP100549,CUST21781,05-05-2024,12/05/2024,personal loan,231063,36,14.89,15800,Salaried,4.7,633,PUNE,Maharashtra,Tier 1,0,Y,0 (Current),0
APP100542,CUST20493,06-10-2025,14 Oct 2025,Consumer Durable Loan,39025,3,13.84,74158,  Salaried  ,3.8,681,Raipur,Chhattisgarh,Tier 3,0,Y,0 (Current),0
APP102095,CUST22095,21 Jun 2025,10-07-2025,Consumer Durable Loan,59181,12,21.74,16268,SELF-EMPLOYED,2.0,627,bangalore,Karnataka,Tier 1,1,Y,0 (Current),0
APP101436,CUST20379,18/02/2025,08 Mar 2025,Consumer Durable Loan,8650,9,16.46,"INR 37,187",  Self-Employed  ,10.4,767,Nagpur,Maharashtra,Tier 2,3,Y,61-90,1
APP100301,CUST21675,03-03-2024,04 Mar 2024,Consumer Durable Loan,44275,3,16.08,"INR 108,544",Self-Employed,5.3,708,pune,Maharashtra,Tier 1,2,N,31-60,0
APP100515,CUST21227,2024-08-20,03 Sep 2024,Gold Loan,78974,12,12.66,26011,SELF-EMPLOYED,14.0,674,hyderabad,Telangana,Tier 1,0,N,0 (Current),0
APP102158,CUST22308,31/03/2025,01-04-2025,consumer durable loan,23568,3,19.52,24275,self-employed,,537,Guwahati,Assam,Tier 3,1,Y,61-90,1
APP100317,CUST22019,19 Dec 2024,2025-01-04,Consumer Durable Loan,77783,3,16.65,"23,621",Self-Employed,2.5,543,Patna,Bihar,Tier 3,2,Y,90+,1
APP102203,CUST21582,04/01/2024,2024-01-16,Two-Wheeler Loan,47698,24,11.85,86883,SALARIED,4.8,673,AHMEDABAD,Gujarat,Tier 2,0,Y,0 (Current),0
APP101088,CUST21047,2024-10-14,27-10-2024,BNPL,2894,1,5.22,"205,481",Self-Employed,8.1,713,  Jodhpur  ,Rajasthan,Tier 3,2,Y,1-30,0
APP101698,CUST22107,24 Jul 2024,31-07-2024,  Two-Wheeler Loan  ,53995,24,12.61,30768,SALARIED,5.3,661,Raipur,Chhattisgarh,Tier 3,2,Y,0 (Current),0
APP101466,CUST20631,03 Jun 2024,2024-06-04,  BNPL  ,10691,3,4.07,"43,989",SELF-EMPLOYED,10.3,688,AHMEDABAD,Gujarat,Tier 2,1,N,0 (Current),0
APP101558,CUST21579,11/07/2024,15-07-2024,Consumer Durable Loan,13168,3,21.35,"36,630",salaried,7.7,703,CHENNAI,Tamil Nadu,Tier 1,1,Y,61-90,1
APP101567,CUST21719,2025-07-19,,PERSONAL LOAN,102117,60,22.07,28066,Self-Employed,3.8,612,Delhi,Delhi,Tier 1,1,Y,0 (Current),0
APP101793,CUST21343,16/04/2025,29-04-2025,Personal Loan,269440,36,16.05,47576,self-employed,10.4,721,  Ahmedabad  ,Gujarat,Tier 2,0,N,0 (Current),0
APP102246,CUST20792,03 Dec 2024,2024-12-11,bnpl,2416,3,11.99,73586,SALARIED,6.3,768,Bangalore,Karnataka,Tier 1,1,Y,0 (Current),0
APP100896,CUST21527,22/07/2024,31 Jul 2024,BNPL,19578,6,14.81,27150,Salaried,11.8,650,Bangalore,Karnataka,Tier 1,1,Y,1-30,0
APP101548,CUST21897,2024-12-06,06 Dec 2024,GOLD LOAN,135189,9,12.97,16386,Salaried,4.1,635,nagpur,Maharashtra,Tier 2,4,Y,0 (Current),0
APP102300,CUST21224,2024-01-02,07 Jan 2024,TWO-WHEELER LOAN,43401,24,13.04,120419,self-employed,17.0,,Mumbai,Maharashtra,Tier 1,1,Y,0 (Current),0
APP101044,CUST20768,2025-09-30,2025-10-06,personal loan,290438,24,17.14,"INR 83,150",self-employed,7.1,728,BANGALORE,Karnataka,Tier 1,2,Y,0 (Current),0
APP102363,CUST21612,08 Aug 2024,25/08/2024,bnpl,8251,6,17.65,53127,salaried,11.9,651,Chennai,Tamil Nadu,Tier 1,0,Y,0 (Current),0
APP100313,CUST20882,17/09/2024,2024-09-23,Gold Loan,75314,6,11.7,"INR 52,080",Salaried,5.0,705,Guwahati,Assam,Tier 3,0,Y,31-60,0
APP100754,CUST22237,2024-06-24,05-07-2024,bnpl,2711,1,0.8,112458,Self-Employed,13.6,725,PUNE,Maharashtra,Tier 1,0,Y,0 (Current),0
APP100383,CUST21448,19 Oct 2025,,Consumer Durable Loan,74982,3,15.13,18845,Salaried,1.4,,jaipur,Rajasthan,Tier 2,2,Y,0 (Current),0
APP101105,CUST21920,06 Jan 2025,10 Jan 2025,Consumer Durable Loan,39198,6,13.85,61176,  Self-Employed  ,1.4,609,  Jodhpur  ,Rajasthan,Tier 3,2,Y,0 (Current),0
APP102516,CUST21196,2024-02-08,13-02-2024,Personal Loan,117001,12,21.71,82034,Salaried,5.3,726,  Chennai  ,Tamil Nadu,Tier 1,3,Y,0 (Current),0
APP101854,CUST22273,30/03/2025,19 Apr 2025,two-wheeler loan,120699,18,15.22,,Self-Employed,,740,JAIPUR,Rajasthan,Tier 2,1,Y,0 (Current),0
APP100508,CUST21449,2024-04-03,18 Apr 2024,personal loan,482600,48,16.03,"INR 24,071",SALARIED,13.7,646,RANCHI,Jharkhand,Tier 3,1,Y,0 (Current),0
APP100774,CUST20061,2024-06-12,22 Jun 2024,TWO-WHEELER LOAN,120702,12,14.36,196051,Salaried,13.8,804,ahmedabad,Gujarat,Tier 2,1,Y,0 (Current),0
APP101161,CUST21872,14/06/2025,2025-06-14,BNPL,24336,1,15.67,"43,219",salaried,0.8,,  Jaipur  ,Rajasthan,Tier 2,1,Y,0 (Current),0
APP101727,CUST20492,16 Nov 2025,2025-12-01,bnpl,8830,1,1.69,40508,Salaried,15.8,,Nagpur,Maharashtra,Tier 2,1,Y,0 (Current),0
APP101856,CUST21474,03/05/2025,06 May 2025,two-wheeler loan,68111,12,13.22,36929,Salaried,1.6,678,MUMBAI,Maharashtra,Tier 1,1,Y,90+,1
APP101017,CUST20909,09-03-2025,09/03/2025,bnpl,3211,3,9.5,"INR 35,157",Salaried,14.6,766,  Indore  ,Madhya Pradesh,Tier 2,1,Y,31-60,0
APP100788,CUST20053,2024-05-30,17 Jun 2024,CONSUMER DURABLE LOAN,37590,12,13.78,"39,897",SELF-EMPLOYED,17.8,726,Mumbai,Maharashtra,Tier 1,1,Y,1-30,0
APP100495,CUST20675,2025-02-21,13-03-2025,Gold Loan,124452,9,11.69,70813,Salaried,2.1,652,Nagpur,Maharashtra,Tier 2,1,Y,31-60,0
APP100016,CUST21320,2024-12-09,2024-12-16,BNPL,7560,6,1.53,32003,  Salaried  ,14.3,721,  Pune  ,Maharashtra,Tier 1,1,Y,61-90,1
APP101061,CUST21360,2025-11-30,09 Dec 2025,Consumer Durable Loan,79835,3,19.46,112647,Salaried,15.9,777,Chennai,Tamil Nadu,Tier 1,2,Y,0 (Current),0
APP100368,CUST20634,26 Jan 2024,,  Personal Loan  ,130227,60,22.8,"INR 24,412",self-employed,3.6,784,Chennai,Tamil Nadu,Tier 1,1,Y,0 (Current),0
APP100669,CUST21287,26-10-2024,28 Oct 2024,Two-Wheeler Loan,85702,24,13.07,210260,self-employed,13.7,734,Lucknow,Uttar Pradesh,Tier 2,0,Y,0 (Current),0
APP101522,CUST20088,2025-05-13,16 May 2025,Two-Wheeler Loan,111768,12,13.03,16555,Salaried,6.3,665,DELHI,Delhi,Tier 1,0,Y,0 (Current),0
APP101821,CUST21073,29 Jul 2024,2024-08-09,Consumer Durable Loan,54745,6,15.95,18467,SELF-EMPLOYED,0.9,643,Patna,Bihar,Tier 3,2,Y,90+,1
APP101428,CUST20234,15 Jan 2024,2024-01-16,Consumer Durable Loan,35683,3,16.73,35786,Self-Employed,17.1,686,bangalore,Karnataka,Tier 1,2,Y,1-30,0
APP102376,CUST21499,29/12/2025,30-12-2025,Personal Loan,385846,24,21.08,44329,Self-Employed,15.2,681,Chennai,Tamil Nadu,Tier 1,0,Y,1-30,0
APP102136,CUST20205,25/06/2025,05-07-2025,Consumer Durable Loan,71672,3,13.91,63973,Salaried,14.1,751,jaipur,Rajasthan,Tier 2,4,Y,1-30,0
APP100567,CUST20533,2024-09-26,2024-10-13,  Two-Wheeler Loan  ,102146,36,15.62,43679,SELF-EMPLOYED,8.9,722,Lucknow,Uttar Pradesh,Tier 2,3,N,61-90,1
APP100193,CUST21908,07 Jan 2025,17-01-2025,two-wheeler loan,140465,36,13.35,"22,672",SALARIED,5.6,664,JAIPUR,Rajasthan,Tier 2,3,Y,0 (Current),0
APP102298,CUST21074,21/08/2024,09/09/2024,BNPL,21558,3,1.72,86020,Salaried,3.1,759,  Chennai  ,Tamil Nadu,Tier 1,4,Y,1-30,0
APP102032,CUST20576,01 Feb 2024,19-02-2024,Personal Loan,307994,60,21.5,29294,self-employed,3.3,632,Agra,Uttar Pradesh,Tier 3,4,Y,90+,1
APP100969,CUST20714,2025-03-15,19-03-2025,bnpl,10664,6,14.01,38602,salaried,13.1,776,Raipur,Chhattisgarh,Tier 3,3,Y,0 (Current),0
APP101138,CUST21771,2024-03-17,2024-04-02,  Gold Loan  ,84226,9,9.96,87583,Salaried,10.9,779,Coimbatore,Tamil Nadu,Tier 2,3,N,0 (Current),0
APP100826,CUST20950,2024-05-01,12 May 2024,personal loan,120628,60,17.19,40367,Self-Employed,1.2,625,PATNA,Bihar,Tier 3,0,Y,61-90,1
APP101389,CUST21261,2024-11-07,2024-11-10,two-wheeler loan,45337,18,14.94,38171,Self-Employed,11.7,624,lucknow,Uttar Pradesh,Tier 2,1,Y,0 (Current),0
APP102421,CUST21175,24 Nov 2024,10/12/2024,bnpl,14050,3,8.56,81208,Self-Employed,0.7,777,JODHPUR,Rajasthan,Tier 3,0,Y,0 (Current),0
APP100971,CUST21565,2024-04-12,14-04-2024,BNPL,23085,6,1.8,20493,Self-Employed,3.7,613,Jodhpur,Rajasthan,Tier 3,4,Y,1-30,0
APP101750,CUST21277,15-01-2024,31-01-2024,  BNPL  ,23512,3,1.28,26233,Self-Employed,12.8,718,  Patna  ,Bihar,Tier 3,0,Y,0 (Current),0
APP101773,CUST20411,23-01-2025,28 Jan 2025,Consumer Durable Loan,39748,12,14.77,19005,  Salaried  ,3.2,600,Ahmedabad,Gujarat,Tier 2,1,Y,0 (Current),0
APP101309,CUST22113,02/08/2024,16 Aug 2024,two-wheeler loan,101190,12,11.2,14590,Self-Employed,15.0,695,Mumbai,Maharashtra,Tier 1,0,N,1-30,0
APP100356,CUST20308,27/02/2025,06/03/2025,Personal Loan,291536,12,15.26,59907,SELF-EMPLOYED,3.1,707,bangalore,Karnataka,Tier 1,3,Y,0 (Current),0
APP100138,CUST20793,21/08/2025,25-08-2025,Two-Wheeler Loan,89440,12,13.14,"INR 16,220",Salaried,3.1,649,Chennai,Tamil Nadu,Tier 1,1,Y,0 (Current),0
APP101693,CUST20636,05-03-2024,18 Mar 2024,Consumer Durable Loan,55834,3,19.98,60132,  Self-Employed  ,17.5,761,BANGALORE,Karnataka,Tier 1,2,Y,0 (Current),0
APP100265,CUST21384,2025-01-31,14-02-2025,Two-Wheeler Loan,139834,36,14.34,54634,Self-Employed,2.5,730,Coimbatore,Tamil Nadu,Tier 2,0,Y,0 (Current),0
APP102524,CUST20797,11/04/2024,20/04/2024,TWO-WHEELER LOAN,106833,12,11.31,41658,salaried,11.2,720,Delhi,Delhi,Tier 1,1,Y,0 (Current),0
APP100484,CUST20494,28/07/2024,17 Aug 2024,Personal Loan,247136,48,21.01,18193,  Salaried  ,9.1,707,  Chennai  ,Tamil Nadu,Tier 1,3,Y,90+,1
APP102128,CUST21441,10 Aug 2024,28 Aug 2024,Two-Wheeler Loan,127521,12,14.54,53692,Salaried,15.6,708,agra,Uttar Pradesh,Tier 3,1,Y,90+,1
APP101816,CUST21720,25-09-2024,2024-10-14,two-wheeler loan,47283,36,11.62,58348,SALARIED,8.7,670,Delhi,Delhi,Tier 1,3,Y,0 (Current),0
APP102158,CUST22308,31/03/2025,01-04-2025,consumer durable loan,23568,3,19.52,24275,self-employed,,0,Guwahati,Assam,Tier 3,1,Y,61-90,1
APP100823,CUST21789,12-12-2024,2024-12-26,Consumer Durable Loan,50978,12,17.6,"INR 49,995",Self-Employed,5.7,646,Indore,Madhya Pradesh,Tier 2,2,Y,0 (Current),0
APP101301,CUST20857,18/08/2025,02-09-2025,BNPL,11952,3,3.15,37886,salaried,11.7,718,Lucknow,Uttar Pradesh,Tier 2,1,Y,0 (Current),0
APP102285,CUST21278,23 Sep 2024,2024-10-08,  BNPL  ,13620,1,9.14,24855,  Salaried  ,0.3,643,NAGPUR,Maharashtra,Tier 2,0,Y,90+,1
APP102163,CUST21800,14/12/2025,23/12/2025,Consumer Durable Loan,41288,6,20.35,"INR 86,189",  Salaried  ,14.2,809,bangalore,Karnataka,Tier 1,4,Y,0 (Current),0
APP100639,CUST21995,2024-09-04,08/09/2024,bnpl,19940,1,1.33,66107,Salaried,10.3,,jaipur,Rajasthan,Tier 2,0,Y,0 (Current),0
APP101356,CUST20844,10-06-2025,25 Jun 2025,CONSUMER DURABLE LOAN,12288,6,21.15,"INR 75,779",Self-Employed,,676,Lucknow,Uttar Pradesh,Tier 2,2,Y,61-90,1
APP101937,CUST21857,2025-07-22,2025-08-07,gold loan,64580,9,10.68,219755,SELF-EMPLOYED,4.2,710,Delhi,Delhi,Tier 1,1,Y,0 (Current),0
APP100933,CUST21511,16 Sep 2024,2024-09-24,gold loan,26392,6,11.05,107095,Salaried,9.4,741,  Delhi  ,Delhi,Tier 1,0,Y,0 (Current),0
APP100157,CUST21976,29 May 2025,12/06/2025,BNPL,11183,3,4.0,,self-employed,17.7,669,Hyderabad,Telangana,Tier 1,2,Y,1-30,0
APP100396,CUST21013,2024-01-16,19/01/2024,Personal Loan,94520,12,14.74,79403,Self-Employed,13.3,823,MUMBAI,Maharashtra,Tier 1,2,Y,0 (Current),0
APP100233,CUST22210,16/02/2024,05 Mar 2024,PERSONAL LOAN,359877,48,20.17,"INR 72,996",salaried,1.0,627,jaipur,Rajasthan,Tier 2,0,N,90+,1
APP100963,CUST21982,2025-06-30,19/07/2025,Consumer Durable Loan,21613,6,16.08,36970,SALARIED,9.0,639,Delhi,Delhi,Tier 1,1,Y,0 (Current),0
APP101714,CUST21830,17-05-2024,05-06-2024,Gold Loan,42290,6,12.39,39268,SELF-EMPLOYED,17.5,674,chennai,Tamil Nadu,Tier 1,1,Y,0 (Current),0
APP101333,CUST21764,2024-09-06,22-09-2024,consumer durable loan,60478,12,17.71,"INR 35,776",Self-Employed,13.3,648,Pune,Maharashtra,Tier 1,2,Y,1-30,0
APP101346,CUST21577,24 May 2025,29 May 2025,Personal Loan,280931,12,23.93,37200,SALARIED,2.0,642,Chennai,Tamil Nadu,Tier 1,0,Y,61-90,1
APP101873,CUST21969,2024-03-20,05 Apr 2024,  Consumer Durable Loan  ,71598,12,15.71,27227,  Salaried  ,10.1,757,Ahmedabad,Gujarat,Tier 2,1,Y,31-60,0
APP101353,CUST21719,2024-10-04,2024-10-22,Consumer Durable Loan,53267,3,15.73,,Self-Employed,3.8,742,Hyderabad,Telangana,Tier 1,2,Y,0 (Current),0
APP100686,CUST21589,22/03/2025,2025-03-22,Consumer Durable Loan,24947,6,15.67,"38,895",Self-Employed,2.1,645,Lucknow,Uttar Pradesh,Tier 2,0,Y,0 (Current),0
APP100796,CUST20565,04-12-2024,16/12/2024,CONSUMER DURABLE LOAN,66775,3,14.94,23759,Salaried,2.3,550,coimbatore,Tamil Nadu,Tier 2,1,Y,0 (Current),0
APP100768,CUST21202,24/12/2025,24/12/2025,  Consumer Durable Loan  ,13434,9,19.19,32386,SALARIED,13.7,742,coimbatore,Tamil Nadu,Tier 2,0,Y,0 (Current),0
APP100216,CUST21106,2025-01-09,2025-01-29,BNPL,3796,6,17.02,"65,490",SELF-EMPLOYED,1.5,751,Nagpur,Maharashtra,Tier 2,2,Y,0 (Current),0
APP101228,CUST20233,30/03/2025,10/04/2025,Consumer Durable Loan,30190,9,14.1,114650,Salaried,1.2,713,COIMBATORE,Tamil Nadu,Tier 2,0,N,0 (Current),0
APP101543,CUST21701,2025-05-22,10 Jun 2025,BNPL,15647,1,16.31,67134,Salaried,13.3,684,  Hyderabad  ,Telangana,Tier 1,0,Y,0 (Current),0
APP101950,CUST22318,2025-08-29,2025-09-10,gold loan,140944,9,13.01,51073,salaried,0.7,,NAGPUR,Maharashtra,Tier 2,2,Y,1-30,0
APP100291,CUST21600,2024-12-11,,Gold Loan,141742,6,11.0,"44,602",Salaried,13.9,694,Indore,Madhya Pradesh,Tier 2,1,Y,0 (Current),0
APP100462,CUST21253,17-11-2024,,Personal Loan,96759,36,22.92,93316,  Self-Employed  ,9.5,785,Ahmedabad,Gujarat,Tier 2,2,Y,0 (Current),0
APP101692,CUST20281,15 Dec 2024,02-01-2025,Consumer Durable Loan,21925,6,14.79,43267,SELF-EMPLOYED,10.7,726,PUNE,Maharashtra,Tier 1,1,N,0 (Current),0
APP102287,CUST20309,25-07-2025,08/08/2025,Personal Loan,375111,36,16.45,25824,Self-Employed,8.7,719,mumbai,Maharashtra,Tier 1,1,Y,0 (Current),0
APP101712,CUST20590,17-06-2025,24-06-2025,personal loan,386960,12,20.55,17378,self-employed,0.2,629,  Mumbai  ,Maharashtra,Tier 1,1,Y,0 (Current),0
APP101991,CUST21911,2025-09-30,,CONSUMER DURABLE LOAN,14719,3,21.37,23570,self-employed,6.5,599,Nagpur,Maharashtra,Tier 2,1,Y,0 (Current),0
APP101906,CUST21256,21 Dec 2025,2025-12-29,personal loan,336236,36,19.41,23061,Salaried,15.3,577,Chennai,Tamil Nadu,Tier 1,1,Y,0 (Current),0
APP100014,CUST20933,03/07/2025,11-07-2025,BNPL,11146,3,11.55,"INR 58,057",Salaried,15.6,718,Bangalore,Karnataka,Tier 1,1,Y,0 (Current),0
APP100605,CUST20205,17-10-2024,24 Oct 2024,BNPL,15877,1,6.38,44140,Self-Employed,14.2,803,Chennai,Tamil Nadu,Tier 1,1,N,0 (Current),0
APP101857,CUST22139,19 Sep 2024,2024-09-23,PERSONAL LOAN,105362,60,17.89,70179,Salaried,15.0,710,  Ahmedabad  ,Gujarat,Tier 2,2,Y,90+,1
APP102162,CUST20121,14/10/2025,31-10-2025,BNPL,12065,3,0.45,23264,Self-Employed,15.9,577,  Jodhpur  ,Rajasthan,Tier 3,3,Y,61-90,1
APP100320,CUST21472,12/11/2025,27 Nov 2025,Consumer Durable Loan,51412,3,14.44,48627,Salaried,0.7,673,AGRA,Uttar Pradesh,Tier 3,0,Y,0 (Current),0
APP100117,CUST20275,12 Apr 2024,21/04/2024,consumer durable loan,9620,12,14.01,63090,Salaried,,744,MUMBAI,Maharashtra,Tier 1,1,Y,0 (Current),0
APP101589,CUST21103,07 Jun 2024,2024-06-14,Personal Loan,458209,24,18.54,87166,Self-Employed,1.1,763,mumbai,Maharashtra,Tier 1,2,Y,0 (Current),0
APP102247,CUST21570,06-09-2024,18-09-2024,CONSUMER DURABLE LOAN,63489,9,16.75,"INR 34,132",  Self-Employed  ,1.8,619,Patna,Bihar,Tier 3,1,Y,90+,1
APP101742,CUST20439,10 Nov 2025,2025-11-12,bnpl,17551,1,5.94,,SALARIED,7.3,707,Delhi,Delhi,Tier 1,0,Y,0 (Current),0
APP100850,CUST21022,2025-02-01,12 Feb 2025,BNPL,9136,3,0.93,15262,SELF-EMPLOYED,4.3,654,Lucknow,Uttar Pradesh,Tier 2,1,Y,90+,1
APP101058,CUST21544,17-06-2025,19-06-2025,personal loan,467183,48,17.01,23686,salaried,8.9,684,COIMBATORE,Tamil Nadu,Tier 2,2,Y,0 (Current),0
APP102472,CUST21101,2024-02-17,22 Feb 2024,PERSONAL LOAN,62050,12,22.99,242129,salaried,13.2,,Lucknow,Uttar Pradesh,Tier 2,2,Y,0 (Current),0
APP102449,CUST20762,10-11-2024,,BNPL,8583,3,2.57,"INR 34,571",salaried,10.6,688,Delhi,Delhi,Tier 1,0,Y,0 (Current),0
APP100489,CUST20462,2025-10-03,2025-10-09,Gold Loan,129173,12,12.2,88474,Salaried,10.3,818,Mumbai,Maharashtra,Tier 1,1,N,1-30,0
APP101036,CUST22075,24-08-2025,01 Sep 2025,TWO-WHEELER LOAN,92673,12,12.11,105344,SALARIED,9.8,703,Indore,Madhya Pradesh,Tier 2,4,Y,90+,1
APP101259,CUST21476,11-07-2025,2025-07-17,Gold Loan,55792,6,12.9,180515,self-employed,1.6,777,Mumbai,Maharashtra,Tier 1,2,Y,90+,1
APP100349,CUST20909,02 Sep 2025,10/09/2025,Personal Loan,77131,36,14.83,"54,759",SELF-EMPLOYED,6.8,701,  Chennai  ,Tamil Nadu,Tier 1,4,Y,90+,1
APP101577,CUST20027,15 Jul 2024,20 Jul 2024,BNPL,5304,3,8.51,52647,self-employed,17.9,726,jodhpur,Rajasthan,Tier 3,2,Y,0 (Current),0
APP101662,CUST20878,2024-07-29,15/08/2024,Two-Wheeler Loan,112740,36,13.83,"INR 27,705",salaried,6.6,710,PUNE,Maharashtra,Tier 1,2,Y,0 (Current),0
APP100890,CUST21990,29 Aug 2024,2024-09-09,  BNPL  ,6104,6,9.55,"INR 48,221",Salaried,8.6,682,  Pune  ,Maharashtra,Tier 1,2,Y,0 (Current),0
APP102068,CUST21759,23 Feb 2024,14/03/2024,Personal Loan,91517,48,19.69,14858,SELF-EMPLOYED,17.0,609,PUNE,Maharashtra,Tier 1,1,Y,90+,1
APP100559,CUST21313,21-10-2025,2025-10-29,personal loan,275335,60,19.5,25798,Self-Employed,6.1,639,guwahati,Assam,Tier 3,1,Y,0 (Current),0
APP102151,CUST21533,15-01-2025,26 Jan 2025,PERSONAL LOAN,263110,36,20.98,18480,self-employed,11.5,630,RANCHI,Jharkhand,Tier 3,1,Y,0 (Current),0
APP101717,CUST21223,04/06/2025,19 Jun 2025,  Gold Loan  ,119725,12,13.13,,SALARIED,15.2,818,Ahmedabad,Gujarat,Tier 2,4,Y,0 (Current),0
,,,,,,,,,,,,,,,,,,
APP101128,CUST21231,25-11-2024,11/12/2024,CONSUMER DURABLE LOAN,27542,9,15.8,138836,salaried,13.6,776,AHMEDABAD,Gujarat,Tier 2,2,Y,0 (Current),0
APP102291,CUST22156,18-01-2024,22-01-2024,Two-Wheeler Loan,85213,36,13.66,"105,327",salaried,,658,Mumbai,Maharashtra,Tier 1,1,Y,0 (Current),0
APP101972,CUST20075,12/09/2024,30-09-2024,Two-Wheeler Loan,41280,18,14.76,31361,Salaried,15.1,580,  Raipur  ,Chhattisgarh,Tier 3,0,Y,0 (Current),0
APP101336,CUST21286,12-04-2025,25 Apr 2025,gold loan,41174,6,13.09,74177,salaried,8.5,706,PUNE,Maharashtra,Tier 1,1,Y,0 (Current),0
APP101379,CUST20768,17 Aug 2024,26-08-2024,Consumer Durable Loan,22851,12,15.07,13351,self-employed,0.2,593,Patna,Bihar,Tier 3,0,Y,61-90,1
APP100179,CUST21747,18/05/2024,07-06-2024,Gold Loan,96156,12,12.24,163161,SALARIED,2.4,772,Raipur,Chhattisgarh,Tier 3,2,Y,1-30,0
APP101766,CUST20621,2025-10-26,14 Nov 2025,Gold Loan,129684,9,11.28,19198,self-employed,2.1,613,Delhi,Delhi,Tier 1,0,Y,90+,1
APP101534,CUST21973,28/07/2024,04/08/2024,Personal Loan,200444,48,17.82,111801,  Salaried  ,2.2,713,Nagpur,Maharashtra,Tier 2,3,N,0 (Current),0
APP101570,CUST20790,19-05-2025,31 May 2025,PERSONAL LOAN,97489,36,15.58,21328,Salaried,15.6,684,  Mumbai  ,Maharashtra,Tier 1,1,N,0 (Current),0
APP101834,CUST20021,05-11-2024,2024-11-06,Personal Loan,351070,60,19.85,"82,045",salaried,12.3,720,  Coimbatore  ,Tamil Nadu,Tier 2,0,Y,0 (Current),0
APP102194,CUST21468,2025-01-28,2025-02-17,Personal Loan,339514,12,15.38,"INR 27,630",Salaried,16.8,781,delhi,Delhi,Tier 1,2,Y,0 (Current),0
APP100817,CUST20168,11 Jun 2024,15/06/2024,CONSUMER DURABLE LOAN,55880,3,18.91,54362,self-employed,9.6,789,Bangalore,Karnataka,Tier 1,2,Y,0 (Current),0
APP101561,CUST21149,26 Nov 2025,2025-12-16,Personal Loan,365617,60,20.18,30687,Salaried,5.4,660,  Nagpur  ,Maharashtra,Tier 2,1,Y,0 (Current),0
APP101069,CUST21839,2025-10-13,26 Oct 2025,  Personal Loan  ,331513,24,22.24,"INR 112,473",SELF-EMPLOYED,0.1,710,Jaipur,Rajasthan,Tier 2,2,Y,0 (Current),0
APP102266,CUST21587,11 Jun 2025,14/06/2025,consumer durable loan,48636,9,16.13,"22,970",Self-Employed,10.0,559,Ahmedabad,Gujarat,Tier 2,0,N,90+,1
APP102256,CUST21153,26/07/2024,14/08/2024,Two-Wheeler Loan,138114,12,12.71,119976,Salaried,14.2,713,Coimbatore,Tamil Nadu,Tier 2,2,Y,31-60,0
APP100158,CUST21064,14/02/2025,2025-03-04,Consumer Durable Loan,73374,12,14.89,33828,SALARIED,11.0,680,  Bangalore  ,Karnataka,Tier 1,2,Y,0 (Current),0
APP101918,CUST21099,05/04/2025,09 Apr 2025,TWO-WHEELER LOAN,116969,24,12.6,36105,SELF-EMPLOYED,6.7,,Chennai,Tamil Nadu,Tier 1,0,Y,1-30,0
APP100989,CUST21989,2025-05-09,11/05/2025,TWO-WHEELER LOAN,100332,12,11.48,"109,835",SALARIED,12.7,780,Mumbai,Maharashtra,Tier 1,1,Y,0 (Current),0
APP101737,CUST22079,19/10/2025,25/10/2025,BNPL,21714,6,4.86,60902,SELF-EMPLOYED,9.5,652,JAIPUR,Rajasthan,Tier 2,3,Y,90+,1
APP102316,CUST20976,17-06-2025,2025-06-24,BNPL,2783,1,15.11,54455,SALARIED,17.2,757,Chennai,Tamil Nadu,Tier 1,2,Y,1-30,0
APP101289,CUST20837,01 Nov 2025,15/11/2025,PERSONAL LOAN,412360,24,15.89,"INR 30,676",Self-Employed,,690,Jaipur,Rajasthan,Tier 2,1,Y,0 (Current),0
APP102351,CUST22338,24-06-2024,05 Jul 2024,  Two-Wheeler Loan  ,42672,12,14.88,27610,Salaried,3.1,659,  Delhi  ,Delhi,Tier 1,3,Y,0 (Current),0
APP101185,CUST20906,21-10-2025,05 Nov 2025,personal loan,178080,60,20.51,61735,SALARIED,16.3,700,mumbai,Maharashtra,Tier 1,1,Y,0 (Current),0
APP102273,CUST21294,23-07-2024,28-07-2024,BNPL,23149,1,13.59,58403,salaried,1.4,,Bangalore,Karnataka,Tier 1,2,Y,0 (Current),0
APP102311,CUST21178,09/08/2025,27 Aug 2025,CONSUMER DURABLE LOAN,44587,9,17.41,29613,  Salaried  ,3.7,690,PATNA,Bihar,Tier 3,1,Y,31-60,0
APP102469,CUST20256,29 Jan 2024,13 Feb 2024,BNPL,20852,6,1.22,69450,SELF-EMPLOYED,16.7,772,Bangalore,Karnataka,Tier 1,1,Y,0 (Current),0
APP100275,CUST20392,14 Apr 2024,2024-04-26,BNPL,24720,1,14.09,51189,Self-Employed,6.8,770,  Lucknow  ,Uttar Pradesh,Tier 2,0,Y,0 (Current),0
APP100979,CUST21722,23/08/2025,29 Aug 2025,CONSUMER DURABLE LOAN,42606,9,14.05,104570,salaried,13.6,818,Coimbatore,Tamil Nadu,Tier 2,3,Y,1-30,0
APP102081,CUST20076,31 Jan 2025,,Two-Wheeler Loan,105924,12,12.65,"INR 23,143",Salaried,3.5,755,Bangalore,Karnataka,Tier 1,0,Y,0 (Current),0
APP101867,CUST20758,01/07/2024,02 Jul 2024,Two-Wheeler Loan,71706,24,12.59,50532,  Self-Employed  ,9.0,686,Bangalore,Karnataka,Tier 1,1,Y,31-60,0
APP102192,CUST20506,06 May 2025,21 May 2025,PERSONAL LOAN,477118,60,19.65,18360,Salaried,14.3,,HYDERABAD,Telangana,Tier 1,0,Y,1-30,0
APP101832,CUST22184,27/03/2024,02/04/2024,Consumer Durable Loan,16785,3,19.41,69448,salaried,1.3,,HYDERABAD,Telangana,Tier 1,2,Y,0 (Current),0
APP101084,CUST21222,09/12/2024,2024-12-14,Consumer Durable Loan,45396,6,18.61,"INR 21,655",salaried,9.6,720,Bangalore,Karnataka,Tier 1,2,Y,0 (Current),0
APP100063,CUST21342,27 Dec 2024,15/01/2025,Consumer Durable Loan,48441,12,13.21,80829,  Self-Employed  ,9.3,785,Jodhpur,Rajasthan,Tier 3,4,N,90+,1
APP101034,CUST21357,01 May 2024,,TWO-WHEELER LOAN,94116,18,13.58,16556,SALARIED,5.4,597,jaipur,Rajasthan,Tier 2,1,Y,0 (Current),0
APP102166,CUST20855,2024-10-21,23/10/2024,Personal Loan,190099,48,15.42,112317,SALARIED,7.8,728,mumbai,Maharashtra,Tier 1,0,Y,0 (Current),0
APP102221,CUST21179,29 Oct 2025,2025-10-29,Two-Wheeler Loan,104978,24,12.62,67247,  Salaried  ,13.7,726,Jaipur,Rajasthan,Tier 2,1,Y,0 (Current),0
APP101791,CUST20006,12 Jul 2025,,Consumer Durable Loan,31991,12,17.55,65276,Self-Employed,13.3,771,Delhi,Delhi,Tier 1,0,Y,0 (Current),0
APP102593,CUST20460,19-09-2025,2025-09-29,personal loan,400383,48,21.8,25730,self-employed,5.7,644,DELHI,Delhi,Tier 1,0,N,0 (Current),0
APP100003,CUST20293,02/02/2024,,bnpl,22971,6,10.03,19010,Salaried,6.8,609,LUCKNOW,Uttar Pradesh,Tier 2,2,Y,0 (Current),0
APP101509,CUST20248,21/07/2024,21-07-2024,BNPL,23770,0,17.5,64607,Self-Employed,13.6,752,Hyderabad,Telangana,Tier 1,0,N,0 (Current),0
APP101781,CUST20358,07 Mar 2025,26 Mar 2025,BNPL,22341,3,7.59,"INR 31,920",self-employed,13.1,,Mumbai,Maharashtra,Tier 1,0,N,0 (Current),0
APP102101,CUST22047,26/04/2024,09/05/2024,PERSONAL LOAN,354583,48,15.08,73741,SELF-EMPLOYED,17.5,686,Delhi,Delhi,Tier 1,1,Y,90+,1
APP102355,CUST21901,11-02-2025,14/02/2025,GOLD LOAN,105303,6,12.09,"INR 65,932",SELF-EMPLOYED,11.6,736,HYDERABAD,Telangana,Tier 1,0,Y,0 (Current),0
APP102575,CUST22211,12 Nov 2025,,Personal Loan,217266,60,20.3,87726,Salaried,15.1,739,MUMBAI,Maharashtra,Tier 1,0,Y,0 (Current),0
APP100748,CUST20105,17 Nov 2024,01 Dec 2024,  Gold Loan  ,145434,9,11.88,"INR 182,434",self-employed,10.4,780,Indore,Madhya Pradesh,Tier 2,1,Y,0 (Current),0
APP102407,CUST21203,22-08-2025,04 Sep 2025,personal loan,400549,48,20.74,47134,Salaried,9.2,692,Nagpur,Maharashtra,Tier 2,2,Y,0 (Current),0
APP100730,CUST20358,20-12-2024,01-01-2025,  Two-Wheeler Loan  ,129996,36,15.69,"INR 22,798",SELF-EMPLOYED,6.0,,DELHI,Delhi,Tier 1,1,Y,0 (Current),0
APP101455,CUST20563,20 Aug 2024,25-08-2024,bnpl,2615,6,9.7,220369,  Salaried  ,7.3,747,lucknow,Uttar Pradesh,Tier 2,0,Y,0 (Current),0
APP101390,CUST21667,2024-10-06,23/10/2024,PERSONAL LOAN,237152,24,19.92,,Salaried,0.7,702,Hyderabad,Telangana,Tier 1,3,Y,1-30,0
APP100332,CUST21960,08 Sep 2025,28 Sep 2025,BNPL,7959,3,6.35,18646,self-employed,1.6,669,Patna,Bihar,Tier 3,1,Y,0 (Current),0
APP100924,CUST21168,05-04-2024,10-04-2024,Personal Loan,70411,36,17.11,"49,612",self-employed,1.2,683,Delhi,Delhi,Tier 1,1,Y,0 (Current),0
APP101205,CUST20045,16/02/2024,18-02-2024,GOLD LOAN,53529,6,12.4,"INR 15,337",salaried,11.6,644,bangalore,Karnataka,Tier 1,0,Y,0 (Current),0
APP100920,CUST22022,21/09/2024,08 Oct 2024,consumer durable loan,12891,3,19.27,89918,self-employed,12.7,742,Ranchi,Jharkhand,Tier 3,1,Y,90+,1
APP101364,CUST20752,31-10-2024,,BNPL,24684,6,17.25,"64,804",self-employed,5.3,716,Chennai,Tamil Nadu,Tier 1,1,Y,0 (Current),0
APP101182,CUST21937,13/09/2025,2025-10-02,Gold Loan,54359,12,11.3,63056,Salaried,2.0,806,BANGALORE,Karnataka,Tier 1,4,Y,1-30,0
APP102234,CUST20225,05-06-2025,10-06-2025,BNPL,10982,1,6.74,58355,SALARIED,14.6,801,Chennai,Tamil Nadu,Tier 1,0,Y,0 (Current),0
APP100653,CUST22060,25 Sep 2025,2025-10-05,personal loan,229965,36,17.7,"INR 103,240",Salaried,5.0,649,HYDERABAD,Telangana,Tier 1,1,Y,0 (Current),0
APP100674,CUST22213,24-03-2025,2025-03-25,consumer durable loan,14569,6,20.98,21430,Self-Employed,10.2,611,Patna,Bihar,Tier 3,2,Y,0 (Current),0
APP101354,CUST22264,2025-07-11,,gold loan,94515,9,12.76,25122,Self-Employed,16.1,653,Jodhpur,Rajasthan,Tier 3,3,Y,0 (Current),0
APP101419,CUST20221,04-09-2024,2024-09-19,Personal Loan,355433,36,20.03,"INR 64,872",Self-Employed,12.0,759,Hyderabad,Telangana,Tier 1,2,N,0 (Current),0
APP101062,CUST20739,09 Mar 2025,25 Mar 2025,personal loan,192304,36,22.01,40009,Salaried,6.0,689,Mumbai,Maharashtra,Tier 1,1,Y,31-60,0
APP100919,CUST20922,2024-11-25,03/12/2024,BNPL,7018,3,15.31,"INR 35,001",Self-Employed,9.9,698,Hyderabad,Telangana,Tier 1,1,N,1-30,0
APP101437,CUST21956,05 May 2024,14 May 2024,Two-Wheeler Loan,82156,18,12.37,43749,SALARIED,3.7,685,Pune,Maharashtra,Tier 1,0,Y,1-30,0
APP101106,CUST21930,01/01/2024,16/01/2024,Personal Loan,343346,60,17.58,43621,Salaried,9.6,679,Delhi,Delhi,Tier 1,1,Y,0 (Current),0
APP100679,CUST20313,20 Sep 2025,22/09/2025,Two-Wheeler Loan,107307,12,12.18,"16,385",Salaried,0.8,592,Coimbatore,Tamil Nadu,Tier 2,1,Y,61-90,1
APP100845,CUST20105,2024-09-09,11/09/2024,Personal Loan,104986,48,15.07,"INR 89,693",Salaried,4.0,697,Pune,Maharashtra,Tier 1,0,Y,0 (Current),0
APP101979,CUST20657,31 Jan 2025,04-02-2025,consumer durable loan,65406,12,21.3,212932,Salaried,3.1,800,pune,Maharashtra,Tier 1,1,Y,0 (Current),0
APP100898,CUST20131,19/07/2024,03/08/2024,Personal Loan,290063,24,16.8,58137,Salaried,13.2,,Lucknow,Uttar Pradesh,Tier 2,3,Y,0 (Current),0
APP101049,CUST22258,03 Jan 2024,08-01-2024,BNPL,4377,6,10.73,"INR 57,946",SELF-EMPLOYED,13.2,669,  Indore  ,Madhya Pradesh,Tier 2,1,N,0 (Current),0
APP101700,CUST21762,21/09/2024,24/09/2024,bnpl,16819,3,13.38,"30,204",Self-Employed,9.9,,delhi,Delhi,Tier 1,3,Y,90+,1
APP101091,CUST21586,09/03/2024,2024-03-23,consumer durable loan,54363,12,14.17,32285,Self-Employed,13.5,644,Pune,Maharashtra,Tier 1,4,N,0 (Current),0
APP100326,CUST22151,03/10/2024,09/10/2024,personal loan,174894,36,14.39,"89,064",Self-Employed,3.1,764,Bangalore,Karnataka,Tier 1,0,Y,0 (Current),0
APP100789,CUST21272,08-03-2024,23 Mar 2024,Consumer Durable Loan,11364,12,19.75,"43,021",Salaried,14.0,604,CHENNAI,Tamil Nadu,Tier 1,2,Y,1-30,0
APP102493,CUST20495,2024-06-30,02-07-2024,Personal Loan,267741,36,20.79,73609,Salaried,10.3,750,PATNA,Bihar,Tier 3,3,Y,90+,1
APP100878,CUST21014,26 Jul 2025,12 Aug 2025,Consumer Durable Loan,26615,3,17.21,69940,Salaried,5.1,,Jaipur,Rajasthan,Tier 2,2,Y,90+,1
APP100986,CUST20646,28-08-2024,28-08-2024,PERSONAL LOAN,399455,60,17.92,"71,123",salaried,10.4,744,PATNA,Bihar,Tier 3,0,Y,0 (Current),0
APP101444,CUST20076,10-04-2024,28-04-2024,BNPL,20815,6,3.16,182958,Salaried,3.2,777,delhi,Delhi,Tier 1,2,Y,0 (Current),0
APP101835,CUST20898,06-09-2025,10 Sep 2025,consumer durable loan,49978,9,19.2,30985,SALARIED,7.4,656,Coimbatore,Tamil Nadu,Tier 2,0,Y,0 (Current),0
APP100719,CUST22228,09-08-2024,10-08-2024,personal loan,309487,24,15.37,22616,Salaried,5.6,696,JAIPUR,Rajasthan,Tier 2,0,Y,0 (Current),0
APP102208,CUST20985,18 Apr 2025,2025-04-28,bnpl,16320,3,9.74,71220,salaried,15.9,664,Ranchi,Jharkhand,Tier 3,3,Y,90+,1
APP101467,CUST21955,31/10/2024,06/11/2024,Two-Wheeler Loan,146705,12,13.84,"INR 115,348",Salaried,11.6,793,Bangalore,Karnataka,Tier 1,0,Y,0 (Current),0
APP100221,CUST21811,11 Oct 2024,2024-10-25,  Consumer Durable Loan  ,60642,6,17.01,18250,Self-Employed,9.9,644,hyderabad,Telangana,Tier 1,1,Y,90+,1
APP100029,CUST21181,2024-02-25,11/03/2024,Personal Loan,110776,48,22.65,43026,  Salaried  ,1.6,669,Indore,Madhya Pradesh,Tier 2,3,Y,90+,1
APP102091,CUST20433,14 Apr 2025,2025-04-23,CONSUMER DURABLE LOAN,45561,3,18.25,113223,Salaried,15.1,760,DELHI,Delhi,Tier 1,2,Y,31-60,0
APP101905,CUST22081,19-06-2025,03-07-2025,  Two-Wheeler Loan  ,147062,24,12.67,18073,Self-Employed,17.0,646,ahmedabad,Gujarat,Tier 2,1,N,0 (Current),0
APP102114,CUST20644,24 Mar 2025,08-04-2025,gold loan,90525,6,13.09,"INR 68,213",Salaried,10.4,733,LUCKNOW,Uttar Pradesh,Tier 2,3,Y,0 (Current),0
APP101661,CUST21476,11/06/2025,21 Jun 2025,Consumer Durable Loan,13615,9,19.26,236607,Self-Employed,15.3,,  Delhi  ,Delhi,Tier 1,1,N,0 (Current),0
APP100260,CUST20619,24 Jun 2025,14/07/2025,Gold Loan,134497,9,12.39,"INR 21,088",  Self-Employed  ,15.9,629,AGRA,Uttar Pradesh,Tier 3,0,Y,0 (Current),0
APP101328,CUST21762,2024-08-25,,gold loan,149348,12,10.04,231548,SALARIED,1.0,835,DELHI,Delhi,Tier 1,2,Y,0 (Current),0
APP102056,CUST20773,2024-07-03,17/07/2024,GOLD LOAN,103735,9,9.93,36818,SALARIED,11.4,725,Lucknow,Uttar Pradesh,Tier 2,0,Y,0 (Current),0
APP101659,CUST20478,29 Jul 2025,29-07-2025,bnpl,16157,6,3.11,25950,Salaried,3.2,623,Hyderabad,Telangana,Tier 1,1,Y,0 (Current),0
APP100871,CUST22022,02-11-2025,09/11/2025,  Personal Loan  ,230821,48,21.23,209275,Self-Employed,13.1,678,pune,Maharashtra,Tier 1,1,Y,90+,1
APP101823,CUST20641,2025-09-22,2025-10-02,personal loan,444513,60,20.59,212379,self-employed,0.8,770,nagpur,Maharashtra,Tier 2,0,Y,90+,1
APP101350,CUST22135,16-10-2024,02/11/2024,bnpl,18641,1,9.84,"41,165",self-employed,0.2,672,Ranchi,Jharkhand,Tier 3,0,N,0 (Current),0
APP100862,CUST21901,2024-01-06,2024-01-07,Personal Loan,262923,48,20.04,"82,814",Salaried,4.3,,JAIPUR,Rajasthan,Tier 2,1,Y,31-60,0
APP101981,CUST20709,06-07-2024,2024-07-14,two-wheeler loan,65165,24,13.1,"INR 31,031",SELF-EMPLOYED,13.3,696,Guwahati,Assam,Tier 3,3,Y,0 (Current),0
APP101531,CUST21256,09 Dec 2025,2025-12-22,Personal Loan,212217,24,19.1,43828,  Self-Employed  ,17.8,732,HYDERABAD,Telangana,Tier 1,1,Y,0 (Current),0
APP102383,CUST21187,03-12-2025,23/12/2025,Gold Loan,137848,12,9.85,,Self-Employed,11.5,776,Chennai,Tamil Nadu,Tier 1,2,Y,0 (Current),0
APP101481,CUST21833,23/01/2024,05/02/2024,BNPL,18209,1,3.84,66884,SALARIED,16.3,734,mumbai,Maharashtra,Tier 1,0,N,0 (Current),0
APP100940,CUST21592,20/06/2024,24/06/2024,two-wheeler loan,149839,12,12.27,,Salaried,4.4,701,Hyderabad,Telangana,Tier 1,2,Y,0 (Current),0
APP100015,CUST21578,03 Nov 2024,2024-11-12,Two-Wheeler Loan,134297,18,12.82,19856,Self-Employed,,740,  Agra  ,Uttar Pradesh,Tier 3,0,Y,0 (Current),0
APP102269,CUST22078,29 Jun 2025,06-07-2025,Personal Loan,361603,48,19.13,"26,469",Self-Employed,12.2,652,Ranchi,Jharkhand,Tier 3,1,N,0 (Current),0
APP102408,CUST21215,23-11-2024,27 Nov 2024,Personal Loan,289544,60,16.57,"INR 22,466",salaried,13.6,625,HYDERABAD,Telangana,Tier 1,0,Y,1-30,0
APP100770,CUST21697,16 Jan 2025,2025-01-17,BNPL,4200,3,11.86,"INR 19,034",Self-Employed,16.6,,  Ranchi  ,Jharkhand,Tier 3,3,N,0 (Current),0
APP101779,CUST22069,25 Jul 2025,04 Aug 2025,gold loan,90627,6,9.96,,Salaried,5.7,727,pune,Maharashtra,Tier 1,1,Y,0 (Current),0
APP102308,CUST21490,09 Dec 2025,22/12/2025,Two-Wheeler Loan,58260,36,12.68,239797,salaried,8.9,769,Bangalore,Karnataka,Tier 1,0,Y,90+,1
APP100645,CUST22086,22/08/2024,,  Personal Loan  ,428736,48,15.63,"INR 157,559",self-employed,17.9,831,Chennai,Tamil Nadu,Tier 1,1,Y,31-60,0
APP101398,CUST21420,25-03-2025,2025-03-31,Two-Wheeler Loan,132971,12,15.55,"INR 74,312",Self-Employed,7.3,742,Lucknow,Uttar Pradesh,Tier 2,0,Y,0 (Current),0
APP100074,CUST22209,19/04/2025,2025-04-26,two-wheeler loan,135401,18,15.17,"INR 82,775",Salaried,9.7,766,  Delhi  ,Delhi,Tier 1,2,Y,0 (Current),0
APP101087,CUST22229,12/06/2025,22 Jun 2025,Two-Wheeler Loan,55500,12,12.53,34006,SELF-EMPLOYED,1.3,727,delhi,Delhi,Tier 1,3,N,0 (Current),0
APP101584,CUST20805,16 Jan 2024,25/01/2024,personal loan,116478,36,22.26,"INR 32,500",self-employed,2.3,663,Hyderabad,Telangana,Tier 1,2,Y,1-30,0
APP100779,CUST20461,28 Jun 2024,2024-07-06,Consumer Durable Loan,10038,3,17.77,81183,Self-Employed,8.5,751,NAGPUR,Maharashtra,Tier 2,0,N,0 (Current),0
APP102394,CUST20923,22/04/2025,2025-04-23,Personal Loan,242720,12,19.33,"INR 59,715",Salaried,8.5,739,  Nagpur  ,Maharashtra,Tier 2,0,Y,0 (Current),0
APP101575,CUST21591,08/12/2025,11-12-2025,personal loan,442524,36,19.53,"INR 73,364",salaried,13.8,808,Guwahati,Assam,Tier 3,4,N,0 (Current),0
APP101755,CUST21129,2024-06-23,13/07/2024,BNPL,10630,6,9.45,16078,  Self-Employed  ,14.3,615,  Jodhpur  ,Rajasthan,Tier 3,0,Y,61-90,1
APP102207,CUST20255,23/05/2025,2025-05-27,  Two-Wheeler Loan  ,139465,24,13.88,26174,Salaried,6.7,662,  Mumbai  ,Maharashtra,Tier 1,1,Y,0 (Current),0
APP100628,CUST21650,27/09/2024,30/09/2024,  Consumer Durable Loan  ,75138,3,17.04,30801,salaried,10.9,658,Guwahati,Assam,Tier 3,2,Y,0 (Current),0
APP102335,CUST20165,28-10-2024,2024-11-02,  Two-Wheeler Loan  ,138636,24,15.97,"INR 165,493",self-employed,5.4,713,Delhi,Delhi,Tier 1,0,Y,0 (Current),0
APP101432,CUST22339,31/12/2025,31 Dec 2025,personal loan,75702,12,14.4,29693,SELF-EMPLOYED,9.3,687,Mumbai,Maharashtra,Tier 1,0,N,1-30,0
APP101902,CUST20289,21/11/2025,11 Dec 2025,Two-Wheeler Loan,114256,18,14.64,44015,Salaried,13.1,684,Delhi,Delhi,Tier 1,4,Y,61-90,1
APP101430,CUST21315,11 Oct 2024,28/10/2024,bnpl,15579,6,15.47,132939,Salaried,13.6,759,Mumbai,Maharashtra,Tier 1,3,Y,0 (Current),0
APP101654,CUST20791,19/03/2024,27-03-2024,  BNPL  ,21023,3,2.64,58759,Self-Employed,4.9,683,Jaipur,Rajasthan,Tier 2,1,N,61-90,1
APP101677,CUST20123,2025-05-11,15-05-2025,Two-Wheeler Loan,149107,24,14.15,68567,Salaried,16.1,649,nagpur,Maharashtra,Tier 2,0,N,0 (Current),0
APP101144,CUST20134,13/09/2025,29-09-2025,  Personal Loan  ,329800,36,23.25,"INR 45,239",SALARIED,9.6,726,coimbatore,Tamil Nadu,Tier 2,1,Y,0 (Current),0
APP100999,CUST21093,16-01-2025,17-01-2025,BNPL,24121,3,17.03,53959,Salaried,16.1,718,lucknow,Uttar Pradesh,Tier 2,1,Y,0 (Current),0
APP102138,CUST21391,01/11/2024,2024-11-21,Personal Loan,68614,24,22.76,"59,019",salaried,6.9,670,  Mumbai  ,Maharashtra,Tier 1,0,Y,0 (Current),0
APP101129,CUST21933,2025-05-27,16 Jun 2025,BNPL,3450,6,2.31,177853,SALARIED,7.8,725,delhi,Delhi,Tier 1,0,Y,0 (Current),0
APP100962,CUST20011,2024-05-07,17/05/2024,Gold Loan,59119,6,10.88,26762,Salaried,17.0,692,Patna,Bihar,Tier 3,1,Y,0 (Current),0
APP100837,CUST20391,07-07-2024,27-07-2024,PERSONAL LOAN,121137,24,16.78,"INR 33,188",Salaried,13.3,730,RAIPUR,Chhattisgarh,Tier 3,3,Y,0 (Current),0
APP102031,CUST21841,27 Feb 2025,2025-03-11,two-wheeler loan,82197,12,13.28,"INR 18,581",Salaried,8.4,722,Nagpur,Maharashtra,Tier 2,2,N,0 (Current),0
APP102124,CUST20076,2025-06-14,24 Jun 2025,Consumer Durable Loan,56623,9,21.37,,Salaried,10.8,877,Ranchi,Jharkhand,Tier 3,0,Y,0 (Current),0
APP100440,CUST21232,11 Sep 2024,27-09-2024,BNPL,11001,6,11.65,"INR 58,780",Self-Employed,8.5,697,  Bangalore  ,Karnataka,Tier 1,0,N,90+,1
APP102550,CUST22090,07-04-2025,,Personal Loan,259917,24,15.4,39044,SELF-EMPLOYED,11.5,743,  Nagpur  ,Maharashtra,Tier 2,2,Y,0 (Current),0
APP100058,CUST22169,2024-09-23,08-10-2024,  Gold Loan  ,85410,12,11.05,"INR 34,133",  Salaried  ,2.0,730,Hyderabad,Telangana,Tier 1,1,Y,0 (Current),0
APP100632,CUST20874,11-06-2025,20-06-2025,consumer durable loan,23147,12,20.53,"29,310",salaried,5.0,691,ranchi,Jharkhand,Tier 3,0,Y,31-60,0
APP100744,CUST20637,13/07/2025,23 Jul 2025,Consumer Durable Loan,52166,9,19.7,"118,956",self-employed,2.2,646,AHMEDABAD,Gujarat,Tier 2,3,N,1-30,0
APP100314,CUST21296,06 Oct 2024,2024-10-14,two-wheeler loan,129650,36,11.33,"INR 21,626",Self-Employed,4.9,721,raipur,Chhattisgarh,Tier 3,1,Y,90+,1
APP100873,CUST22122,24-01-2024,2024-02-10,bnpl,19797,1,3.68,136581,Salaried,4.6,770,Chennai,Tamil Nadu,Tier 1,1,Y,0 (Current),0
APP101200,CUST21637,2025-08-15,2025-09-01,Consumer Durable Loan,17265,6,17.92,37383,salaried,12.7,632,BANGALORE,Karnataka,Tier 1,0,Y,0 (Current),0
APP101907,CUST21027,31-12-2025,31 Dec 2025,CONSUMER DURABLE LOAN,42864,3,17.55,"201,293",self-employed,7.1,714,Delhi,Delhi,Tier 1,1,N,1-30,0
APP101226,CUST20534,16-10-2025,29 Oct 2025,TWO-WHEELER LOAN,46772,18,14.42,,Self-Employed,13.4,795,Lucknow,Uttar Pradesh,Tier 2,1,Y,0 (Current),0
APP102591,CUST20931,13 Sep 2025,2025-09-21,BNPL,20835,1,3.87,"INR 39,107",salaried,17.1,669,BANGALORE,Karnataka,Tier 1,2,Y,0 (Current),0
APP101409,CUST20687,29-11-2025,10/12/2025,Gold Loan,96018,6,10.97,"INR 39,607",Salaried,5.2,710,Guwahati,Assam,Tier 3,0,Y,0 (Current),0
APP100281,CUST20518,25 May 2025,10 Jun 2025,bnpl,23741,6,1.17,236109,Salaried,13.1,,ranchi,Jharkhand,Tier 3,1,Y,0 (Current),0
APP100236,CUST21284,23-04-2025,2025-05-06,personal loan,59753,60,22.63,41888,SALARIED,13.7,748,  Bangalore  ,Karnataka,Tier 1,1,Y,0 (Current),0
APP102573,CUST20724,2025-05-02,14-05-2025,TWO-WHEELER LOAN,102196,12,15.56,"INR 36,783",Salaried,9.5,663,Patna,Bihar,Tier 3,2,Y,1-30,0
APP100111,CUST21300,19/12/2025,2025-12-28,Gold Loan,126752,6,11.01,"INR 203,482",  Self-Employed  ,6.4,751,delhi,Delhi,Tier 1,0,N,0 (Current),0
APP100386,CUST20566,09 Apr 2025,17-04-2025,CONSUMER DURABLE LOAN,27450,12,18.69,,  Salaried  ,1.5,848,LUCKNOW,Uttar Pradesh,Tier 2,2,Y,90+,1
APP100530,CUST21107,26/03/2024,31-03-2024,BNPL,19517,3,9.19,22393,Salaried,9.0,606,GUWAHATI,Assam,Tier 3,1,Y,90+,1
APP100360,CUST21099,2025-05-03,08/05/2025,Two-Wheeler Loan,136191,12,11.47,"18,335",SALARIED,5.2,649,AHMEDABAD,Gujarat,Tier 2,1,Y,1-30,0
APP102254,CUST20176,02-02-2025,22 Feb 2025,two-wheeler loan,67906,12,15.67,"22,834",self-employed,15.7,770,Ranchi,Jharkhand,Tier 3,0,Y,90+,1
APP101542,CUST22231,11-07-2024,13 Jul 2024,bnpl,6257,3,8.27,68024,SALARIED,16.7,686,Indore,Madhya Pradesh,Tier 2,1,Y,0 (Current),0
APP102232,CUST20447,2024-06-02,2024-06-22,  Consumer Durable Loan  ,79233,3,15.97,22942,SALARIED,14.8,658,Delhi,Delhi,Tier 1,0,Y,0 (Current),0
APP100675,CUST21149,2024-05-17,2024-05-23,gold loan,46079,6,10.03,39910,SELF-EMPLOYED,13.6,737,  Pune  ,Maharashtra,Tier 1,0,N,0 (Current),0
APP101230,CUST20435,21/01/2025,07/02/2025,  Two-Wheeler Loan  ,77556,12,13.13,30135,Self-Employed,3.6,697,Ahmedabad,Gujarat,Tier 2,3,Y,31-60,0
APP100463,CUST20184,2024-01-05,15/01/2024,Personal Loan,158389,60,20.4,18030,SELF-EMPLOYED,1.3,715,jodhpur,Rajasthan,Tier 3,0,Y,0 (Current),0
APP100104,CUST21147,04 Mar 2024,12/03/2024,consumer durable loan,19128,3,17.55,212558,SELF-EMPLOYED,16.1,740,Delhi,Delhi,Tier 1,1,Y,31-60,0
APP101953,CUST22142,26-07-2025,11 Aug 2025,Two-Wheeler Loan,76952,18,15.8,"78,525",Salaried,2.7,670,patna,Bihar,Tier 3,2,Y,0 (Current),0
APP102102,CUST20748,2024-07-01,03/07/2024,BNPL,18525,6,15.02,31269,Self-Employed,14.0,602,PUNE,Maharashtra,Tier 1,4,N,0 (Current),0
APP100422,CUST20119,2025-01-14,2025-02-03,  BNPL  ,12650,6,4.5,22313,self-employed,13.2,628,LUCKNOW,Uttar Pradesh,Tier 2,1,Y,90+,1
APP101173,CUST20729,13/12/2025,21-12-2025,Two-Wheeler Loan,146193,18,15.86,72833,  Salaried  ,15.7,678,mumbai,Maharashtra,Tier 1,1,Y,0 (Current),0
APP101555,CUST20472,07 Sep 2025,21/09/2025,Personal Loan,427266,48,17.58,21096,Salaried,8.6,693,Indore,Madhya Pradesh,Tier 2,2,Y,31-60,0
APP100437,CUST21772,2025-04-13,2025-04-24,Personal Loan,168085,36,18.27,34628,SALARIED,,693,Agra,Uttar Pradesh,Tier 3,2,Y,0 (Current),0
APP100852,CUST20755,2025-05-02,22-05-2025,Gold Loan,67398,9,10.97,"104,864",Salaried,7.3,806,pune,Maharashtra,Tier 1,0,Y,0 (Current),0
APP102361,CUST21012,05 Jun 2025,16 Jun 2025,TWO-WHEELER LOAN,45304,12,13.21,"16,386",Self-Employed,1.1,542,  Jaipur  ,Rajasthan,Tier 2,1,Y,90+,1
APP100629,CUST20580,04/08/2024,09/08/2024,GOLD LOAN,28305,12,11.1,107418,Self-Employed,0.3,803,DELHI,Delhi,Tier 1,1,Y,0 (Current),0
APP102280,CUST20528,26-05-2025,11-06-2025,BNPL,9605,3,2.55,"74,318",Salaried,2.4,653,HYDERABAD,Telangana,Tier 1,0,Y,0 (Current),0
APP100292,CUST20849,14-04-2025,2025-04-22,  Consumer Durable Loan  ,30756,3,16.62,39021,  Salaried  ,3.8,692,Jodhpur,Rajasthan,Tier 3,0,Y,90+,1
APP101535,CUST20264,01-10-2024,18 Oct 2024,consumer durable loan,38329,12,18.73,108545,Salaried,10.7,812,Indore,Madhya Pradesh,Tier 2,1,Y,0 (Current),0
APP102187,CUST21853,29-08-2024,04-09-2024,Gold Loan,135392,12,11.75,"INR 112,869",Salaried,10.8,724,Jodhpur,Rajasthan,Tier 3,1,Y,1-30,0
APP102579,CUST20548,02 Jul 2025,20-07-2025,Consumer Durable Loan,48785,12,15.21,"103,181",SELF-EMPLOYED,14.5,771,Mumbai,Maharashtra,Tier 1,3,Y,0 (Current),0
APP101778,CUST21737,01/07/2025,07-07-2025,PERSONAL LOAN,100142,36,16.52,37563,SALARIED,2.0,695,  Lucknow  ,Uttar Pradesh,Tier 2,2,Y,90+,1
APP101154,CUST22153,11-06-2025,15/06/2025,PERSONAL LOAN,499850,12,19.36,17636,Self-Employed,9.5,701,Guwahati,Assam,Tier 3,1,Y,0 (Current),0
APP101582,CUST20767,23 Apr 2025,27/04/2025,Personal Loan,184272,12,20.23,21464,Self-Employed,7.2,624,  Hyderabad  ,Telangana,Tier 1,4,Y,0 (Current),0
APP101785,CUST20073,07 Apr 2024,25-04-2024,bnpl,12382,1,4.71,32577,Self-Employed,11.5,731,Mumbai,Maharashtra,Tier 1,0,Y,0 (Current),0
APP101976,CUST20958,12-07-2024,22 Jul 2024,Consumer Durable Loan,69100,3,18.88,40497,Self-Employed,7.9,560,Jaipur,Rajasthan,Tier 2,1,N,0 (Current),0
APP102251,CUST21379,17 Jan 2025,31-01-2025,  BNPL  ,3450,3,16.26,,SELF-EMPLOYED,16.4,627,Raipur,Chhattisgarh,Tier 3,0,Y,0 (Current),0
APP102318,CUST21004,28-10-2025,03 Nov 2025,gold loan,48422,6,10.04,65360,Self-Employed,15.9,731,Bangalore,Karnataka,Tier 1,2,Y,31-60,0
APP102528,CUST21170,30-04-2024,17 May 2024,Personal Loan,495725,36,23.58,17775,Salaried,6.3,,INDORE,Madhya Pradesh,Tier 2,0,Y,90+,1
APP101059,CUST21457,09-04-2024,25/04/2024,  Consumer Durable Loan  ,31941,9,16.36,25879,Salaried,10.4,686,pune,Maharashtra,Tier 1,1,Y,0 (Current),0
APP100378,CUST20844,2025-07-08,2025-07-27,consumer durable loan,56094,9,20.82,"103,369",SELF-EMPLOYED,8.0,646,AHMEDABAD,Gujarat,Tier 2,0,Y,0 (Current),0
APP100633,CUST20751,21/03/2025,27/03/2025,Consumer Durable Loan,76684,6,16.04,91142,Self-Employed,13.1,784,mumbai,Maharashtra,Tier 1,0,Y,90+,1
APP102255,CUST20053,26 Dec 2025,27-12-2025,Consumer Durable Loan,70714,9,21.96,45651,Salaried,16.5,709,chennai,Tamil Nadu,Tier 1,2,Y,0 (Current),0
APP100335,CUST20132,2025-03-09,21 Mar 2025,Gold Loan,134815,9,11.72,"17,627",SALARIED,15.0,708,Lucknow,Uttar Pradesh,Tier 2,1,Y,0 (Current),0
APP100784,CUST21012,05-09-2025,17-09-2025,bnpl,5134,3,3.6,"INR 24,341",Self-Employed,16.1,593,BANGALORE,Karnataka,Tier 1,1,N,61-90,1
APP102005,CUST20095,29/12/2024,2025-01-06,Consumer Durable Loan,44610,6,20.72,36783,Salaried,7.3,681,  Mumbai  ,Maharashtra,Tier 1,1,N,0 (Current),0
APP101630,CUST20277,13/02/2024,2024-03-04,  Personal Loan  ,144402,60,20.36,38690,Salaried,0.9,685,RANCHI,Jharkhand,Tier 3,4,Y,0 (Current),0
APP101072,CUST20668,16 Nov 2024,21-11-2024,Consumer Durable Loan,9385,12,21.02,"56,543",salaried,16.5,746,CHENNAI,Tamil Nadu,Tier 1,0,Y,0 (Current),0
APP100243,CUST20085,01 Jun 2024,19 Jun 2024,Personal Loan,292443,24,16.62,"INR 204,818",salaried,4.1,776,Guwahati,Assam,Tier 3,1,Y,90+,1
APP102572,CUST22208,05 Dec 2025,,Consumer Durable Loan,47088,9,21.68,61955,Salaried,15.3,755,guwahati,Assam,Tier 3,1,Y,1-30,0
APP100555,CUST20344,09-01-2024,09/01/2024,BNPL,5123,3,17.29,"61,545",SALARIED,17.3,783,jodhpur,Rajasthan,Tier 3,2,Y,90+,1
APP100982,CUST21819,30-10-2025,2025-11-05,personal loan,340402,60,18.19,79854,self-employed,17.8,,  Mumbai  ,Maharashtra,Tier 1,0,Y,0 (Current),0
APP100736,CUST21178,2024-04-10,15/04/2024,BNPL,19591,1,17.88,81069,self-employed,,714,AHMEDABAD,Gujarat,Tier 2,1,N,31-60,0
APP102104,CUST20005,2025-10-31,10-11-2025,CONSUMER DURABLE LOAN,34241,3,13.28,57889,Salaried,3.0,656,  Pune  ,Maharashtra,Tier 1,0,Y,0 (Current),0
APP100855,CUST21815,11-02-2024,15-02-2024,Personal Loan,278946,36,15.18,"23,693",salaried,16.6,642,jodhpur,Rajasthan,Tier 3,4,Y,0 (Current),0
APP100059,CUST21310,2024-08-30,10-09-2024,BNPL,24944,6,3.13,63023,Salaried,16.0,711,  Indore  ,Madhya Pradesh,Tier 2,4,Y,0 (Current),0
APP101244,CUST21861,2024-10-04,,Two-Wheeler Loan,123088,24,15.5,140447,self-employed,11.5,,DELHI,Delhi,Tier 1,2,Y,0 (Current),0
APP100276,CUST20415,17 Jul 2024,2024-07-28,two-wheeler loan,54156,12,11.06,222621,SALARIED,9.3,809,Hyderabad,Telangana,Tier 1,2,Y,0 (Current),0
APP100067,CUST21083,2024-10-07,19/10/2024,BNPL,11752,3,12.69,33078,SALARIED,5.4,656,Lucknow,Uttar Pradesh,Tier 2,1,Y,0 (Current),0
APP101519,CUST22259,15/11/2024,18-11-2024,Personal Loan,158427,36,14.27,"93,773",SELF-EMPLOYED,6.3,797,Mumbai,Maharashtra,Tier 1,1,Y,0 (Current),0
APP102113,CUST22156,2025-04-20,01/05/2025,  Consumer Durable Loan  ,33722,6,21.84,20572,SALARIED,9.3,657,Ahmedabad,Gujarat,Tier 2,3,Y,90+,1
APP100602,CUST20572,06-11-2025,2025-11-26,bnpl,5463,1,7.39,61895,Salaried,16.3,817,Mumbai,Maharashtra,Tier 1,2,Y,61-90,1
APP100683,CUST21511,26/08/2024,2024-08-30,CONSUMER DURABLE LOAN,61806,6,13.38,139780,salaried,2.1,731,Jaipur,Rajasthan,Tier 2,2,Y,0 (Current),0
APP100442,CUST20913,02-05-2025,19 May 2025,  BNPL  ,16431,1,15.42,122951,Self-Employed,7.5,800,Delhi,Delhi,Tier 1,2,N,1-30,0
APP102382,CUST22288,2025-07-31,19 Aug 2025,two-wheeler loan,88179,24,15.6,174438,  Salaried  ,0.6,736,JAIPUR,Rajasthan,Tier 2,0,Y,0 (Current),0
APP102283,CUST20648,27/07/2024,,gold loan,133371,6,11.39,28844,SALARIED,1.9,617,nagpur,Maharashtra,Tier 2,1,Y,1-30,0
APP102245,CUST20691,12/06/2024,24 Jun 2024,two-wheeler loan,61077,24,11.51,133465,Self-Employed,,840,ahmedabad,Gujarat,Tier 2,1,Y,0 (Current),0
APP102334,CUST20615,31/12/2025,31 Dec 2025,consumer durable loan,21465,12,20.44,43180,  Salaried  ,13.4,659,Patna,Bihar,Tier 3,1,Y,0 (Current),0
APP100881,CUST20580,25 Apr 2025,08-05-2025,personal loan,405367,12,17.49,31340,  Salaried  ,5.2,627,  Nagpur  ,Maharashtra,Tier 2,2,Y,90+,1
APP101156,CUST20973,2024-12-06,,  BNPL  ,21704,6,14.4,"21,766",salaried,6.5,712,  Jodhpur  ,Rajasthan,Tier 3,3,Y,0 (Current),0
APP102401,CUST20547,05-05-2025,15 May 2025,Personal Loan,338260,36,14.46,15184,  Salaried  ,13.9,592,hyderabad,Telangana,Tier 1,1,Y,90+,1
APP100369,CUST21799,14-11-2025,25 Nov 2025,  Personal Loan  ,440384,24,15.71,59168,SALARIED,0.4,697,RANCHI,Jharkhand,Tier 3,1,Y,90+,1
APP101311,CUST21230,21 Aug 2024,04 Sep 2024,PERSONAL LOAN,145127,36,19.65,19813,Salaried,10.4,597,Ranchi,Jharkhand,Tier 3,1,Y,0 (Current),0
APP102598,CUST21138,24/09/2025,30/09/2025,CONSUMER DURABLE LOAN,13412,12,15.79,74880,SALARIED,14.5,830,Jaipur,Rajasthan,Tier 2,1,Y,0 (Current),0
APP100548,CUST20106,2024-05-31,2024-06-15,BNPL,23155,3,13.55,161006,Salaried,,764,NAGPUR,Maharashtra,Tier 2,0,Y,0 (Current),0
APP101868,CUST21935,12-10-2024,2024-10-31,BNPL,22748,6,14.26,"16,282",Self-Employed,11.0,677,jaipur,Rajasthan,Tier 2,2,Y,0 (Current),0
APP101747,CUST21750,29 Feb 2024,16/03/2024,  Consumer Durable Loan  ,71322,9,14.2,"INR 43,411",Salaried,13.8,682,BANGALORE,Karnataka,Tier 1,1,Y,1-30,0
APP100390,CUST20106,02-05-2024,06/05/2024,Personal Loan,287947,36,23.18,43716,salaried,8.0,656,hyderabad,Telangana,Tier 1,2,Y,0 (Current),0
APP100655,CUST22321,20/06/2024,07/07/2024,GOLD LOAN,22368,6,11.64,60005,Salaried,17.3,725,  Pune  ,Maharashtra,Tier 1,3,Y,0 (Current),0
APP101872,CUST21799,28/11/2025,2025-12-15,TWO-WHEELER LOAN,76311,18,13.24,"34,808",Salaried,14.0,768,Jaipur,Rajasthan,Tier 2,0,Y,90+,1
APP101775,CUST20862,18-07-2025,2025-08-07,Personal Loan,396075,24,14.08,100414,Salaried,0.1,714,CHENNAI,Tamil Nadu,Tier 1,1,Y,0 (Current),0
APP102170,CUST20557,24/02/2024,14-03-2024,Personal Loan,58557,36,19.72,27405,SELF-EMPLOYED,5.5,625,Ranchi,Jharkhand,Tier 3,0,N,90+,1
APP101704,CUST22136,04/10/2025,23-10-2025,consumer durable loan,16013,12,19.33,66540,salaried,4.7,735,Lucknow,Uttar Pradesh,Tier 2,1,Y,0 (Current),0
APP100072,CUST22202,14-07-2025,2025-07-19,Two-Wheeler Loan,109228,24,11.39,87435,Self-Employed,14.2,,PATNA,Bihar,Tier 3,1,N,0 (Current),0
APP100485,CUST21287,2024-11-18,,consumer durable loan,24847,9,21.6,34043,SALARIED,10.9,751,Delhi,Delhi,Tier 1,1,Y,0 (Current),0
APP100373,CUST20788,2025-10-19,03-11-2025,  BNPL  ,13782,3,10.23,16576,Salaried,14.6,686,Mumbai,Maharashtra,Tier 1,2,Y,0 (Current),0
APP102471,CUST22042,24-06-2024,29/06/2024,personal loan,382913,12,17.29,99361,SALARIED,12.9,752,Jaipur,Rajasthan,Tier 2,1,Y,0 (Current),0
APP100895,CUST20569,19 Oct 2025,07/11/2025,BNPL,22809,3,17.89,104572,Salaried,8.5,738,bangalore,Karnataka,Tier 1,3,Y,0 (Current),0
APP102155,CUST21918,2025-07-20,04/08/2025,BNPL,4732,6,6.62,68854,Self-Employed,16.6,803,Lucknow,Uttar Pradesh,Tier 2,1,Y,0 (Current),0
APP102556,CUST20715,11/05/2025,14/05/2025,bnpl,5606,3,10.25,29479,  Salaried  ,4.6,661,Mumbai,Maharashtra,Tier 1,0,Y,0 (Current),0
APP100125,CUST22006,27/06/2025,04/07/2025,CONSUMER DURABLE LOAN,70573,12,13.04,"INR 83,481",Salaried,11.4,686,coimbatore,Tamil Nadu,Tier 2,4,Y,0 (Current),0
APP101804,CUST21784,2025-05-29,2025-05-29,BNPL,23325,1,14.54,47143,Self-Employed,3.8,761,Lucknow,Uttar Pradesh,Tier 2,1,N,0 (Current),0
APP101251,CUST21310,10 Mar 2025,20-03-2025,  Personal Loan  ,57478,12,19.88,20280,self-employed,13.5,,indore,Madhya Pradesh,Tier 2,0,Y,0 (Current),0
APP100451,CUST21423,02/12/2024,02/12/2024,BNPL,22582,6,14.0,40098,Salaried,9.4,678,INDORE,Madhya Pradesh,Tier 2,1,N,61-90,1
APP100897,CUST22121,28/07/2025,04-08-2025,personal loan,316281,60,16.91,22548,Salaried,9.4,,Chennai,Tamil Nadu,Tier 1,1,Y,1-30,0
APP100538,CUST21447,02/03/2024,2024-03-05,  Personal Loan  ,75655,36,14.03,,Salaried,8.8,738,bangalore,Karnataka,Tier 1,1,Y,0 (Current),0
APP101425,CUST22214,2025-01-10,10/01/2025,personal loan,114645,12,16.23,"INR 30,816",Self-Employed,13.3,677,Mumbai,Maharashtra,Tier 1,0,Y,0 (Current),0
APP100336,CUST21919,29/01/2024,2024-02-04,Two-Wheeler Loan,65523,24,11.54,47068,SELF-EMPLOYED,14.5,622,Ahmedabad,Gujarat,Tier 2,0,Y,0 (Current),0
APP100166,CUST21279,2024-08-29,06-09-2024,Consumer Durable Loan,47166,6,16.24,14786,Self-Employed,2.2,651,Jodhpur,Rajasthan,Tier 3,0,Y,0 (Current),0
APP101213,CUST21812,05/04/2024,09/04/2024,BNPL,7270,3,8.41,"INR 102,467",SELF-EMPLOYED,4.7,715,lucknow,Uttar Pradesh,Tier 2,0,Y,0 (Current),0
APP100524,CUST21267,16-03-2024,23/03/2024,Personal Loan,358115,12,15.48,40116,  Salaried  ,,735,INDORE,Madhya Pradesh,Tier 2,4,Y,0 (Current),0
APP102215,CUST20622,30 Oct 2025,18-11-2025,TWO-WHEELER LOAN,68316,12,13.54,"INR 16,701",Salaried,0.5,604,  Mumbai  ,Maharashtra,Tier 1,0,N,0 (Current),0
APP100552,CUST21032,16-02-2025,05-03-2025,  Consumer Durable Loan  ,54488,9,19.82,100572,Salaried,17.7,796,Mumbai,Maharashtra,Tier 1,3,N,0 (Current),0
APP100540,CUST22278,07/05/2025,2025-05-16,Personal Loan,60260,36,21.68,60471,Self-Employed,17.6,768,ranchi,Jharkhand,Tier 3,2,Y,90+,1
APP100173,CUST20377,2024-02-27,11-03-2024,Personal Loan,482907,60,22.2,52294,SELF-EMPLOYED,14.3,763,Jaipur,Rajasthan,Tier 2,0,Y,0 (Current),0
APP101487,CUST20085,23 Nov 2024,09-12-2024,  Two-Wheeler Loan  ,144090,12,11.91,29048,SALARIED,,661,Nagpur,Maharashtra,Tier 2,4,Y,0 (Current),0
APP100981,CUST22079,2025-03-29,09 Apr 2025,CONSUMER DURABLE LOAN,31854,12,13.61,62912,  Self-Employed  ,0.2,578,Bangalore,Karnataka,Tier 1,2,Y,1-30,0
APP101374,CUST22156,13 Jan 2024,,  BNPL  ,13489,1,13.45,182939,Salaried,13.3,889,Jaipur,Rajasthan,Tier 2,0,Y,0 (Current),0
APP101718,CUST21624,05 Dec 2024,10/12/2024,CONSUMER DURABLE LOAN,21033,9,18.27,113082,SALARIED,5.0,741,  Pune  ,Maharashtra,Tier 1,0,Y,0 (Current),0
APP100514,CUST22167,18-02-2025,2025-03-06,BNPL,17290,6,16.98,"57,944",Salaried,13.1,698,patna,Bihar,Tier 3,1,Y,0 (Current),0
APP100691,CUST22205,30 Aug 2025,2025-09-16,Personal Loan,368084,48,23.57,,Salaried,1.4,812,ahmedabad,Gujarat,Tier 2,2,Y,1-30,0
APP101514,CUST20837,14 May 2025,20 May 2025,Consumer Durable Loan,74268,9,15.35,"INR 21,782",Salaried,9.1,660,NAGPUR,Maharashtra,Tier 2,2,Y,90+,1
APP101020,CUST21590,04/02/2024,07 Feb 2024,Personal Loan,155255,12,22.95,58732,Self-Employed,17.3,660,jaipur,Rajasthan,Tier 2,1,Y,0 (Current),0
APP101035,CUST20655,2025-12-17,19/12/2025,CONSUMER DURABLE LOAN,79859,6,21.86,53948,SELF-EMPLOYED,16.8,677,nagpur,Maharashtra,Tier 2,0,Y,0 (Current),0
APP101019,CUST21581,02/06/2025,08 Jun 2025,Personal Loan,288252,24,23.62,200403,salaried,15.0,841,Nagpur,Maharashtra,Tier 2,2,Y,0 (Current),0
APP100720,CUST21597,14 Jul 2025,14-07-2025,Gold Loan,56612,12,11.13,21657,self-employed,15.7,662,Ahmedabad,Gujarat,Tier 2,0,Y,31-60,0
APP101583,CUST21014,27-12-2025,2025-12-29,Two-Wheeler Loan,43822,24,11.04,65611,SALARIED,5.9,792,Hyderabad,Telangana,Tier 1,1,Y,0 (Current),0
APP100482,CUST20957,09 Aug 2025,16-08-2025,two-wheeler loan,115657,24,14.49,221438,self-employed,14.2,773,Jodhpur,Rajasthan,Tier 3,3,Y,0 (Current),0
APP102406,CUST21656,2024-01-24,31-01-2024,Gold Loan,76249,9,13.41,"INR 29,116",Salaried,,730,BANGALORE,Karnataka,Tier 1,0,Y,0 (Current),0
APP100709,CUST20500,13-02-2024,01-03-2024,two-wheeler loan,115170,36,12.54,80232,SALARIED,17.3,745,  Jaipur  ,Rajasthan,Tier 2,0,Y,0 (Current),0
APP100943,CUST20454,2024-02-12,14/02/2024,BNPL,21254,1,5.6,30827,Salaried,3.7,676,Hyderabad,Telangana,Tier 1,1,Y,31-60,0
APP100164,CUST21114,29-09-2025,16/10/2025,personal loan,201831,12,20.37,"INR 92,618",Salaried,15.4,685,  Chennai  ,Tamil Nadu,Tier 1,1,Y,0 (Current),0
APP101266,CUST20049,22 Sep 2024,07/10/2024,  Personal Loan  ,229682,12,18.47,44934,SALARIED,,734,hyderabad,Telangana,Tier 1,2,N,0 (Current),0
APP101097,CUST20881,28-04-2025,2025-05-16,  Consumer Durable Loan  ,77416,6,21.78,"56,830",Salaried,7.4,715,Patna,Bihar,Tier 3,0,Y,90+,1
APP100490,CUST20677,26 Sep 2025,2025-10-04,BNPL,10143,1,11.09,64554,Salaried,17.8,681,jodhpur,Rajasthan,Tier 3,3,Y,90+,1
APP101469,CUST20981,23-01-2025,,Gold Loan,40127,9,9.56,38974,  Self-Employed  ,11.0,782,  Delhi  ,Delhi,Tier 1,0,Y,0 (Current),0
APP100727,CUST22244,07/09/2024,09/09/2024,bnpl,21316,6,4.99,170923,Salaried,0.9,771,PUNE,Maharashtra,Tier 1,3,Y,0 (Current),0
APP100007,CUST20903,07-08-2025,20 Aug 2025,bnpl,4321,6,4.28,"INR 46,930",Salaried,16.3,717,Mumbai,Maharashtra,Tier 1,0,Y,0 (Current),0
APP102387,CUST21163,10-11-2025,30/11/2025,Consumer Durable Loan,34561,9,14.83,56511,salaried,15.2,718,Coimbatore,Tamil Nadu,Tier 2,1,Y,90+,1
APP102257,CUST21740,22/07/2024,08 Aug 2024,PERSONAL LOAN,152446,48,20.17,36755,Salaried,9.3,598,BANGALORE,Karnataka,Tier 1,4,Y,0 (Current),0
APP100775,CUST21075,17-10-2025,04 Nov 2025,Two-Wheeler Loan,130041,18,15.86,50169,salaried,12.9,791,delhi,Delhi,Tier 1,4,Y,0 (Current),0
APP101094,CUST21335,08 Feb 2024,10-02-2024,CONSUMER DURABLE LOAN,25025,3,20.52,68298,SALARIED,14.9,750,hyderabad,Telangana,Tier 1,3,Y,0 (Current),0
APP100541,CUST20804,24 Aug 2024,2024-09-10,two-wheeler loan,104638,18,13.15,"36,015",salaried,,,Agra,Uttar Pradesh,Tier 3,0,Y,0 (Current),0
APP100964,CUST21410,25/09/2024,30 Sep 2024,PERSONAL LOAN,264320,48,14.44,,SALARIED,16.7,674,Ahmedabad,Gujarat,Tier 2,2,Y,0 (Current),0
APP101286,CUST21780,05 Sep 2025,21/09/2025,Consumer Durable Loan,40252,6,15.37,"INR 15,975",SALARIED,2.5,694,coimbatore,Tamil Nadu,Tier 2,1,Y,0 (Current),0
APP101025,CUST20477,2024-08-18,2024-08-25,BNPL,21971,6,1.19,32823,  Salaried  ,3.4,699,indore,Madhya Pradesh,Tier 2,0,Y,0 (Current),0
APP102038,CUST20384,05-06-2024,15-06-2024,Gold Loan,42932,6,13.38,69214,  Salaried  ,13.8,761,MUMBAI,Maharashtra,Tier 1,3,N,0 (Current),0
APP101827,CUST20160,2024-08-17,2024-08-28,  Personal Loan  ,355202,36,23.61,"85,639",SALARIED,1.8,754,PATNA,Bihar,Tier 3,2,Y,90+,1
APP100169,CUST21320,16-05-2025,27-05-2025,Personal Loan,66396,24,15.07,"INR 47,185",  Salaried  ,16.9,737,Delhi,Delhi,Tier 1,1,Y,0 (Current),0
APP101504,CUST21045,07 Mar 2024,2024-03-21,Consumer Durable Loan,45338,3,13.3,74554,Self-Employed,5.8,725,lucknow,Uttar Pradesh,Tier 2,0,N,0 (Current),0
APP101171,CUST21178,2024-07-02,03 Jul 2024,CONSUMER DURABLE LOAN,28315,3,15.55,"INR 227,887",salaried,5.1,790,HYDERABAD,Telangana,Tier 1,0,Y,0 (Current),0
APP102018,CUST20514,29-09-2025,2025-10-14,Consumer Durable Loan,44676,6,16.66,58480,salaried,3.6,700,Delhi,Delhi,Tier 1,0,Y,0 (Current),0
APP100261,CUST21371,29-08-2025,11/09/2025,consumer durable loan,20166,9,17.69,"73,832",SALARIED,17.9,736,  Hyderabad  ,Telangana,Tier 1,0,Y,1-30,0
APP101783,CUST20865,29 Sep 2025,10/10/2025,  Gold Loan  ,32641,12,13.23,21510,SALARIED,16.2,583,  Mumbai  ,Maharashtra,Tier 1,1,Y,0 (Current),0
APP100729,CUST22209,12/03/2024,2024-03-26,  Two-Wheeler Loan  ,140539,24,15.84,"INR 48,909",Self-Employed,9.2,0,JODHPUR,Rajasthan,Tier 3,0,Y,0 (Current),0
APP100488,CUST20331,12-06-2024,18/06/2024,  Personal Loan  ,379084,60,16.81,30380,Salaried,2.7,560,jaipur,Rajasthan,Tier 2,1,Y,0 (Current),0
APP100755,CUST20789,11 Dec 2024,12/12/2024,Personal Loan,246209,36,17.44,"INR 17,748",SALARIED,1.2,654,BANGALORE,Karnataka,Tier 1,3,Y,90+,1
APP100473,CUST21485,07-02-2025,13/02/2025,Consumer Durable Loan,53066,9,21.89,50959,SALARIED,0.4,713,JODHPUR,Rajasthan,Tier 3,0,Y,0 (Current),0
APP101800,CUST22329,16/08/2024,2024-08-23,Personal Loan,221302,12,22.71,56827,Self-Employed,5.6,691,  Delhi  ,Delhi,Tier 1,1,Y,0 (Current),0
APP101506,CUST21477,03/05/2025,14/05/2025,Personal Loan,323986,12,15.17,"34,118",Salaried,14.2,694,Nagpur,Maharashtra,Tier 2,0,Y,0 (Current),0
APP101901,CUST20804,15 Sep 2025,22/09/2025,  Personal Loan  ,380056,60,15.04,32364,Self-Employed,8.8,590,Bangalore,Karnataka,Tier 1,2,Y,1-30,0
APP102568,CUST20509,04-11-2025,,TWO-WHEELER LOAN,148085,36,15.16,"40,272",SELF-EMPLOYED,6.3,548,JAIPUR,Rajasthan,Tier 2,0,Y,1-30,0
APP102435,CUST22331,11-02-2024,16 Feb 2024,Personal Loan,422691,60,14.84,52229,salaried,6.1,762,ahmedabad,Gujarat,Tier 2,1,Y,0 (Current),0
APP101414,CUST22094,2024-11-22,2024-12-07,PERSONAL LOAN,417889,36,20.13,25362,Self-Employed,14.6,803,  Bangalore  ,Karnataka,Tier 1,0,Y,61-90,1
APP101932,CUST22060,19/12/2024,21/12/2024,Gold Loan,147302,6,9.74,"INR 33,627",Salaried,7.8,641,Ranchi,Jharkhand,Tier 3,3,Y,1-30,0
APP100453,CUST21437,13/12/2025,25/12/2025,personal loan,355055,36,23.09,"40,004",SELF-EMPLOYED,5.8,640,Hyderabad,Telangana,Tier 1,2,Y,90+,1
APP101272,CUST20995,2025-04-10,22-04-2025,Two-Wheeler Loan,140373,36,12.43,38884,Salaried,10.9,678,JAIPUR,Rajasthan,Tier 2,0,Y,0 (Current),0
APP100449,CUST21996,15/10/2025,23 Oct 2025,BNPL,13880,1,15.65,28377,salaried,,647,  Coimbatore  ,Tamil Nadu,Tier 2,4,Y,90+,1
APP102279,CUST21240,2024-05-21,29 May 2024,Consumer Durable Loan,46458,6,14.96,27697,Salaried,14.2,708,Pune,Maharashtra,Tier 1,1,Y,0 (Current),0
APP100701,CUST21377,24 May 2024,02-06-2024,personal loan,285005,48,17.07,"INR 65,865",Salaried,5.6,635,jodhpur,Rajasthan,Tier 3,1,Y,1-30,0
APP100724,CUST22324,21-07-2024,2024-07-29,GOLD LOAN,89348,6,11.07,26430,Salaried,10.3,656,DELHI,Delhi,Tier 1,4,Y,31-60,0
APP101721,CUST20273,01/04/2024,08 Apr 2024,consumer durable loan,25494,12,18.87,"35,528",SELF-EMPLOYED,10.8,658,Pune,Maharashtra,Tier 1,0,Y,0 (Current),0
APP100968,CUST20929,2024-10-01,01/10/2024,Gold Loan,74269,9,12.57,89747,salaried,12.8,768,PUNE,Maharashtra,Tier 1,3,Y,0 (Current),0
APP102021,CUST21693,23 Feb 2024,24/02/2024,Consumer Durable Loan,51347,3,16.01,52243,SALARIED,10.8,696,delhi,Delhi,Tier 1,4,Y,31-60,0
APP101847,CUST20919,2025-11-08,2025-11-22,bnpl,22528,6,10.49,56776,Salaried,12.6,729,jaipur,Rajasthan,Tier 2,2,Y,0 (Current),0
APP102258,CUST20993,02/09/2024,07 Sep 2024,gold loan,73099,6,10.0,"INR 22,019",SALARIED,3.2,672,chennai,Tamil Nadu,Tier 1,0,Y,0 (Current),0
APP101043,CUST20233,2025-08-20,05 Sep 2025,Consumer Durable Loan,33336,9,18.92,"50,331",SELF-EMPLOYED,8.4,696,RAIPUR,Chhattisgarh,Tier 3,1,N,90+,1
APP100771,CUST22303,04 Aug 2024,18 Aug 2024,Consumer Durable Loan,52231,3,15.05,"32,740",SALARIED,13.6,692,HYDERABAD,Telangana,Tier 1,1,Y,90+,1
APP100521,CUST21663,17-06-2024,05-07-2024,Consumer Durable Loan,71769,12,21.35,,Self-Employed,6.7,600,Patna,Bihar,Tier 3,1,Y,90+,1
APP100487,CUST21069,23-11-2024,23 Nov 2024,Gold Loan,82743,6,9.67,24137,Salaried,11.6,659,BANGALORE,Karnataka,Tier 1,4,Y,0 (Current),0
APP100238,CUST20173,04-11-2025,08/11/2025,  Consumer Durable Loan  ,47056,3,21.11,"INR 45,653",Salaried,16.1,704,Guwahati,Assam,Tier 3,1,Y,0 (Current),0
APP101416,CUST22159,15 Jan 2025,30-01-2025,PERSONAL LOAN,198625,48,17.06,"INR 14,449",Self-Employed,15.5,688,Bangalore,Karnataka,Tier 1,1,Y,1-30,0
APP102582,CUST20946,29/03/2025,13 Apr 2025,CONSUMER DURABLE LOAN,15907,3,14.13,61511,  Salaried  ,5.7,717,bangalore,Karnataka,Tier 1,4,Y,0 (Current),0
APP101187,CUST22134,03/11/2024,21/11/2024,BNPL,20979,6,16.49,38099,Salaried,,672,Jaipur,Rajasthan,Tier 2,2,Y,90+,1
APP102154,CUST21069,16 Mar 2025,2025-03-26,CONSUMER DURABLE LOAN,50015,12,17.25,"INR 135,780",Salaried,8.7,720,Nagpur,Maharashtra,Tier 2,2,Y,0 (Current),0
APP100399,CUST20334,23-06-2024,10 Jul 2024,Personal Loan,442245,12,15.66,"27,540",Salaried,13.6,581,Jodhpur,Rajasthan,Tier 3,0,Y,0 (Current),0
APP102237,CUST20421,27-07-2025,07-08-2025,BNPL,4567,6,5.26,"32,958",SELF-EMPLOYED,12.4,673,delhi,Delhi,Tier 1,3,Y,0 (Current),0
APP100300,CUST21631,18-01-2025,02 Feb 2025,Gold Loan,88807,9,12.12,"INR 13,329",self-employed,1.3,655,NAGPUR,Maharashtra,Tier 2,2,N,90+,1
APP100511,CUST20937,22/08/2024,24-08-2024,BNPL,23135,6,10.78,154061,SALARIED,3.0,798,Chennai,Tamil Nadu,Tier 1,4,Y,61-90,1
APP101064,CUST21729,02 Sep 2024,16/09/2024,BNPL,15421,6,14.46,"INR 58,341",Salaried,16.0,697,NAGPUR,Maharashtra,Tier 2,0,Y,0 (Current),0
APP102010,CUST20044,02 Jan 2024,2024-01-05,GOLD LOAN,121642,6,11.92,"INR 31,687",self-employed,14.2,639,HYDERABAD,Telangana,Tier 1,3,Y,0 (Current),0
APP102017,CUST21391,14 Oct 2024,2024-10-15,Personal Loan,93257,24,23.79,"INR 67,833",Self-Employed,2.5,696,Ahmedabad,Gujarat,Tier 2,0,Y,61-90,1
APP101245,CUST20773,17/10/2024,22/10/2024,BNPL,2474,1,0.97,"INR 35,586",SALARIED,9.7,,Nagpur,Maharashtra,Tier 2,3,Y,90+,1
APP101920,CUST22058,27-05-2024,2024-06-04,  BNPL  ,13679,1,11.27,"50,095",SELF-EMPLOYED,0.6,676,RANCHI,Jharkhand,Tier 3,0,Y,90+,1
APP101967,CUST22017,05-08-2024,12-08-2024,  BNPL  ,8574,1,3.93,,Self-Employed,11.0,,Patna,Bihar,Tier 3,1,N,0 (Current),0
APP100828,CUST21415,14/06/2024,26-06-2024,two-wheeler loan,75092,12,13.12,"62,852",Salaried,1.5,750,Nagpur,Maharashtra,Tier 2,1,Y,0 (Current),0
APP101193,CUST21626,13 Feb 2024,29 Feb 2024,  Consumer Durable Loan  ,28163,3,21.15,64022,Salaried,15.4,770,AGRA,Uttar Pradesh,Tier 3,0,Y,90+,1
APP102043,CUST21146,26-08-2024,26/08/2024,Two-Wheeler Loan,59822,24,15.12,"INR 64,187",SELF-EMPLOYED,11.7,680,bangalore,Karnataka,Tier 1,0,Y,0 (Current),0
APP101442,CUST21904,09 Sep 2025,16/09/2025,BNPL,11354,1,12.46,92315,  Salaried  ,11.5,728,Pune,Maharashtra,Tier 1,0,Y,0 (Current),0
APP100278,CUST22319,23 Aug 2024,2024-09-02,BNPL,3382,3,3.95,,SALARIED,1.9,682,GUWAHATI,Assam,Tier 3,0,Y,0 (Current),0
APP100537,CUST20165,02 Apr 2025,05 Apr 2025,Personal Loan,109041,60,14.03,26245,  Self-Employed  ,2.4,657,bangalore,Karnataka,Tier 1,2,Y,90+,1
APP102476,CUST20152,16 Jun 2025,21/06/2025,BNPL,17051,6,9.61,16103,Salaried,11.7,627,Coimbatore,Tamil Nadu,Tier 2,2,Y,0 (Current),0
APP100807,CUST22032,12/06/2024,24 Jun 2024,Consumer Durable Loan,29889,12,17.08,"INR 73,461",Salaried,14.1,766,  Chennai  ,Tamil Nadu,Tier 1,0,Y,90+,1
APP101923,CUST21871,20/09/2025,,Consumer Durable Loan,16184,6,16.65,"INR 26,878",self-employed,8.0,689,guwahati,Assam,Tier 3,1,Y,0 (Current),0
APP100570,CUST20378,2025-05-18,31-05-2025,Two-Wheeler Loan,74222,36,11.86,113601,Salaried,3.3,,agra,Uttar Pradesh,Tier 3,1,Y,0 (Current),0
APP101819,CUST20872,07-07-2025,12-07-2025,  Gold Loan  ,130743,12,9.7,,salaried,7.1,639,hyderabad,Telangana,Tier 1,1,Y,0 (Current),0
APP100324,CUST20493,30/06/2025,17/07/2025,  BNPL  ,4453,6,11.14,192626,Self-Employed,12.7,769,Mumbai,Maharashtra,Tier 1,0,Y,0 (Current),0
APP101927,CUST21081,21-12-2024,31 Dec 2024,Personal Loan,106373,12,22.97,"INR 71,167",Self-Employed,1.0,719,MUMBAI,Maharashtra,Tier 1,0,Y,31-60,0
APP100022,CUST21398,28/10/2025,12/11/2025,Two-Wheeler Loan,148620,36,14.54,41063,SALARIED,17.3,706,  Mumbai  ,Maharashtra,Tier 1,1,Y,0 (Current),0
APP100625,CUST21327,21 Jul 2025,09-08-2025,Personal Loan,372529,12,17.67,64382,Salaried,11.1,694,DELHI,Delhi,Tier 1,1,Y,0 (Current),0
APP100799,CUST21160,28 Aug 2024,01-09-2024,bnpl,14156,1,2.22,38309,SALARIED,3.0,660,COIMBATORE,Tamil Nadu,Tier 2,2,Y,0 (Current),0
APP101235,CUST21824,01 Sep 2024,03/09/2024,Consumer Durable Loan,48484,9,14.77,15206,self-employed,15.6,625,  Mumbai  ,Maharashtra,Tier 1,2,Y,0 (Current),0
APP100684,CUST22258,2024-06-09,14-06-2024,bnpl,3428,3,10.33,"28,506",Salaried,9.7,663,Hyderabad,Telangana,Tier 1,3,Y,90+,1
APP100044,CUST20348,16-03-2025,2025-04-03,consumer durable loan,65939,12,15.46,13367,SELF-EMPLOYED,11.9,711,AGRA,Uttar Pradesh,Tier 3,2,N,90+,1
APP100019,CUST20081,2024-10-06,18-10-2024,Consumer Durable Loan,59116,12,17.84,99929,Salaried,17.0,761,Ranchi,Jharkhand,Tier 3,3,Y,0 (Current),0
APP100970,CUST22004,16-01-2025,26-01-2025,BNPL,14920,3,8.13,74626,Self-Employed,14.6,750,COIMBATORE,Tamil Nadu,Tier 2,0,Y,0 (Current),0
APP101811,CUST21342,09/04/2025,28-04-2025,gold loan,149430,12,12.49,28042,Self-Employed,4.9,705,pune,Maharashtra,Tier 1,0,Y,1-30,0
APP101886,CUST21798,16 Nov 2024,06/12/2024,consumer durable loan,62287,9,18.12,"INR 176,706",Self-Employed,8.8,815,Patna,Bihar,Tier 3,1,Y,0 (Current),0
APP100430,CUST20003,2024-09-11,01 Oct 2024,TWO-WHEELER LOAN,107397,24,15.76,33872,Salaried,3.2,694,Bangalore,Karnataka,Tier 1,0,Y,0 (Current),0
APP100239,CUST21598,25/04/2024,03 May 2024,Personal Loan,193941,48,18.08,102714,SALARIED,1.9,748,Patna,Bihar,Tier 3,1,Y,0 (Current),0
APP102272,CUST20921,05/06/2025,10/06/2025,Consumer Durable Loan,35829,9,18.81,69013,  Salaried  ,10.2,670,  Chennai  ,Tamil Nadu,Tier 1,0,Y,0 (Current),0
APP102165,CUST21556,19 Dec 2025,2025-12-25,Personal Loan,145426,60,17.57,85104,Self-Employed,2.4,752,  Bangalore  ,Karnataka,Tier 1,2,Y,0 (Current),0
APP101739,CUST20700,2025-09-06,09 Sep 2025,Personal Loan,120970,12,23.11,53251,self-employed,16.6,741,CHENNAI,Tamil Nadu,Tier 1,2,Y,0 (Current),0
APP101784,CUST21204,28 Dec 2024,03 Jan 2025,Gold Loan,143215,6,12.7,65059,Salaried,6.8,726,pune,Maharashtra,Tier 1,1,Y,0 (Current),0
APP101919,CUST20710,25 Jun 2024,2024-07-02,Two-Wheeler Loan,77389,36,11.83,"INR 39,700",Salaried,,610,Bangalore,Karnataka,Tier 1,0,Y,1-30,0
APP101934,CUST20198,24-11-2024,,BNPL,23111,3,3.27,38184,salaried,12.6,612,Pune,Maharashtra,Tier 1,4,Y,0 (Current),0
APP101877,CUST20331,09-09-2024,2024-09-13,GOLD LOAN,147855,12,10.52,15697,Self-Employed,0.9,652,ahmedabad,Gujarat,Tier 2,3,Y,90+,1
APP102004,CUST21042,08/06/2024,20 Jun 2024,Consumer Durable Loan,60976,9,19.0,44920,self-employed,9.5,720,  Mumbai  ,Maharashtra,Tier 1,1,Y,0 (Current),0
APP101553,CUST21995,02/09/2024,21/09/2024,two-wheeler loan,41069,36,13.59,"56,704",  Self-Employed  ,10.5,714,chennai,Tamil Nadu,Tier 1,4,Y,0 (Current),0
APP102350,CUST21108,05 Jan 2024,,BNPL,19285,3,7.46,19794,Salaried,1.4,605,BANGALORE,Karnataka,Tier 1,0,Y,0 (Current),0
APP100941,CUST22067,02/04/2024,,Gold Loan,132643,9,11.15,"34,435",Self-Employed,13.5,754,Ahmedabad,Gujarat,Tier 2,1,N,1-30,0
APP100134,CUST20781,25 May 2025,2025-06-11,Gold Loan,36150,9,11.33,21790,Salaried,11.4,693,Nagpur,Maharashtra,Tier 2,1,Y,90+,1
APP100023,CUST21553,28 Mar 2024,04 Apr 2024,BNPL,13152,3,15.85,55651,salaried,3.8,696,Chennai,Tamil Nadu,Tier 1,0,Y,0 (Current),0
APP101576,CUST21903,06/11/2025,2025-11-13,Consumer Durable Loan,21854,3,18.08,"16,637",Salaried,1.9,620,  Jodhpur  ,Rajasthan,Tier 3,3,Y,31-60,0
APP102262,CUST20268,30-01-2025,11-02-2025,Two-Wheeler Loan,70632,18,15.86,116494,SALARIED,9.9,719,Ranchi,Jharkhand,Tier 3,2,Y,1-30,0
APP102025,CUST20117,29-08-2024,05-09-2024,BNPL,-18431,6,11.58,16566,Self-Employed,5.9,678,Chennai,Tamil Nadu,Tier 1,0,N,90+,1
APP101201,CUST20142,24/05/2025,06-06-2025,Personal Loan,411110,36,15.1,"INR 56,503",SALARIED,10.5,719,Nagpur,Maharashtra,Tier 2,0,Y,0 (Current),0
APP100096,CUST20383,06/08/2024,20-08-2024,Two-Wheeler Loan,135156,18,13.15,"INR 36,334",SELF-EMPLOYED,0.9,601,Indore,Madhya Pradesh,Tier 2,0,N,0 (Current),0
APP100551,CUST20727,2024-10-29,07 Nov 2024,Gold Loan,89248,12,9.76,68717,Self-Employed,6.8,692,JAIPUR,Rajasthan,Tier 2,0,Y,0 (Current),0
APP102375,CUST20538,14-08-2025,19 Aug 2025,personal loan,446272,36,23.89,"INR 23,795",Salaried,4.9,679,CHENNAI,Tamil Nadu,Tier 1,4,Y,0 (Current),0
APP101445,CUST20439,01/03/2024,2024-03-14,two-wheeler loan,52568,12,14.27,54439,self-employed,16.5,743,Jaipur,Rajasthan,Tier 2,0,Y,0 (Current),0
APP100450,CUST22028,14-11-2025,2025-12-04,gold loan,93488,12,12.85,33709,Salaried,14.1,619,Bangalore,Karnataka,Tier 1,1,Y,0 (Current),0
APP101887,CUST20110,19-06-2024,30/06/2024,  Gold Loan  ,145898,6,9.66,90851,  Self-Employed  ,8.5,,DELHI,Delhi,Tier 1,4,Y,0 (Current),0
APP101586,CUST20019,04-07-2025,05 Jul 2025,bnpl,10270,1,16.42,22387,SALARIED,8.8,644,  Patna  ,Bihar,Tier 3,0,Y,0 (Current),0
APP100094,CUST20544,05-04-2024,16-04-2024,Consumer Durable Loan,26634,9,18.65,72148,Salaried,15.2,,Bangalore,Karnataka,Tier 1,1,Y,0 (Current),0
APP100403,CUST20987,16/05/2025,29 May 2025,Consumer Durable Loan,18249,6,21.6,32901,  Self-Employed  ,15.1,757,Jaipur,Rajasthan,Tier 2,2,Y,0 (Current),0
APP101982,CUST20285,09/06/2025,12-06-2025,BNPL,15019,6,7.54,66291,Salaried,5.2,636,  Jaipur  ,Rajasthan,Tier 2,3,Y,90+,1
APP100867,CUST21003,03/10/2025,07-10-2025,  BNPL  ,6866,1,12.65,33050,Salaried,9.7,706,PUNE,Maharashtra,Tier 1,1,Y,0 (Current),0
APP101894,CUST21324,2024-12-20,22-12-2024,Consumer Durable Loan,12982,3,13.43,"INR 22,353",Salaried,15.1,715,  Pune  ,Maharashtra,Tier 1,1,Y,0 (Current),0
APP100162,CUST21164,18 May 2024,06/06/2024,BNPL,12656,3,8.41,17958,self-employed,11.9,669,  Pune  ,Maharashtra,Tier 1,3,Y,0 (Current),0
APP102477,CUST22172,26-03-2024,03/04/2024,Two-Wheeler Loan,139384,24,12.51,142311,SELF-EMPLOYED,1.6,730,Jodhpur,Rajasthan,Tier 3,1,N,0 (Current),0
APP102069,CUST21274,24/10/2025,30/10/2025,PERSONAL LOAN,378051,12,15.48,247375,SALARIED,12.7,792,Delhi,Delhi,Tier 1,1,Y,0 (Current),0
APP100419,CUST21887,29-06-2025,30 Jun 2025,Two-Wheeler Loan,84951,24,12.6,55773,salaried,8.6,728,jaipur,Rajasthan,Tier 2,3,Y,0 (Current),0
APP100381,CUST21124,10-11-2024,15 Nov 2024,PERSONAL LOAN,193796,36,16.69,"42,787",Salaried,10.3,685,Mumbai,Maharashtra,Tier 1,2,N,0 (Current),0
APP100152,CUST21411,14 Dec 2025,14 Dec 2025,CONSUMER DURABLE LOAN,29206,3,14.93,28956,self-employed,13.5,713,Coimbatore,Tamil Nadu,Tier 2,1,Y,0 (Current),0
APP101797,CUST21438,27-02-2025,18-03-2025,consumer durable loan,78071,3,21.08,24156,self-employed,11.9,624,Mumbai,Maharashtra,Tier 1,2,Y,0 (Current),0
APP101916,CUST22000,2024-06-15,19 Jun 2024,BNPL,23618,6,11.55,71162,self-employed,12.5,742,mumbai,Maharashtra,Tier 1,3,N,90+,1
APP101574,CUST20133,2025-06-25,10-07-2025,CONSUMER DURABLE LOAN,64907,9,20.11,"22,677",Salaried,4.7,593,MUMBAI,Maharashtra,Tier 1,0,Y,90+,1
APP102086,CUST20233,2025-02-01,,PERSONAL LOAN,254436,48,19.38,50303,SELF-EMPLOYED,11.2,861,Coimbatore,Tamil Nadu,Tier 2,0,Y,0 (Current),0
APP100384,CUST21192,2025-11-03,05 Nov 2025,Consumer Durable Loan,74608,9,21.46,123347,Salaried,3.8,806,Jodhpur,Rajasthan,Tier 3,1,Y,0 (Current),0
APP101429,CUST21959,12-10-2025,26/10/2025,  Consumer Durable Loan  ,25616,3,16.02,35528,Salaried,,714,Bangalore,Karnataka,Tier 1,3,Y,90+,1
APP102499,CUST21113,15/06/2024,18-06-2024,Consumer Durable Loan,79711,3,21.77,112819,self-employed,16.7,711,Delhi,Delhi,Tier 1,3,Y,0 (Current),0
APP101560,CUST21491,23/05/2024,05/06/2024,  Consumer Durable Loan  ,71810,6,19.02,27141,Salaried,1.4,637,Mumbai,Maharashtra,Tier 1,1,Y,90+,1
APP101303,CUST21197,03-05-2024,11 May 2024,Two-Wheeler Loan,106234,18,13.54,61401,Salaried,14.4,808,COIMBATORE,Tamil Nadu,Tier 2,3,Y,0 (Current),0
APP100591,CUST22048,07 Nov 2025,09 Nov 2025,GOLD LOAN,35146,6,10.13,"INR 139,030",SALARIED,11.4,,DELHI,Delhi,Tier 1,4,Y,0 (Current),0
APP100066,CUST21968,27/07/2024,28 Jul 2024,Personal Loan,350191,12,15.91,57671,SELF-EMPLOYED,14.8,709,delhi,Delhi,Tier 1,1,Y,0 (Current),0
APP100660,CUST20649,15 Aug 2024,20 Aug 2024,Personal Loan,102311,36,20.45,26265,Salaried,8.8,613,patna,Bihar,Tier 3,4,Y,0 (Current),0
APP100150,CUST22177,26-06-2025,08 Jul 2025,PERSONAL LOAN,456255,48,19.22,24405,self-employed,9.7,703,Ahmedabad,Gujarat,Tier 2,1,N,1-30,0
,,,,,,,,,,,,,,,,,,
APP102284,CUST20851,15-03-2024,28-03-2024,Consumer Durable Loan,70430,3,14.47,35980,Self-Employed,2.7,635,delhi,Delhi,Tier 1,0,Y,1-30,0
APP100756,CUST21009,02 Oct 2024,03/10/2024,Personal Loan,345871,60,24.0,21991,Salaried,14.6,655,hyderabad,Telangana,Tier 1,0,Y,0 (Current),0
APP101047,CUST22042,2024-01-30,11 Feb 2024,Two-Wheeler Loan,103983,36,15.29,76486,SELF-EMPLOYED,3.9,715,Ahmedabad,Gujarat,Tier 2,0,Y,0 (Current),0
APP102277,CUST22279,2025-06-01,2025-06-04,Personal Loan,427176,48,22.42,204212,salaried,1.9,712,Hyderabad,Telangana,Tier 1,1,Y,0 (Current),0
APP100578,CUST21177,05-09-2025,15-09-2025,BNPL,18787,6,1.34,31363,salaried,11.2,741,patna,Bihar,Tier 3,2,Y,0 (Current),0
APP101083,CUST21635,07-12-2025,17 Dec 2025,BNPL,15005,3,12.36,"20,658",Salaried,5.1,642,RANCHI,Jharkhand,Tier 3,4,Y,0 (Current),0
APP102289,CUST20793,26 Sep 2025,,Gold Loan,69747,9,12.94,37830,Self-Employed,7.3,660,MUMBAI,Maharashtra,Tier 1,0,N,0 (Current),0
APP102302,CUST21301,23/02/2024,2024-02-23,Gold Loan,112983,9,12.86,"INR 36,110",Self-Employed,13.6,723,MUMBAI,Maharashtra,Tier 1,0,Y,0 (Current),0
APP100008,CUST20249,29-03-2025,2025-04-18,CONSUMER DURABLE LOAN,63296,6,15.51,28581,salaried,3.4,,hyderabad,Telangana,Tier 1,0,Y,1-30,0
APP102297,CUST21430,15/03/2025,22-03-2025,BNPL,19575,1,0.17,22968,Self-Employed,11.2,581,bangalore,Karnataka,Tier 1,3,Y,0 (Current),0
APP100682,CUST21836,08-04-2025,13 Apr 2025,GOLD LOAN,40966,12,12.46,74615,Salaried,7.7,682,AHMEDABAD,Gujarat,Tier 2,1,Y,0 (Current),0
APP100438,CUST20522,2024-01-28,09 Feb 2024,PERSONAL LOAN,135610,48,23.91,"INR 175,134",SELF-EMPLOYED,11.8,797,JAIPUR,Rajasthan,Tier 2,0,Y,1-30,0
APP102125,CUST22216,03-04-2025,16-04-2025,Gold Loan,140616,6,9.64,18109,Salaried,13.1,697,Ahmedabad,Gujarat,Tier 2,1,Y,0 (Current),0
APP101915,CUST21886,2025-03-15,20/03/2025,gold loan,139379,12,9.61,"INR 55,005",Self-Employed,13.9,708,NAGPUR,Maharashtra,Tier 2,1,Y,0 (Current),0
APP101803,CUST21050,08-08-2025,2025-08-20,Personal Loan,439581,60,23.86,164397,Salaried,3.3,,CHENNAI,Tamil Nadu,Tier 1,0,Y,0 (Current),0
APP101152,CUST21648,2025-10-20,2025-10-21,BNPL,15092,3,4.77,36087,Self-Employed,4.4,713,Hyderabad,Telangana,Tier 1,0,Y,0 (Current),0
APP100543,CUST21138,02 Jul 2024,2024-07-16,Gold Loan,148542,12,11.79,,Self-Employed,3.0,673,Mumbai,Maharashtra,Tier 1,2,N,0 (Current),0
APP101206,CUST20194,19 Mar 2024,05 Apr 2024,  BNPL  ,15869,6,8.36,67250,Self-Employed,4.2,747,  Nagpur  ,Maharashtra,Tier 2,2,Y,0 (Current),0
APP100801,CUST21087,2025-06-21,30 Jun 2025,bnpl,24753,3,10.5,29547,Self-Employed,1.7,629,Mumbai,Maharashtra,Tier 1,1,Y,0 (Current),0
APP100764,CUST20728,25-06-2025,26 Jun 2025,Personal Loan,496786,12,20.95,40194,Salaried,17.1,718,delhi,Delhi,Tier 1,1,N,90+,1
APP102224,CUST22107,17/06/2024,,Personal Loan,415427,12,14.9,26071,  Self-Employed  ,5.2,644,INDORE,Madhya Pradesh,Tier 2,1,Y,0 (Current),0
APP101085,CUST20867,2025-12-28,29-12-2025,BNPL,19019,1,14.01,"INR 25,014",  Self-Employed  ,17.3,651,  Lucknow  ,Uttar Pradesh,Tier 2,1,N,0 (Current),0
APP100393,CUST21211,11-05-2024,26/05/2024,personal loan,272751,12,15.76,19706,Salaried,8.0,709,delhi,Delhi,Tier 1,0,Y,0 (Current),0
APP101865,CUST21482,03-07-2025,19-07-2025,consumer durable loan,29369,9,15.66,60483,Salaried,6.1,720,  Mumbai  ,Maharashtra,Tier 1,2,Y,1-30,0
APP100729,CUST22209,12/03/2024,2024-03-26,  Two-Wheeler Loan  ,140539,24,15.84,"INR 48,909",Self-Employed,9.2,756,JODHPUR,Rajasthan,Tier 3,0,Y,0 (Current),0
APP100667,CUST21966,01/04/2024,14-04-2024,CONSUMER DURABLE LOAN,48525,12,17.47,"17,298",salaried,10.1,635,Mumbai,Maharashtra,Tier 1,1,Y,0 (Current),0
APP100525,CUST20271,03 Aug 2025,08/08/2025,CONSUMER DURABLE LOAN,60099,9,17.05,91527,salaried,14.6,794,Mumbai,Maharashtra,Tier 1,2,Y,0 (Current),0
APP100267,CUST22163,31/12/2025,31/12/2025,personal loan,452812,12,15.54,"INR 27,020",SELF-EMPLOYED,5.1,721,Chennai,Tamil Nadu,Tier 1,0,Y,90+,1
APP101679,CUST21714,2024-08-25,,Personal Loan,82349,12,21.24,"INR 46,376",salaried,6.8,666,CHENNAI,Tamil Nadu,Tier 1,1,Y,0 (Current),0
APP102168,CUST21192,11-12-2025,17-12-2025,PERSONAL LOAN,111447,36,16.22,"23,139",self-employed,6.5,701,  Mumbai  ,Maharashtra,Tier 1,0,Y,0 (Current),0
APP100118,CUST21646,13/12/2025,22/12/2025,Personal Loan,245266,12,17.38,74212,SELF-EMPLOYED,8.6,781,  Mumbai  ,Maharashtra,Tier 1,2,Y,31-60,0
APP102074,CUST22146,2025-12-19,24-12-2025,TWO-WHEELER LOAN,92006,36,12.57,"23,538",SELF-EMPLOYED,5.1,608,MUMBAI,Maharashtra,Tier 1,3,N,0 (Current),0
APP101888,CUST21926,2025-02-16,02 Mar 2025,Personal Loan,113845,48,15.91,42836,  Self-Employed  ,11.0,648,RANCHI,Jharkhand,Tier 3,0,Y,0 (Current),0
APP101265,CUST21774,29/03/2025,03-04-2025,  Two-Wheeler Loan  ,63529,24,11.48,"INR 64,525",Self-Employed,2.4,703,raipur,Chhattisgarh,Tier 3,0,N,90+,1
APP100550,CUST21925,22/06/2025,23-06-2025,Consumer Durable Loan,54540,3,19.95,38441,Salaried,11.1,651,Mumbai,Maharashtra,Tier 1,2,Y,0 (Current),0
APP100009,CUST21600,2025-07-09,,GOLD LOAN,122676,12,12.15,104820,Salaried,12.5,,Bangalore,Karnataka,Tier 1,0,N,0 (Current),0
APP100327,CUST21208,31/10/2025,2025-11-06,Personal Loan,58199,60,20.57,12541,Self-Employed,17.4,718,Chennai,Tamil Nadu,Tier 1,1,Y,0 (Current),0
APP100204,CUST20492,09/04/2025,19-04-2025,bnpl,5632,6,3.32,61043,SELF-EMPLOYED,10.2,703,  Mumbai  ,Maharashtra,Tier 1,0,Y,0 (Current),0
APP100215,CUST20341,10 Apr 2025,15-04-2025,Two-Wheeler Loan,51892,12,13.4,17252,Self-Employed,5.3,,  Jaipur  ,Rajasthan,Tier 2,3,N,0 (Current),0
APP101590,CUST21327,01-06-2024,21 Jun 2024,PERSONAL LOAN,175702,36,17.63,"INR 24,984",salaried,13.9,707,hyderabad,Telangana,Tier 1,1,Y,0 (Current),0
APP100875,CUST20246,05/06/2025,2025-06-11,  Gold Loan  ,57465,9,12.05,22450,self-employed,,,Jaipur,Rajasthan,Tier 2,0,Y,0 (Current),0
APP100308,CUST20653,18-07-2024,28/07/2024,  Consumer Durable Loan  ,59296,12,13.65,56057,SALARIED,8.5,668,RAIPUR,Chhattisgarh,Tier 3,2,Y,0 (Current),0
APP102513,CUST20811,09 Apr 2024,16/04/2024,Gold Loan,62752,6,11.19,27737,Salaried,3.8,660,Nagpur,Maharashtra,Tier 2,4,Y,0 (Current),0
APP100140,CUST21563,30-10-2024,02-11-2024,personal loan,320987,36,19.14,"INR 170,578",salaried,13.0,861,jodhpur,Rajasthan,Tier 3,1,Y,0 (Current),0
APP101375,CUST21830,10 Aug 2025,2025-08-28,BNPL,11688,3,13.73,"97,821",SELF-EMPLOYED,,748,jaipur,Rajasthan,Tier 2,0,Y,0 (Current),0
APP102225,CUST22061,28-02-2025,08 Mar 2025,BNPL,8342,1,10.62,17673,self-employed,14.2,567,Indore,Madhya Pradesh,Tier 2,1,N,0 (Current),0
APP101528,CUST22274,2025-08-10,10 Aug 2025,PERSONAL LOAN,406778,12,20.49,33845,self-employed,16.6,696,patna,Bihar,Tier 3,4,Y,0 (Current),0
APP101842,CUST22340,10 Jul 2024,20 Jul 2024,Two-Wheeler Loan,66346,36,15.67,12122,  Self-Employed  ,17.1,727,delhi,Delhi,Tier 1,0,Y,0 (Current),0
APP101792,CUST22214,2025-08-18,30 Aug 2025,gold loan,98934,12,10.27,"69,138",Self-Employed,9.2,610,Pune,Maharashtra,Tier 1,0,N,90+,1
APP101922,CUST20132,29/07/2025,30-07-2025,Consumer Durable Loan,57779,9,14.34,"62,504",Salaried,1.9,668,MUMBAI,Maharashtra,Tier 1,1,Y,0 (Current),0
APP100526,CUST20740,2024-07-25,10 Aug 2024,Two-Wheeler Loan,84194,12,11.52,116389,SALARIED,6.2,679,pune,Maharashtra,Tier 1,2,Y,0 (Current),0
APP100593,CUST21381,01 Nov 2025,19-11-2025,Personal Loan,490397,60,15.94,"44,704",  Self-Employed  ,5.2,775,Ranchi,Jharkhand,Tier 3,0,Y,61-90,1
APP100661,CUST21813,2024-12-20,2024-12-24,BNPL,6641,1,16.55,20049,SELF-EMPLOYED,17.7,583,Coimbatore,Tamil Nadu,Tier 2,2,Y,0 (Current),0
APP100354,CUST20701,16-02-2025,04-03-2025,  Two-Wheeler Loan  ,115465,12,15.56,"INR 52,748",  Salaried  ,5.1,677,lucknow,Uttar Pradesh,Tier 2,0,Y,90+,1
APP100797,CUST20033,23-07-2024,2024-08-06,BNPL,3923,6,4.27,43332,Self-Employed,10.7,,Lucknow,Uttar Pradesh,Tier 2,0,Y,0 (Current),0
APP100477,CUST20790,09/07/2025,2025-07-11,CONSUMER DURABLE LOAN,16030,12,14.66,"INR 41,231",Salaried,3.3,699,ahmedabad,Gujarat,Tier 2,0,Y,0 (Current),0
APP102347,CUST20175,20 Dec 2024,2024-12-22,two-wheeler loan,98537,12,12.33,70804,Salaried,14.6,746,Coimbatore,Tamil Nadu,Tier 2,0,N,1-30,0
APP100322,CUST20940,15-08-2024,04/09/2024,two-wheeler loan,51919,12,12.9,"INR 36,528",Self-Employed,7.7,680,DELHI,Delhi,Tier 1,1,Y,0 (Current),0
APP101435,CUST21199,09/03/2024,23 Mar 2024,Two-Wheeler Loan,139497,18,12.26,54269,Salaried,17.1,695,Chennai,Tamil Nadu,Tier 1,1,Y,1-30,0
APP102510,CUST21440,28/11/2024,02/12/2024,Gold Loan,79128,12,11.82,"INR 167,818",salaried,16.0,800,Jodhpur,Rajasthan,Tier 3,3,N,0 (Current),0
APP101315,CUST21060,28-06-2025,11-07-2025,Gold Loan,66588,9,12.38,20065,SALARIED,8.1,683,nagpur,Maharashtra,Tier 2,2,Y,1-30,0
APP101048,CUST21535,25/11/2025,01-12-2025,  Personal Loan  ,387282,48,14.24,58121,Salaried,13.9,795,Guwahati,Assam,Tier 3,2,Y,90+,1
APP102482,CUST20051,24/08/2025,2025-08-26,Two-Wheeler Loan,64013,36,11.68,"INR 60,864",self-employed,4.8,697,Pune,Maharashtra,Tier 1,1,Y,0 (Current),0
APP101845,CUST21558,14/02/2024,,Personal Loan,433630,36,23.53,57079,Salaried,11.2,664,Hyderabad,Telangana,Tier 1,3,Y,0 (Current),0
APP100539,CUST20919,28/05/2024,13 Jun 2024,CONSUMER DURABLE LOAN,65426,6,13.15,"58,745",Self-Employed,4.9,696,Pune,Maharashtra,Tier 1,0,Y,90+,1
APP101794,CUST20402,29/05/2025,30/05/2025,Gold Loan,84397,9,11.21,"INR 59,794",Self-Employed,2.6,675,Chennai,Tamil Nadu,Tier 1,0,Y,61-90,1
APP101274,CUST20890,04/10/2024,07/10/2024,BNPL,5840,6,16.34,54284,Salaried,6.5,741,Bangalore,Karnataka,Tier 1,2,Y,1-30,0
APP101468,CUST21508,21/08/2024,,PERSONAL LOAN,392405,12,19.34,"INR 59,393",self-employed,6.9,668,Mumbai,Maharashtra,Tier 1,1,Y,0 (Current),0
APP101014,CUST21290,2025-04-05,2025-04-21,Consumer Durable Loan,43231,3,17.09,139985,salaried,11.9,750,AHMEDABAD,Gujarat,Tier 2,0,Y,0 (Current),0
APP101093,CUST21236,08/07/2025,13 Jul 2025,Two-Wheeler Loan,144912,18,12.57,19725,Salaried,12.7,,JAIPUR,Rajasthan,Tier 2,4,Y,90+,1
APP101527,CUST20675,16-06-2024,27 Jun 2024,gold loan,101059,12,13.12,"31,691",  Salaried  ,15.3,794,jaipur,Rajasthan,Tier 2,2,Y,0 (Current),0
APP101221,CUST22281,2024-12-28,13-01-2025,  Consumer Durable Loan  ,42681,12,19.53,18977,Salaried,14.2,616,  Jaipur  ,Rajasthan,Tier 2,1,Y,0 (Current),0
APP101449,CUST20283,01-01-2025,07-01-2025,Consumer Durable Loan,31597,12,16.28,93339,salaried,12.4,739,Delhi,Delhi,Tier 1,1,Y,0 (Current),0
APP101344,CUST20135,19/11/2025,02/12/2025,Two-Wheeler Loan,101769,18,11.47,27120,Salaried,0.5,709,Indore,Madhya Pradesh,Tier 2,0,Y,61-90,1
APP100251,CUST22029,29 Oct 2024,14 Nov 2024,BNPL,17650,3,2.67,"INR 47,752",Salaried,7.9,783,AHMEDABAD,Gujarat,Tier 2,2,Y,0 (Current),0
APP100428,CUST21112,06/07/2024,20/07/2024,BNPL,16635,6,9.41,"INR 69,290",Salaried,1.4,779,Jaipur,Rajasthan,Tier 2,0,Y,0 (Current),0
APP100830,CUST21702,2024-05-11,30 May 2024,Consumer Durable Loan,39524,9,14.57,"120,197",Salaried,5.6,833,PUNE,Maharashtra,Tier 1,4,N,0 (Current),0
APP102497,CUST21470,13/03/2024,20/03/2024,Gold Loan,119813,9,10.0,"119,274",SALARIED,3.1,,Nagpur,Maharashtra,Tier 2,4,Y,1-30,0
APP100054,CUST22338,26-04-2025,07/05/2025,bnpl,19828,6,14.16,"47,806",SALARIED,6.5,799,PUNE,Maharashtra,Tier 1,1,N,90+,1
APP100884,CUST21920,01 Apr 2024,2024-04-16,Personal Loan,201530,60,19.0,73296,Salaried,15.4,713,jodhpur,Rajasthan,Tier 3,0,Y,0 (Current),0
APP100636,CUST21098,2025-03-03,,Personal Loan,214493,60,17.57,19021,Self-Employed,12.0,628,  Nagpur  ,Maharashtra,Tier 2,4,N,0 (Current),0
APP101896,CUST20973,03/12/2025,15/12/2025,BNPL,20948,1,9.03,51889,Self-Employed,3.6,687,MUMBAI,Maharashtra,Tier 1,1,Y,0 (Current),0
APP101974,CUST20277,07/10/2024,2024-10-08,  Two-Wheeler Loan  ,131556,36,15.23,"INR 110,739",salaried,0.7,680,Jodhpur,Rajasthan,Tier 3,2,Y,0 (Current),0
APP101805,CUST22315,13/07/2024,26 Jul 2024,two-wheeler loan,47393,24,11.72,"INR 52,687",Salaried,11.6,709,Hyderabad,Telangana,Tier 1,1,N,0 (Current),0
APP101031,CUST21934,30-11-2024,10-12-2024,Consumer Durable Loan,17090,12,19.14,"21,076",SELF-EMPLOYED,2.5,650,Delhi,Delhi,Tier 1,1,Y,90+,1
APP101861,CUST20974,11 Jan 2024,16/01/2024,personal loan,320386,48,14.66,106729,SELF-EMPLOYED,4.6,,bangalore,Karnataka,Tier 1,2,Y,0 (Current),0
APP101892,CUST22047,18-08-2024,29-08-2024,Gold Loan,31172,9,9.72,26352,Self-Employed,5.4,676,Lucknow,Uttar Pradesh,Tier 2,1,Y,90+,1
APP100572,CUST21612,27-06-2024,07/07/2024,personal loan,188888,48,19.69,42697,Self-Employed,8.1,731,Indore,Madhya Pradesh,Tier 2,2,Y,90+,1
APP100696,CUST20053,26 Oct 2024,13/11/2024,  Two-Wheeler Loan  ,142046,24,14.23,"INR 36,880",Self-Employed,7.3,723,MUMBAI,Maharashtra,Tier 1,0,Y,90+,1
APP100334,CUST21740,13/01/2024,18 Jan 2024,  Two-Wheeler Loan  ,60732,12,11.73,"66,717",Salaried,8.6,732,HYDERABAD,Telangana,Tier 1,0,Y,0 (Current),0
APP102299,CUST21860,2025-05-19,2025-06-03,BNPL,2764,1,1.46,43764,Self-Employed,2.1,677,mumbai,Maharashtra,Tier 1,4,Y,0 (Current),0
APP100710,CUST21406,14-02-2025,05/03/2025,Consumer Durable Loan,65654,3,14.95,"INR 109,796",Salaried,6.8,717,jodhpur,Rajasthan,Tier 3,0,Y,0 (Current),0
APP100085,CUST21131,2025-09-27,10/10/2025,gold loan,84985,12,11.97,47521,salaried,17.0,710,Pune,Maharashtra,Tier 1,0,Y,1-30,0
APP101197,CUST20213,2024-12-18,2024-12-20,  Gold Loan  ,126741,12,12.36,68035,Self-Employed,1.3,619,mumbai,Maharashtra,Tier 1,0,Y,0 (Current),0
APP100903,CUST21377,12-04-2024,19/04/2024,Consumer Durable Loan,78759,6,21.26,35372,SELF-EMPLOYED,0.6,696,GUWAHATI,Assam,Tier 3,2,Y,31-60,0
APP101400,CUST20387,2025-01-24,,Gold Loan,121567,9,9.55,"INR 26,527",Self-Employed,1.5,671,HYDERABAD,Telangana,Tier 1,1,N,0 (Current),0
APP100460,CUST20610,12 Apr 2024,22 Apr 2024,Personal Loan,213402,36,15.08,27870,SELF-EMPLOYED,14.3,682,Patna,Bihar,Tier 3,2,Y,0 (Current),0
APP100049,CUST21386,19-08-2025,08/09/2025,Gold Loan,57243,9,12.39,20482,salaried,1.7,579,Indore,Madhya Pradesh,Tier 2,3,Y,1-30,0
APP101670,CUST21905,07 Nov 2025,16 Nov 2025,Gold Loan,100893,6,12.46,80122,Self-Employed,6.7,672,LUCKNOW,Uttar Pradesh,Tier 2,3,N,90+,1
APP101060,CUST20911,28 Jun 2025,02/07/2025,PERSONAL LOAN,479252,48,21.23,"INR 18,642",Self-Employed,9.0,655,patna,Bihar,Tier 3,0,Y,90+,1
APP102233,CUST21676,06-12-2025,2025-12-15,CONSUMER DURABLE LOAN,13152,12,18.65,184512,SELF-EMPLOYED,15.3,801,Chennai,Tamil Nadu,Tier 1,3,N,0 (Current),0
APP101016,CUST21183,13-06-2025,03-07-2025,BNPL,14405,6,11.45,"INR 30,725",  Self-Employed  ,10.8,694,  Mumbai  ,Maharashtra,Tier 1,2,Y,90+,1
APP100235,CUST21227,15 Aug 2025,2025-08-17,bnpl,9014,3,4.77,45039,Self-Employed,1.4,632,Hyderabad,Telangana,Tier 1,2,Y,90+,1
APP101426,CUST20415,2025-05-18,28 May 2025,GOLD LOAN,87826,9,9.73,79400,Self-Employed,10.2,752,Indore,Madhya Pradesh,Tier 2,3,Y,31-60,0
APP102228,CUST21159,2025-08-08,20 Aug 2025,Gold Loan,87903,9,11.34,119899,SALARIED,8.8,,Delhi,Delhi,Tier 1,2,Y,0 (Current),0
APP100594,CUST22252,05-01-2025,13 Jan 2025,Personal Loan,89294,24,14.26,"INR 27,892",  Self-Employed  ,15.2,,chennai,Tamil Nadu,Tier 1,4,Y,0 (Current),0
APP100560,CUST20973,14-01-2025,15/01/2025,personal loan,388236,36,20.15,58935,SELF-EMPLOYED,7.3,705,Ahmedabad,Gujarat,Tier 2,0,N,0 (Current),0
APP102105,CUST21851,16 Jul 2025,,  Two-Wheeler Loan  ,40328,18,15.6,19458,Salaried,,634,Chennai,Tamil Nadu,Tier 1,1,Y,1-30,0
APP101397,CUST21014,11/10/2025,2025-10-25,Consumer Durable Loan,46197,12,20.94,83217,Salaried,16.5,740,  Bangalore  ,Karnataka,Tier 1,1,Y,0 (Current),0
APP101114,CUST22307,08-11-2025,2025-11-18,Personal Loan,163600,36,15.31,"19,959",  Salaried  ,9.4,,Agra,Uttar Pradesh,Tier 3,1,Y,0 (Current),0
APP100271,CUST22003,14-12-2025,20/12/2025,BNPL,24007,3,12.1,69237,SELF-EMPLOYED,9.7,651,Coimbatore,Tamil Nadu,Tier 2,2,Y,0 (Current),0
APP101494,CUST21696,15-07-2024,29 Jul 2024,bnpl,7113,3,1.6,"INR 22,285",salaried,12.1,628,Ahmedabad,Gujarat,Tier 2,3,Y,90+,1
APP101681,CUST21688,27 Aug 2024,04-09-2024,Consumer Durable Loan,24332,12,17.25,105059,Self-Employed,,801,DELHI,Delhi,Tier 1,1,Y,0 (Current),0
APP102359,CUST21817,26/07/2024,03 Aug 2024,Personal Loan,362138,12,15.76,"182,181",Salaried,16.8,776,CHENNAI,Tamil Nadu,Tier 1,0,Y,0 (Current),0
APP101173,CUST20729,13/12/2025,21-12-2025,Two-Wheeler Loan,146193,18,15.86,72833,  Salaried  ,15.7,950,mumbai,Maharashtra,Tier 1,1,Y,0 (Current),0
APP102079,CUST20429,04/07/2024,15/07/2024,gold loan,88113,6,9.53,17136,salaried,11.4,668,Bangalore,Karnataka,Tier 1,1,Y,0 (Current),0
APP101810,CUST20054,27-02-2025,09/03/2025,Two-Wheeler Loan,145266,24,13.08,"25,556",self-employed,8.0,601,Bangalore,Karnataka,Tier 1,1,Y,0 (Current),0
APP101822,CUST21780,01-11-2025,10-11-2025,Two-Wheeler Loan,100082,18,13.34,"INR 37,456",  Self-Employed  ,11.0,705,Chennai,Tamil Nadu,Tier 1,3,Y,0 (Current),0
APP100685,CUST21784,16 May 2024,,  Gold Loan  ,34383,12,10.81,58156,salaried,0.2,685,Jaipur,Rajasthan,Tier 2,0,Y,0 (Current),0
APP101507,CUST20884,09-05-2025,22 May 2025,CONSUMER DURABLE LOAN,36883,6,15.51,"INR 40,167",SALARIED,3.0,670,Lucknow,Uttar Pradesh,Tier 2,2,Y,1-30,0
APP100258,CUST20434,26/10/2024,29/10/2024,Personal Loan,380262,12,22.71,"INR 75,926",self-employed,0.8,702,COIMBATORE,Tamil Nadu,Tier 2,3,N,0 (Current),0
APP101938,CUST21700,19-07-2025,22/07/2025,two-wheeler loan,134195,12,12.04,159874,Self-Employed,3.5,747,Bangalore,Karnataka,Tier 1,0,N,0 (Current),0
APP101690,CUST20713,2025-06-02,03 Jun 2025,Personal Loan,399739,48,23.2,73459,Self-Employed,11.0,579,PATNA,Bihar,Tier 3,2,N,0 (Current),0
APP101864,CUST21946,05/10/2024,22-10-2024,Consumer Durable Loan,47210,6,19.2,"68,245",Salaried,3.3,646,  Agra  ,Uttar Pradesh,Tier 3,1,Y,0 (Current),0
APP101771,CUST20357,2024-09-08,2024-09-19,Personal Loan,442438,24,14.99,110516,Salaried,17.4,838,Chennai,Tamil Nadu,Tier 1,2,N,0 (Current),0
APP101297,CUST22267,26/12/2025,27-12-2025,  Gold Loan  ,31177,12,11.2,"INR 67,579",SELF-EMPLOYED,17.8,724,  Chennai  ,Tamil Nadu,Tier 1,1,N,0 (Current),0
APP101897,CUST22326,16-04-2025,24/04/2025,BNPL,3784,1,3.57,50020,Salaried,6.2,740,Agra,Uttar Pradesh,Tier 3,2,Y,0 (Current),0
APP102409,CUST21488,18/05/2025,26-05-2025,PERSONAL LOAN,260436,48,15.8,"INR 17,675",self-employed,16.2,675,Pune,Maharashtra,Tier 1,0,Y,0 (Current),0
APP102078,CUST21482,10 Jun 2024,29-06-2024,personal loan,264029,60,22.4,217744,  Salaried  ,9.5,646,  Nagpur  ,Maharashtra,Tier 2,0,Y,0 (Current),0
APP102019,CUST21597,13-02-2025,01/03/2025,personal loan,159571,12,19.03,35331,Salaried,15.7,632,  Ahmedabad  ,Gujarat,Tier 2,0,Y,0 (Current),0
APP101338,CUST21197,02-03-2025,14 Mar 2025,Personal Loan,423954,24,14.62,"68,704",self-employed,15.8,717,delhi,Delhi,Tier 1,2,N,0 (Current),0
APP101994,CUST20054,27-02-2025,08-03-2025,GOLD LOAN,137021,6,11.07,50023,Self-Employed,11.2,755,ahmedabad,Gujarat,Tier 2,4,Y,0 (Current),0
APP102090,CUST21542,09 May 2025,,BNPL,8076,3,13.89,89698,SALARIED,13.1,773,  Hyderabad  ,Telangana,Tier 1,0,Y,0 (Current),0
APP100549,CUST21781,05-05-2024,12/05/2024,personal loan,231063,36,14.89,15800,Salaried,4.7,633,PUNE,Maharashtra,Tier 1,0,Y,0 (Current),0
APP101040,CUST21990,21-09-2024,28-09-2024,  Two-Wheeler Loan  ,136191,36,13.56,"INR 119,344",salaried,14.9,722,Coimbatore,Tamil Nadu,Tier 2,0,Y,31-60,0
APP101924,CUST20555,07/07/2024,17 Jul 2024,CONSUMER DURABLE LOAN,72256,3,16.02,210140,  Salaried  ,16.6,747,RAIPUR,Chhattisgarh,Tier 3,4,Y,0 (Current),0
APP100402,CUST22140,09-08-2024,14-08-2024,TWO-WHEELER LOAN,145814,36,12.05,"96,638",  Salaried  ,15.4,750,Jaipur,Rajasthan,Tier 2,0,Y,0 (Current),0
APP101602,CUST22131,13-01-2025,22-01-2025,Gold Loan,149637,9,10.81,34724,Self-Employed,13.3,642,nagpur,Maharashtra,Tier 2,2,N,0 (Current),0
APP102402,CUST20218,18 Feb 2025,19-02-2025,Consumer Durable Loan,9597,6,20.87,"INR 41,641",Self-Employed,7.3,735,raipur,Chhattisgarh,Tier 3,3,Y,1-30,0
APP100611,CUST20740,22-07-2025,04/08/2025,bnpl,3457,3,2.04,50722,self-employed,,950,Mumbai,Maharashtra,Tier 1,2,Y,0 (Current),0
APP102428,CUST22064,06 Jul 2024,18-07-2024,consumer durable loan,53874,9,16.69,"190,288",Salaried,,741,Mumbai,Maharashtra,Tier 1,0,Y,0 (Current),0
APP100913,CUST20453,07 Mar 2025,07 Mar 2025,Two-Wheeler Loan,53404,24,11.93,70531,Salaried,5.4,688,Mumbai,Maharashtra,Tier 1,1,Y,1-30,0
APP100133,CUST20914,25 Oct 2024,30-10-2024,gold loan,34945,6,12.54,44660,SALARIED,11.8,695,Ranchi,Jharkhand,Tier 3,2,Y,0 (Current),0
APP101160,CUST21982,17-08-2025,18/08/2025,BNPL,22078,3,13.66,"102,173",Salaried,1.0,726,Nagpur,Maharashtra,Tier 2,0,Y,90+,1
APP101321,CUST20038,2025-06-21,08/07/2025,  BNPL  ,18506,6,12.85,37597,Self-Employed,1.8,639,CHENNAI,Tamil Nadu,Tier 1,0,Y,1-30,0
APP101722,CUST20221,29/01/2024,14/02/2024,BNPL,22265,6,8.14,"INR 20,279",SALARIED,7.0,665,Chennai,Tamil Nadu,Tier 1,1,Y,0 (Current),0
APP101940,CUST20935,06 Jan 2024,15-01-2024,  Consumer Durable Loan  ,57889,9,21.82,"32,276",self-employed,17.6,623,Chennai,Tamil Nadu,Tier 1,2,Y,90+,1
APP101669,CUST21000,02-03-2024,,PERSONAL LOAN,178044,12,16.91,"INR 21,009",  Self-Employed  ,9.3,717,nagpur,Maharashtra,Tier 2,0,Y,0 (Current),0
APP100562,CUST20797,26-02-2024,12 Mar 2024,BNPL,11647,1,13.97,"INR 82,102",SALARIED,14.0,703,guwahati,Assam,Tier 3,1,Y,0 (Current),0
APP102538,CUST21602,02/08/2024,13/08/2024,Personal Loan,172666,60,21.27,"INR 44,396",  Self-Employed  ,,720,Lucknow,Uttar Pradesh,Tier 2,3,Y,0 (Current),0
APP102439,CUST21755,18-11-2025,28/11/2025,Personal Loan,160257,60,14.21,23629,  Self-Employed  ,2.1,658,chennai,Tamil Nadu,Tier 1,0,Y,0 (Current),0
APP102098,CUST21930,2024-04-24,12-05-2024,  Gold Loan  ,111732,6,13.28,50332,Self-Employed,10.8,678,Bangalore,Karnataka,Tier 1,3,N,1-30,0
APP102034,CUST22206,15 Jul 2025,22 Jul 2025,Two-Wheeler Loan,111569,18,14.87,101968,SALARIED,13.5,751,Delhi,Delhi,Tier 1,1,Y,0 (Current),0
APP100728,CUST21065,2025-09-13,21-09-2025,PERSONAL LOAN,266464,48,14.3,47242,salaried,5.8,,PATNA,Bihar,Tier 3,0,Y,0 (Current),0
APP102071,CUST21188,06-11-2024,13 Nov 2024,Gold Loan,91718,6,11.71,48556,  Self-Employed  ,10.8,758,PUNE,Maharashtra,Tier 1,1,N,0 (Current),0
APP100853,CUST22097,18/05/2024,2024-05-24,BNPL,15407,6,10.79,"75,338",SALARIED,11.5,695,PUNE,Maharashtra,Tier 1,2,Y,0 (Current),0
APP100406,CUST21297,30 Sep 2024,2024-10-08,Gold Loan,74575,12,12.18,21615,Self-Employed,0.3,629,AGRA,Uttar Pradesh,Tier 3,0,Y,90+,1
APP100351,CUST20568,13/02/2025,2025-02-21,BNPL,13421,6,9.93,"83,296",  Salaried  ,8.7,731,Bangalore,Karnataka,Tier 1,1,Y,0 (Current),0
APP101238,CUST20405,29/01/2025,2025-01-30,Consumer Durable Loan,66998,12,21.39,"95,324",Salaried,11.8,811,hyderabad,Telangana,Tier 1,2,Y,0 (Current),0
APP102581,CUST20510,16 Jan 2024,17/01/2024,Consumer Durable Loan,15637,6,20.3,34004,Salaried,14.4,727,Bangalore,Karnataka,Tier 1,3,Y,0 (Current),0
APP102460,CUST22209,22/07/2025,27 Jul 2025,Consumer Durable Loan,43040,3,18.47,42330,Salaried,3.4,665,agra,Uttar Pradesh,Tier 3,0,Y,0 (Current),0
APP101012,CUST20509,23-02-2025,25/02/2025,BNPL,23554,6,10.79,115347,Salaried,5.7,751,Patna,Bihar,Tier 3,3,Y,0 (Current),0
APP100616,CUST21961,06/05/2024,16-05-2024,CONSUMER DURABLE LOAN,53921,6,16.32,46650,self-employed,9.6,605,  Hyderabad  ,Telangana,Tier 1,0,Y,0 (Current),0
APP101730,CUST20373,08 Jun 2024,2024-06-21,TWO-WHEELER LOAN,139622,18,11.23,36385,  Salaried  ,4.2,619,AHMEDABAD,Gujarat,Tier 2,1,Y,1-30,0
APP102341,CUST21839,10 Mar 2024,2024-03-11,  Two-Wheeler Loan  ,70993,12,13.92,"INR 16,136",Self-Employed,6.1,601,Nagpur,Maharashtra,Tier 2,4,Y,0 (Current),0
APP102115,CUST20594,27/12/2025,31-12-2025,Two-Wheeler Loan,41738,18,15.17,"INR 17,713",salaried,1.8,,Nagpur,Maharashtra,Tier 2,3,Y,90+,1
APP100398,CUST20694,2024-12-11,30 Dec 2024,Two-Wheeler Loan,102064,18,11.29,"197,780",Salaried,2.5,770,Bangalore,Karnataka,Tier 1,1,Y,0 (Current),0
APP102395,CUST20761,24 Nov 2024,04 Dec 2024,Consumer Durable Loan,12480,6,17.53,"INR 35,514",SELF-EMPLOYED,11.4,700,bangalore,Karnataka,Tier 1,1,Y,1-30,0
APP100949,CUST20711,16/08/2025,05 Sep 2025,bnpl,17633,3,8.12,92181,salaried,14.1,786,Coimbatore,Tamil Nadu,Tier 2,1,Y,61-90,1
APP102029,CUST21531,26 Dec 2024,08 Jan 2025,Consumer Durable Loan,42985,12,18.16,35706,Self-Employed,7.8,691,Jodhpur,Rajasthan,Tier 3,2,Y,0 (Current),0
APP101456,CUST20023,28 Apr 2025,17 May 2025,Personal Loan,330428,12,23.02,42662,salaried,11.8,605,PUNE,Maharashtra,Tier 1,0,Y,61-90,1
APP100556,CUST21546,27-11-2025,01-12-2025,BNPL,5922,6,16.34,"61,298",Salaried,5.1,649,chennai,Tamil Nadu,Tier 1,3,Y,0 (Current),0
APP100619,CUST20426,24 Sep 2024,2024-10-11,  Two-Wheeler Loan  ,48776,36,12.73,57988,SALARIED,9.1,734,Ahmedabad,Gujarat,Tier 2,3,Y,0 (Current),0
APP100718,CUST22186,04/04/2025,2025-04-08,personal loan,250006,24,14.5,"18,152",Salaried,9.5,639,  Patna  ,Bihar,Tier 3,0,Y,0 (Current),0
APP102179,CUST22182,2024-10-14,30/10/2024,BNPL,2450,3,0.97,18238,SELF-EMPLOYED,11.2,587,  Agra  ,Uttar Pradesh,Tier 3,0,N,0 (Current),0
APP102107,CUST20671,07/08/2025,15-08-2025,BNPL,24441,1,2.51,256283,Self-Employed,9.8,762,delhi,Delhi,Tier 1,2,N,1-30,0
APP100912,CUST21564,23/05/2024,01/06/2024,Consumer Durable Loan,33637,12,19.73,28318,SELF-EMPLOYED,8.9,675,JODHPUR,Rajasthan,Tier 3,2,N,90+,1
APP100554,CUST21291,2024-02-19,10 Mar 2024,Gold Loan,79604,12,11.37,19232,SELF-EMPLOYED,1.6,,AGRA,Uttar Pradesh,Tier 3,3,N,0 (Current),0
APP100565,CUST20121,31-01-2025,19-02-2025,Two-Wheeler Loan,118694,36,15.54,18665,SALARIED,12.0,529,Patna,Bihar,Tier 3,0,Y,0 (Current),0
APP102442,CUST21932,2024-07-09,2024-07-23,Two-Wheeler Loan,130452,12,11.93,"33,235",SALARIED,10.3,649,Lucknow,Uttar Pradesh,Tier 2,2,Y,90+,1
APP102543,CUST20030,10/11/2024,17-11-2024,BNPL,20825,6,1.43,240742,  Salaried  ,5.6,769,Mumbai,Maharashtra,Tier 1,0,Y,0 (Current),0
APP100078,CUST20981,23-11-2024,11/12/2024,Consumer Durable Loan,55139,12,17.19,99948,Salaried,11.7,737,jaipur,Rajasthan,Tier 2,2,Y,0 (Current),0
APP101684,CUST20805,05 Feb 2024,,Consumer Durable Loan,57922,3,19.67,"INR 46,825",Salaried,16.0,730,Indore,Madhya Pradesh,Tier 2,1,Y,0 (Current),0
APP101166,CUST22286,01 Dec 2024,11/12/2024,Consumer Durable Loan,47426,9,17.46,16483,self-employed,9.3,,coimbatore,Tamil Nadu,Tier 2,0,Y,0 (Current),0
APP101256,CUST21796,01-08-2025,06/08/2025,two-wheeler loan,130155,18,13.16,38083,Salaried,7.1,644,Ahmedabad,Gujarat,Tier 2,2,N,0 (Current),0
APP101843,CUST21964,17 Jul 2025,17 Jul 2025,PERSONAL LOAN,463109,12,20.91,"INR 170,647",SALARIED,7.4,781,LUCKNOW,Uttar Pradesh,Tier 2,1,Y,0 (Current),0
APP102597,CUST21572,2024-11-04,,Two-Wheeler Loan,138229,24,14.87,15728,SALARIED,10.3,637,Pune,Maharashtra,Tier 1,4,Y,1-30,0
APP100887,CUST20823,2024-11-13,,personal loan,480312,60,19.89,15953,SALARIED,0.7,675,Patna,Bihar,Tier 3,0,N,0 (Current),0
APP100086,CUST21194,17-07-2025,23 Jul 2025,BNPL,13960,1,16.78,55188,self-employed,5.0,698,  Nagpur  ,Maharashtra,Tier 2,0,Y,90+,1
APP102119,CUST21776,14 Jul 2025,21-07-2025,Personal Loan,479880,36,16.51,"75,729",SALARIED,8.1,830,Chennai,Tamil Nadu,Tier 1,0,Y,0 (Current),0
APP101225,CUST22138,04/08/2025,04-08-2025,  Consumer Durable Loan  ,73105,3,16.25,129352,self-employed,16.7,729,hyderabad,Telangana,Tier 1,4,N,0 (Current),0
APP100972,CUST20400,09-05-2025,2025-05-22,Personal Loan,316421,48,22.78,42751,Salaried,7.0,652,Delhi,Delhi,Tier 1,1,Y,90+,1
APP101612,CUST20811,2024-07-05,2024-07-07,TWO-WHEELER LOAN,101694,36,15.32,54552,Salaried,10.8,719,Pune,Maharashtra,Tier 1,0,Y,0 (Current),0
APP100932,CUST21685,27/03/2024,31-03-2024,Consumer Durable Loan,14785,12,14.76,34422,salaried,13.7,643,Coimbatore,Tamil Nadu,Tier 2,1,Y,90+,1
APP101895,CUST21714,2025-01-03,20-01-2025,Personal Loan,414478,12,17.01,"INR 198,364",salaried,11.1,719,Ranchi,Jharkhand,Tier 3,1,Y,1-30,0
APP100703,CUST21169,2024-02-21,24/02/2024,gold loan,73555,9,12.83,30394,SELF-EMPLOYED,2.2,660,Patna,Bihar,Tier 3,0,Y,90+,1
APP102267,CUST21420,05-03-2024,19-03-2024,gold loan,125233,9,9.76,70105,Salaried,14.5,808,ahmedabad,Gujarat,Tier 2,1,Y,0 (Current),0
APP101707,CUST20863,21-12-2024,06/01/2025,Personal Loan,281318,36,23.03,"INR 18,824",self-employed,14.1,663,lucknow,Uttar Pradesh,Tier 2,1,N,0 (Current),0
APP100646,CUST20450,2025-10-11,2025-10-15,Personal Loan,55351,24,21.36,"INR 245,379",Salaried,10.8,800,mumbai,Maharashtra,Tier 1,2,Y,0 (Current),0
APP100109,CUST20230,26 Dec 2024,01/01/2025,BNPL,7692,1,4.26,,SELF-EMPLOYED,6.4,,  Coimbatore  ,Tamil Nadu,Tier 2,1,Y,0 (Current),0
APP100287,CUST20282,09/10/2024,21 Oct 2024,  Consumer Durable Loan  ,70230,6,18.43,147064,Salaried,3.7,822,  Hyderabad  ,Telangana,Tier 1,1,Y,31-60,0
APP101348,CUST20708,2024-10-02,14 Oct 2024,Gold Loan,101842,9,11.19,"INR 28,810",Self-Employed,11.6,684,pune,Maharashtra,Tier 1,0,N,0 (Current),0
APP101033,CUST22295,30-07-2024,07 Aug 2024,PERSONAL LOAN,490524,48,20.12,"INR 73,548",Salaried,,740,mumbai,Maharashtra,Tier 1,2,N,0 (Current),0
APP100273,CUST21124,2024-10-07,22-10-2024,bnpl,2064,3,11.54,65342,  Self-Employed  ,,720,BANGALORE,Karnataka,Tier 1,3,Y,90+,1
APP100827,CUST22314,21 Dec 2024,2025-01-03,bnpl,9430,1,3.15,"36,389",Self-Employed,11.6,744,Patna,Bihar,Tier 3,2,N,0 (Current),0
APP101388,CUST20353,15 Nov 2024,02-12-2024,  Personal Loan  ,194437,48,20.64,"29,321",Self-Employed,,709,hyderabad,Telangana,Tier 1,1,N,0 (Current),0
APP101688,CUST20461,20-02-2024,20/02/2024,  Two-Wheeler Loan  ,43092,12,13.41,,SELF-EMPLOYED,,753,  Hyderabad  ,Telangana,Tier 1,1,N,0 (Current),0
APP101418,CUST22057,02 Apr 2024,,CONSUMER DURABLE LOAN,34933,6,15.59,30024,Salaried,9.1,,Mumbai,Maharashtra,Tier 1,1,Y,1-30,0
APP100772,CUST21681,03 Dec 2024,,bnpl,16815,6,11.65,65210,SELF-EMPLOYED,11.1,739,Agra,Uttar Pradesh,Tier 3,1,N,0 (Current),0
APP101402,CUST21621,19/08/2024,2024-09-02,Gold Loan,93027,12,13.23,"INR 42,479",SALARIED,9.9,678,Pune,Maharashtra,Tier 1,0,N,0 (Current),0
APP100807,CUST22032,12/06/2024,24 Jun 2024,Consumer Durable Loan,29889,12,17.08,"INR 73,461",Salaried,14.1,766,  Chennai  ,Tamil Nadu,Tier 1,0,Y,90+,1
APP101818,CUST22121,08/05/2025,19-05-2025,consumer durable loan,17017,3,18.57,"INR 80,809",Salaried,1.3,775,Chennai,Tamil Nadu,Tier 1,1,Y,0 (Current),0
APP100846,CUST21121,16/03/2024,28-03-2024,Personal Loan,82545,12,22.65,"INR 14,815",self-employed,12.4,699,Jaipur,Rajasthan,Tier 2,1,N,1-30,0
APP100006,CUST22324,04/08/2024,13 Aug 2024,Personal Loan,395899,48,23.47,25081,self-employed,9.6,,Guwahati,Assam,Tier 3,0,Y,0 (Current),0
APP102243,CUST20143,09-09-2025,15 Sep 2025,BNPL,20458,6,15.98,"INR 101,615",self-employed,15.7,792,bangalore,Karnataka,Tier 1,1,Y,90+,1
APP101331,CUST21932,11 Oct 2024,25 Oct 2024,Consumer Durable Loan,77189,9,21.24,"INR 176,362",Self-Employed,12.8,728,DELHI,Delhi,Tier 1,3,Y,0 (Current),0
APP100234,CUST21279,21-01-2024,02 Feb 2024,TWO-WHEELER LOAN,44899,36,14.29,101591,self-employed,3.1,847,lucknow,Uttar Pradesh,Tier 2,1,Y,0 (Current),0
APP102206,CUST20214,10 Dec 2025,29 Dec 2025,personal loan,82517,48,17.3,45383,Salaried,2.5,721,  Ahmedabad  ,Gujarat,Tier 2,0,Y,0 (Current),0
APP101111,CUST20360,16/02/2025,28-02-2025,BNPL,19686,6,4.26,"INR 31,605",Self-Employed,10.7,636,jaipur,Rajasthan,Tier 2,0,N,0 (Current),0
APP101572,CUST22184,2024-12-04,18 Dec 2024,Consumer Durable Loan,59210,9,17.18,117946,salaried,1.1,755,nagpur,Maharashtra,Tier 2,3,Y,0 (Current),0
APP100901,CUST20329,2024-08-13,26-08-2024,  Two-Wheeler Loan  ,82490,12,11.39,"INR 80,663",  Self-Employed  ,11.3,688,BANGALORE,Karnataka,Tier 1,0,Y,0 (Current),0
APP101298,CUST20041,20-12-2024,02 Jan 2025,BNPL,9986,3,17.93,22306,self-employed,14.9,717,delhi,Delhi,Tier 1,2,Y,90+,1
APP101860,CUST20460,15 Jul 2024,2024-08-02,personal loan,411111,12,20.93,84198,SALARIED,8.9,704,RAIPUR,Chhattisgarh,Tier 3,1,Y,0 (Current),0
APP100427,CUST20693,2025-04-15,,Consumer Durable Loan,48541,6,15.02,45948,SELF-EMPLOYED,17.0,702,Ranchi,Jharkhand,Tier 3,2,Y,0 (Current),0
APP102303,CUST20441,01 Jun 2025,05 Jun 2025,bnpl,15944,6,8.49,82299,Self-Employed,8.7,680,Jodhpur,Rajasthan,Tier 3,0,Y,0 (Current),0
APP101890,CUST21139,2024-07-14,2024-07-14,BNPL,24858,1,3.81,45274,Salaried,16.8,678,Delhi,Delhi,Tier 1,3,Y,0 (Current),0
APP102546,CUST20449,2024-06-14,29 Jun 2024,BNPL,13820,6,14.45,73220,Self-Employed,5.7,691,CHENNAI,Tamil Nadu,Tier 1,1,Y,0 (Current),0
APP100321,CUST20087,10 Jul 2024,17-07-2024,Consumer Durable Loan,9052,12,17.32,21192,SELF-EMPLOYED,12.2,667,Delhi,Delhi,Tier 1,1,Y,0 (Current),0
APP100714,CUST21311,19/10/2025,22-10-2025,bnpl,6449,3,2.22,33374,Self-Employed,9.7,655,Coimbatore,Tamil Nadu,Tier 2,0,N,0 (Current),0
APP100767,CUST20081,30/09/2024,2024-10-07,Personal Loan,415603,24,14.41,107402,salaried,10.2,783,RAIPUR,Chhattisgarh,Tier 3,1,Y,90+,1
APP101926,CUST21405,2025-09-30,18 Oct 2025,Two-Wheeler Loan,105565,24,14.06,82595,Salaried,16.2,836,Chennai,Tamil Nadu,Tier 1,1,Y,0 (Current),0
APP101526,CUST20053,10-07-2024,12-07-2024,gold loan,30520,6,10.52,35998,  Salaried  ,,688,delhi,Delhi,Tier 1,0,Y,1-30,0
APP101275,CUST22177,17 Sep 2025,2025-09-29,bnpl,4444,1,11.23,19919,salaried,9.1,718,Nagpur,Maharashtra,Tier 2,0,Y,90+,1
APP102106,CUST22286,03-06-2025,22 Jun 2025,Consumer Durable Loan,22246,6,15.12,"57,708",Salaried,1.5,702,Delhi,Delhi,Tier 1,0,Y,1-30,0
APP101222,CUST20437,22/02/2025,,Personal Loan,159402,48,22.62,14733,Self-Employed,0.4,681,ahmedabad,Gujarat,Tier 2,3,Y,0 (Current),0
APP100648,CUST20304,08-07-2025,2025-07-13,Two-Wheeler Loan,109584,18,11.6,"INR 44,927",SALARIED,17.0,701,Ahmedabad,Gujarat,Tier 2,2,Y,0 (Current),0
APP102580,CUST21915,22-09-2024,30/09/2024,gold loan,88527,12,11.13,18870,SALARIED,,673,mumbai,Maharashtra,Tier 1,0,Y,1-30,0
APP101811,CUST21342,09/04/2025,28-04-2025,gold loan,149430,12,12.49,28042,Self-Employed,4.9,705,pune,Maharashtra,Tier 1,0,Y,1-30,0
APP101239,CUST21178,17 Dec 2025,2025-12-26,Two-Wheeler Loan,58820,36,12.8,"INR 61,224",Salaried,,719,  Jaipur  ,Rajasthan,Tier 2,0,Y,0 (Current),0
APP100270,CUST22280,2025-11-09,28-11-2025,Consumer Durable Loan,52909,9,21.82,,SALARIED,17.2,724,Raipur,Chhattisgarh,Tier 3,2,Y,0 (Current),0
APP100589,CUST20183,08/07/2024,09/07/2024,two-wheeler loan,114569,36,12.75,"INR 64,235",SELF-EMPLOYED,8.4,716,chennai,Tamil Nadu,Tier 1,2,Y,0 (Current),0
APP102587,CUST21183,26-02-2025,2025-03-09,PERSONAL LOAN,356099,36,19.29,39698,SALARIED,15.6,678,  Mumbai  ,Maharashtra,Tier 1,1,N,31-60,0
APP102396,CUST22247,06-01-2025,2025-01-24,Gold Loan,73030,6,11.06,82985,Salaried,16.4,744,Bangalore,Karnataka,Tier 1,0,Y,0 (Current),0
APP102244,CUST20539,24/02/2025,06 Mar 2025,BNPL,11696,1,7.89,47161,Self-Employed,12.0,758,Bangalore,Karnataka,Tier 1,4,Y,0 (Current),0
APP101740,CUST21573,13-08-2025,14-08-2025,two-wheeler loan,51175,12,15.67,47527,SALARIED,14.7,775,JAIPUR,Rajasthan,Tier 2,1,Y,0 (Current),0
APP100750,CUST22225,21 Aug 2025,,Personal Loan,142128,12,22.36,"INR 43,104",Salaried,,700,Hyderabad,Telangana,Tier 1,4,N,0 (Current),0
APP100228,CUST20372,25-06-2025,2025-07-12,Two-Wheeler Loan,135493,18,13.52,"INR 81,228",  Self-Employed  ,2.9,728,Delhi,Delhi,Tier 1,0,Y,0 (Current),0
APP101391,CUST22057,28/10/2024,31/10/2024,personal loan,258666,48,23.59,"44,756",Self-Employed,9.0,682,GUWAHATI,Assam,Tier 3,3,Y,0 (Current),0
APP102118,CUST21469,06-03-2024,10-03-2024,Personal Loan,245562,0,20.53,"207,963",salaried,4.7,704,Bangalore,Karnataka,Tier 1,4,Y,90+,1
APP100467,CUST20104,22-06-2024,,personal loan,336850,36,14.57,19026,Salaried,5.2,621,ranchi,Jharkhand,Tier 3,1,Y,0 (Current),0
APP101741,CUST20518,01-05-2025,15/05/2025,Personal Loan,163039,48,22.6,31745,SELF-EMPLOYED,0.4,647,Bangalore,Karnataka,Tier 1,3,Y,0 (Current),0
APP102319,CUST22112,2025-05-19,26 May 2025,BNPL,23611,1,5.04,"INR 68,799",SELF-EMPLOYED,,702,COIMBATORE,Tamil Nadu,Tier 2,1,Y,0 (Current),0
APP102220,CUST21436,26/08/2025,05-09-2025,BNPL,7763,1,11.86,15708,salaried,,619,Ahmedabad,Gujarat,Tier 2,2,Y,0 (Current),0
APP100359,CUST21567,27-04-2024,05/05/2024,personal loan,368477,48,19.19,"INR 34,634",Salaried,3.2,682,Nagpur,Maharashtra,Tier 2,0,Y,90+,1
APP101192,CUST21309,21/08/2025,30-08-2025,two-wheeler loan,132260,24,11.89,"INR 28,366",Self-Employed,9.9,650,jaipur,Rajasthan,Tier 2,2,Y,0 (Current),0
APP100857,CUST20932,05-12-2024,16/12/2024,TWO-WHEELER LOAN,134204,36,12.25,38248,SELF-EMPLOYED,14.8,740,Pune,Maharashtra,Tier 1,2,N,31-60,0
APP100073,CUST21702,11 Mar 2024,16/03/2024,Personal Loan,51580,24,19.78,19366,Self-Employed,0.4,652,Pune,Maharashtra,Tier 1,0,Y,0 (Current),0
APP100608,CUST21669,23-01-2024,01 Feb 2024,personal loan,183437,36,19.56,,SELF-EMPLOYED,17.7,,Delhi,Delhi,Tier 1,0,Y,0 (Current),0
APP101697,CUST20682,17/09/2024,,  Gold Loan  ,39282,6,11.09,21720,  Salaried  ,17.4,608,Chennai,Tamil Nadu,Tier 1,1,Y,0 (Current),0
APP102557,CUST20601,13-09-2025,2025-09-14,CONSUMER DURABLE LOAN,22156,12,20.86,"INR 41,443",Salaried,14.4,720,LUCKNOW,Uttar Pradesh,Tier 2,1,Y,0 (Current),0
APP101410,CUST20473,09 Jun 2024,2024-06-20,CONSUMER DURABLE LOAN,22853,3,13.6,91337,salaried,17.5,790,Hyderabad,Telangana,Tier 1,0,Y,0 (Current),0
APP102530,CUST20949,13-04-2025,15-04-2025,bnpl,12239,1,3.28,"59,621",Self-Employed,4.2,680,HYDERABAD,Telangana,Tier 1,0,Y,0 (Current),0
APP100465,CUST20752,2024-03-29,30-03-2024,Consumer Durable Loan,45544,9,20.7,"19,206",Self-Employed,12.5,631,Jaipur,Rajasthan,Tier 2,1,Y,0 (Current),0
APP100184,CUST22096,2025-12-30,2025-12-31,BNPL,20530,6,15.53,24016,SALARIED,13.8,634,Lucknow,Uttar Pradesh,Tier 2,0,Y,90+,1
APP100668,CUST21582,16/08/2024,30-08-2024,PERSONAL LOAN,382917,60,20.5,65201,  Salaried  ,8.4,763,Raipur,Chhattisgarh,Tier 3,0,Y,0 (Current),0
APP100200,CUST20252,11-10-2024,2024-10-19,BNPL,22457,1,5.16,"INR 63,772",Salaried,17.8,675,Lucknow,Uttar Pradesh,Tier 2,0,Y,0 (Current),0
APP101101,CUST20513,17/07/2024,23 Jul 2024,PERSONAL LOAN,468671,36,22.41,"57,831",Self-Employed,17.7,750,Hyderabad,Telangana,Tier 1,3,Y,90+,1
APP101989,CUST21627,13-11-2025,15 Nov 2025,two-wheeler loan,103745,24,15.98,20500,Salaried,9.6,609,  Delhi  ,Delhi,Tier 1,3,Y,0 (Current),0
APP100247,CUST21803,28-07-2025,2025-08-01,Personal Loan,294912,48,15.16,"INR 18,766",SALARIED,8.5,688,Mumbai,Maharashtra,Tier 1,1,Y,0 (Current),0
APP102216,CUST22075,13 Jan 2025,30 Jan 2025,BNPL,23112,6,7.59,53716,Salaried,13.8,711,lucknow,Uttar Pradesh,Tier 2,4,Y,0 (Current),0
APP101424,CUST21801,07-01-2024,09 Jan 2024,Personal Loan,477692,60,15.86,30553,Salaried,17.1,670,Guwahati,Assam,Tier 3,1,N,0 (Current),0
APP100401,CUST22203,2025-08-21,29-08-2025,Two-Wheeler Loan,69626,24,14.14,22679,salaried,1.2,664,PUNE,Maharashtra,Tier 1,2,Y,0 (Current),0
APP101292,CUST21613,22/06/2024,08/07/2024,  Personal Loan  ,482362,60,14.06,,SALARIED,13.8,724,Indore,Madhya Pradesh,Tier 2,0,Y,0 (Current),0
APP102006,CUST20903,17/05/2025,31 May 2025,Gold Loan,47937,9,10.09,"INR 34,500",salaried,9.3,655,  Delhi  ,Delhi,Tier 1,0,Y,0 (Current),0
APP101853,CUST21169,26 Apr 2024,03 May 2024,BNPL,15015,6,2.93,21073,salaried,6.1,625,Hyderabad,Telangana,Tier 1,0,N,0 (Current),0
APP101606,CUST20554,18-08-2024,2024-08-25,Consumer Durable Loan,57027,12,18.06,85822,Salaried,0.9,715,Ahmedabad,Gujarat,Tier 2,3,Y,0 (Current),0
APP102045,CUST20641,2025-01-13,21/01/2025,Gold Loan,119019,9,13.31,"23,706",salaried,3.4,609,AGRA,Uttar Pradesh,Tier 3,2,Y,61-90,1
APP102063,CUST20632,2025-04-08,15 Apr 2025,BNPL,20661,3,9.71,"61,115",  Self-Employed  ,10.3,726,Agra,Uttar Pradesh,Tier 3,2,Y,0 (Current),0
APP100858,CUST20201,03/09/2024,2024-09-04,  Consumer Durable Loan  ,57448,3,19.55,"INR 30,021",salaried,14.4,,Indore,Madhya Pradesh,Tier 2,1,Y,0 (Current),0
APP102549,CUST22046,14-11-2025,14/11/2025,PERSONAL LOAN,422261,12,22.13,56570,SALARIED,5.8,701,  Mumbai  ,Maharashtra,Tier 1,1,Y,31-60,0
APP101931,CUST22286,25-06-2024,2024-06-27,Two-Wheeler Loan,45218,18,11.11,177024,SELF-EMPLOYED,1.1,705,RANCHI,Jharkhand,Tier 3,1,Y,1-30,0
APP101460,CUST21441,2024-12-21,27/12/2024,consumer durable loan,18077,12,19.35,55422,Salaried,7.9,729,AGRA,Uttar Pradesh,Tier 3,0,Y,0 (Current),0
APP102424,CUST20032,01/09/2025,2025-09-15,gold loan,53035,6,11.43,30929,Self-Employed,4.4,692,mumbai,Maharashtra,Tier 1,2,N,0 (Current),0
APP100147,CUST22136,16-08-2024,2024-08-31,  Consumer Durable Loan  ,57613,9,18.29,33629,Salaried,10.3,700,LUCKNOW,Uttar Pradesh,Tier 2,0,Y,0 (Current),0
APP102193,CUST21407,2024-10-14,22/10/2024,personal loan,170120,24,19.52,"INR 21,877",Salaried,6.4,629,nagpur,Maharashtra,Tier 2,2,Y,90+,1
APP101605,CUST20179,23 Nov 2024,30-11-2024,Consumer Durable Loan,26574,6,16.0,"INR 118,196",Salaried,,733,Bangalore,Karnataka,Tier 1,0,N,1-30,0
APP100869,CUST21497,26-12-2025,31 Dec 2025,Personal Loan,281361,60,16.94,"INR 37,646",  Salaried  ,17.6,676,Indore,Madhya Pradesh,Tier 2,2,Y,0 (Current),0
APP101636,CUST20152,2025-06-25,13/07/2025,BNPL,17330,6,5.51,"INR 108,561",  Salaried  ,6.1,741,Lucknow,Uttar Pradesh,Tier 2,1,Y,0 (Current),0
APP102180,CUST22118,20/07/2024,08 Aug 2024,BNPL,22370,3,0.48,"INR 91,239",Salaried,4.0,725,chennai,Tamil Nadu,Tier 1,2,Y,0 (Current),0
APP101667,CUST20663,05 May 2024,07-05-2024,bnpl,18116,1,1.54,23903,Salaried,2.7,619,Ahmedabad,Gujarat,Tier 2,1,Y,1-30,0
APP101596,CUST21871,03/01/2025,16-01-2025,Gold Loan,44541,12,12.9,228283,salaried,10.0,824,Bangalore,Karnataka,Tier 1,1,Y,0 (Current),0
APP102092,CUST21551,10 Dec 2024,14/12/2024,  Two-Wheeler Loan  ,122434,36,15.46,24292,SELF-EMPLOYED,16.5,668,RANCHI,Jharkhand,Tier 3,0,N,90+,1
APP101680,CUST20735,10-08-2024,2024-08-13,CONSUMER DURABLE LOAN,22878,9,21.24,"78,513",  Self-Employed  ,16.1,745,Mumbai,Maharashtra,Tier 1,1,Y,0 (Current),0
APP100766,CUST21131,02-02-2024,21/02/2024,Gold Loan,70903,12,10.95,31444,  Salaried  ,8.4,623,Agra,Uttar Pradesh,Tier 3,4,Y,0 (Current),0
APP101735,CUST20007,31-10-2024,15 Nov 2024,personal loan,298935,24,15.8,"INR 119,395",Salaried,13.6,849,Nagpur,Maharashtra,Tier 2,3,N,0 (Current),0
APP100445,CUST22127,2024-03-25,10-04-2024,PERSONAL LOAN,289826,12,15.2,"INR 111,978",Self-Employed,2.3,716,Bangalore,Karnataka,Tier 1,0,Y,31-60,0
APP101307,CUST20916,2024-07-17,,Personal Loan,385858,12,19.79,28498,self-employed,7.6,648,Chennai,Tamil Nadu,Tier 1,2,Y,0 (Current),0
APP101137,CUST21680,01/08/2024,2024-08-20,Consumer Durable Loan,64055,12,17.29,"INR 56,025",SALARIED,3.2,685,bangalore,Karnataka,Tier 1,2,Y,0 (Current),0
APP100205,CUST22015,15 Mar 2024,2024-03-29,Personal Loan,453024,48,16.18,,SALARIED,8.9,621,raipur,Chhattisgarh,Tier 3,2,Y,90+,1
APP101889,CUST21251,20 Sep 2024,29 Sep 2024,Consumer Durable Loan,15969,9,14.39,41062,Self-Employed,2.3,735,Agra,Uttar Pradesh,Tier 3,2,Y,0 (Current),0
APP102433,CUST21538,19-12-2025,31 Dec 2025,TWO-WHEELER LOAN,43842,18,13.4,113883,SALARIED,7.9,713,delhi,Delhi,Tier 1,1,Y,0 (Current),0
APP102565,CUST21075,19-08-2025,25/08/2025,PERSONAL LOAN,326899,24,18.22,26431,Self-Employed,3.2,714,HYDERABAD,Telangana,Tier 1,0,N,90+,1
APP100439,CUST20718,03 Jun 2025,17 Jun 2025,  Personal Loan  ,306433,60,17.58,"INR 61,925",salaried,13.6,773,  Ahmedabad  ,Gujarat,Tier 2,0,Y,0 (Current),0
APP100500,CUST22306,2025-03-08,2025-03-19,GOLD LOAN,103208,12,9.93,53782,Self-Employed,9.5,701,Mumbai,Maharashtra,Tier 1,1,Y,0 (Current),0
APP102140,CUST21931,08/04/2025,2025-04-20,Consumer Durable Loan,73466,3,20.73,110922,  Salaried  ,,768,bangalore,Karnataka,Tier 1,2,Y,0 (Current),0
APP102599,CUST21982,22/06/2024,06/07/2024,Consumer Durable Loan,25608,6,20.52,23546,SELF-EMPLOYED,11.0,668,Ahmedabad,Gujarat,Tier 2,1,Y,0 (Current),0
APP100831,CUST21943,13 Apr 2025,22-04-2025,BNPL,5941,3,5.29,"INR 55,729",  Salaried  ,5.5,687,Ranchi,Jharkhand,Tier 3,2,Y,0 (Current),0
APP102052,CUST22185,26/05/2024,06 Jun 2024,Personal Loan,221489,60,19.35,"130,510",salaried,8.2,792,Jaipur,Rajasthan,Tier 2,2,Y,0 (Current),0
APP101178,CUST20612,13 Jan 2024,17-01-2024,Consumer Durable Loan,58095,9,13.06,27811,  Self-Employed  ,0.4,612,Raipur,Chhattisgarh,Tier 3,0,N,1-30,0
APP100108,CUST22154,27 Jan 2024,04/02/2024,Consumer Durable Loan,79371,12,16.1,"INR 209,675",Self-Employed,14.1,744,bangalore,Karnataka,Tier 1,1,Y,0 (Current),0
APP100553,CUST22173,16/09/2025,2025-09-17,personal loan,415641,60,19.19,221193,Salaried,2.0,781,Ahmedabad,Gujarat,Tier 2,2,Y,0 (Current),0
APP101724,CUST21553,08/07/2025,27/07/2025,Two-Wheeler Loan,54777,18,14.8,21585,  Salaried  ,12.1,646,Indore,Madhya Pradesh,Tier 2,2,Y,1-30,0
APP100677,CUST22213,27 Feb 2025,13 Mar 2025,personal loan,288141,24,23.58,25238,SELF-EMPLOYED,16.5,632,Chennai,Tamil Nadu,Tier 1,0,Y,0 (Current),0
APP101745,CUST21749,2025-12-12,28-12-2025,PERSONAL LOAN,192508,24,18.82,168002,salaried,8.1,696,Bangalore,Karnataka,Tier 1,2,Y,0 (Current),0
APP100225,CUST21117,19/11/2024,2024-11-30,TWO-WHEELER LOAN,50069,18,14.83,"INR 56,665",salaried,5.2,718,Hyderabad,Telangana,Tier 1,2,Y,0 (Current),0
APP101351,CUST21770,24-10-2024,2024-11-01,BNPL,5185,3,12.63,"INR 50,247",self-employed,14.0,667,Patna,Bihar,Tier 3,3,Y,31-60,0
APP100956,CUST20847,16/10/2025,2025-10-20,bnpl,3233,1,13.65,"INR 51,020",SALARIED,2.0,671,Hyderabad,Telangana,Tier 1,0,Y,61-90,1
APP100123,CUST22078,29/12/2024,11/01/2025,  Personal Loan  ,185608,60,21.63,24146,SALARIED,1.8,661,Chennai,Tamil Nadu,Tier 1,0,Y,61-90,1
APP101728,CUST20281,21/11/2024,08/12/2024,  Personal Loan  ,78404,36,16.82,"INR 148,437",SELF-EMPLOYED,16.9,811,Bangalore,Karnataka,Tier 1,0,Y,0 (Current),0
APP100376,CUST21243,2024-01-19,23-01-2024,  BNPL  ,8428,6,10.95,89927,Salaried,1.0,757,  Coimbatore  ,Tamil Nadu,Tier 2,1,Y,0 (Current),0
APP100441,CUST20646,30 Jan 2024,31-01-2024,Personal Loan,107352,24,14.3,"23,723",Self-Employed,14.6,654,pune,Maharashtra,Tier 1,1,Y,0 (Current),0
APP100599,CUST20986,29/04/2024,13-05-2024,PERSONAL LOAN,267476,48,15.0,"INR 60,565",Salaried,1.0,763,PATNA,Bihar,Tier 3,0,Y,90+,1
APP102373,CUST21388,2024-10-27,09 Nov 2024,BNPL,24353,1,7.74,"INR 107,430",Self-Employed,11.5,790,RANCHI,Jharkhand,Tier 3,0,Y,61-90,1
APP100289,CUST21511,2025-02-12,,personal loan,73401,48,14.27,"INR 20,341",  Salaried  ,3.0,592,mumbai,Maharashtra,Tier 1,1,Y,0 (Current),0
APP101247,CUST20904,2024-04-09,2024-04-22,Personal Loan,237153,48,23.47,"INR 33,430",Salaried,1.2,647,Ahmedabad,Gujarat,Tier 2,3,Y,90+,1
APP102595,CUST20816,27/12/2025,30-12-2025,  Consumer Durable Loan  ,13292,3,20.96,52255,  Self-Employed  ,4.2,747,MUMBAI,Maharashtra,Tier 1,2,N,1-30,0
APP100735,CUST20625,16-10-2024,2024-11-04,  Gold Loan  ,66698,6,10.93,,Self-Employed,4.6,596,Guwahati,Assam,Tier 3,4,Y,0 (Current),0
APP100657,CUST21463,08-03-2024,14/03/2024,consumer durable loan,76045,3,13.33,"INR 110,194",Salaried,16.7,813,patna,Bihar,Tier 3,2,Y,0 (Current),0
APP102369,CUST20052,19-05-2025,30 May 2025,Gold Loan,68104,12,12.09,41457,salaried,1.8,740,delhi,Delhi,Tier 1,0,Y,0 (Current),0
APP101151,CUST21095,22-03-2025,01-04-2025,Gold Loan,48260,6,10.3,"INR 66,594",Salaried,5.7,736,Agra,Uttar Pradesh,Tier 3,1,Y,90+,1
APP100364,CUST21187,2025-05-15,15/05/2025,Consumer Durable Loan,67488,3,14.96,"INR 54,950",Salaried,1.2,690,Lucknow,Uttar Pradesh,Tier 2,2,Y,0 (Current),0
APP101443,CUST21596,13-03-2025,29 Mar 2025,Gold Loan,125226,6,10.87,,SALARIED,15.4,736,bangalore,Karnataka,Tier 1,1,Y,0 (Current),0
APP100509,CUST20979,05/10/2024,18-10-2024,  BNPL  ,15386,6,7.99,40461,Self-Employed,4.2,710,Indore,Madhya Pradesh,Tier 2,3,N,90+,1
APP102137,CUST20979,10/04/2024,10/04/2024,bnpl,21931,6,6.37,"INR 91,662",SALARIED,13.1,797,Ahmedabad,Gujarat,Tier 2,3,N,0 (Current),0
APP100656,CUST22071,31 May 2024,2024-06-18,TWO-WHEELER LOAN,61443,12,14.46,,salaried,8.9,661,Patna,Bihar,Tier 3,1,Y,0 (Current),0
APP100090,CUST20766,2024-12-22,31/12/2024,TWO-WHEELER LOAN,123769,24,13.98,28735,SALARIED,15.5,654,  Hyderabad  ,Telangana,Tier 1,1,Y,0 (Current),0
APP100959,CUST20351,16/07/2025,2025-07-28,BNPL,23507,1,10.03,"INR 247,121",  Salaried  ,15.9,835,agra,Uttar Pradesh,Tier 3,1,Y,61-90,1
APP102131,CUST21505,17-09-2025,2025-10-05,gold loan,36517,6,12.22,"INR 28,674",self-employed,4.7,684,MUMBAI,Maharashtra,Tier 1,2,N,0 (Current),0
APP100717,CUST21268,2025-08-11,26/08/2025,BNPL,2922,6,13.14,49734,Salaried,5.0,685,DELHI,Delhi,Tier 1,1,Y,0 (Current),0
APP102100,CUST20330,29 Dec 2025,30 Dec 2025,Personal Loan,134483,48,22.73,"INR 24,737",self-employed,14.2,709,Hyderabad,Telangana,Tier 1,1,Y,0 (Current),0
APP102539,CUST21299,21/04/2025,2025-04-27,Personal Loan,264538,60,18.01,23199,Self-Employed,9.6,687,MUMBAI,Maharashtra,Tier 1,1,Y,0 (Current),0
APP100345,CUST21696,06-11-2025,25-11-2025,Consumer Durable Loan,31044,12,16.86,42776,Salaried,17.5,726,  Pune  ,Maharashtra,Tier 1,1,Y,0 (Current),0
APP101337,CUST21081,23/08/2025,2025-09-09,personal loan,126224,48,17.28,38759,Self-Employed,16.8,654,Jaipur,Rajasthan,Tier 2,2,Y,0 (Current),0
APP101102,CUST20898,10 Dec 2025,11-12-2025,bnpl,17451,6,12.58,"INR 16,883",Self-Employed,0.6,582,Ahmedabad,Gujarat,Tier 2,3,N,0 (Current),0
APP100375,CUST20133,06 Feb 2024,2024-02-25,bnpl,12800,6,16.42,27719,SELF-EMPLOYED,3.7,702,  Hyderabad  ,Telangana,Tier 1,2,Y,0 (Current),0
APP101119,CUST20908,09-11-2025,25-11-2025,Gold Loan,96127,12,13.16,36704,Salaried,13.4,765,Bangalore,Karnataka,Tier 1,0,Y,0 (Current),0
APP100195,CUST20320,2025-01-23,,Consumer Durable Loan,20799,12,14.59,"INR 72,419",Salaried,,737,NAGPUR,Maharashtra,Tier 2,0,Y,0 (Current),0
APP101593,CUST20085,17-01-2025,,BNPL,16626,3,12.34,171163,Self-Employed,11.8,731,mumbai,Maharashtra,Tier 1,0,Y,0 (Current),0
APP100241,CUST21300,13/06/2024,02 Jul 2024,BNPL,18111,3,13.26,85967,Self-Employed,1.4,756,Agra,Uttar Pradesh,Tier 3,1,Y,0 (Current),0
APP101280,CUST21055,25 Nov 2024,2024-12-09,Two-Wheeler Loan,95461,12,14.59,42330,Self-Employed,12.7,723,hyderabad,Telangana,Tier 1,1,Y,0 (Current),0
APP100377,CUST20238,2024-02-28,29/02/2024,BNPL,19570,6,0.82,15164,Salaried,13.5,686,Bangalore,Karnataka,Tier 1,0,N,90+,1
APP100571,CUST21842,2025-06-14,25-06-2025,Consumer Durable Loan,23596,12,17.3,24643,salaried,11.5,735,GUWAHATI,Assam,Tier 3,1,Y,0 (Current),0
APP101658,CUST20103,2025-03-02,08/03/2025,Personal Loan,446530,12,17.4,183648,SELF-EMPLOYED,,768,AGRA,Uttar Pradesh,Tier 3,4,Y,90+,1
APP100598,CUST20806,28 Jul 2024,03/08/2024,Gold Loan,78565,9,12.31,50955,  Salaried  ,15.5,682,MUMBAI,Maharashtra,Tier 1,1,Y,0 (Current),0
APP101104,CUST22005,21/07/2024,2024-08-06,Consumer Durable Loan,11947,9,14.86,52290,Salaried,12.0,744,  Indore  ,Madhya Pradesh,Tier 2,0,Y,31-60,0
APP100103,CUST21245,26 Aug 2024,26/08/2024,BNPL,8403,6,16.21,"37,068",salaried,8.9,,Nagpur,Maharashtra,Tier 2,0,Y,0 (Current),0
APP100672,CUST21458,27-04-2025,29/04/2025,BNPL,19326,6,10.71,80552,SELF-EMPLOYED,15.5,703,delhi,Delhi,Tier 1,0,Y,0 (Current),0
APP101483,CUST22169,22/12/2025,25/12/2025,Consumer Durable Loan,43884,6,13.18,65838,Self-Employed,15.5,713,Nagpur,Maharashtra,Tier 2,4,Y,0 (Current),0
APP101055,CUST21168,03 Apr 2024,03-04-2024,Two-Wheeler Loan,99377,18,14.24,"INR 42,956",Salaried,,686,bangalore,Karnataka,Tier 1,0,Y,61-90,1
APP102130,CUST20366,03 Nov 2025,16-11-2025,Consumer Durable Loan,14758,12,18.97,15063,salaried,2.4,629,Lucknow,Uttar Pradesh,Tier 2,1,Y,0 (Current),0
APP100190,CUST21240,06-06-2024,2024-06-22,personal loan,98551,48,19.06,,salaried,0.7,735,bangalore,Karnataka,Tier 1,2,Y,61-90,1
APP102126,CUST21767,17-02-2024,28/02/2024,Two-Wheeler Loan,142495,24,14.73,"INR 210,473",SALARIED,6.0,779,Indore,Madhya Pradesh,Tier 2,0,Y,0 (Current),0
APP100446,CUST20193,04 Jun 2024,10/06/2024,personal loan,406723,24,20.35,35773,  Self-Employed  ,3.0,630,Patna,Bihar,Tier 3,3,Y,31-60,0
APP100213,CUST21786,19/05/2024,2024-05-29,Consumer Durable Loan,33448,9,21.78,"INR 179,637",Salaried,6.7,780,Delhi,Delhi,Tier 1,2,N,0 (Current),0
APP101010,CUST21999,2025-09-18,2025-09-27,Two-Wheeler Loan,90019,18,13.08,34025,Salaried,11.1,641,ahmedabad,Gujarat,Tier 2,0,Y,0 (Current),0
APP100382,CUST20326,24/09/2025,29-09-2025,BNPL,10504,3,2.29,49991,Self-Employed,4.6,756,CHENNAI,Tamil Nadu,Tier 1,1,N,0 (Current),0
APP101009,CUST21024,14-04-2024,30 Apr 2024,  Consumer Durable Loan  ,21380,6,16.23,"34,404",Salaried,6.9,649,Mumbai,Maharashtra,Tier 1,2,Y,1-30,0
APP100153,CUST21642,2025-09-05,06-09-2025,Personal Loan,309191,48,14.11,52612,self-employed,13.9,771,Lucknow,Uttar Pradesh,Tier 2,1,N,0 (Current),0
APP101183,CUST20593,06-03-2025,2025-03-13,BNPL,15952,6,10.4,115085,salaried,12.5,808,COIMBATORE,Tamil Nadu,Tier 2,0,Y,0 (Current),0
APP101376,CUST22251,02-03-2025,22/03/2025,personal loan,201934,12,17.19,41793,  Self-Employed  ,17.3,748,AGRA,Uttar Pradesh,Tier 3,1,Y,90+,1
APP100274,CUST20104,03/10/2025,18-10-2025,Consumer Durable Loan,16237,3,13.25,"INR 41,647",self-employed,3.5,648,  Raipur  ,Chhattisgarh,Tier 3,1,N,1-30,0
APP101935,CUST21785,01 Jan 2025,2025-01-03,Personal Loan,126686,48,15.2,16803,Self-Employed,1.9,623,Bangalore,Karnataka,Tier 1,0,Y,90+,1
APP102046,CUST21087,08-10-2025,25 Oct 2025,Personal Loan,285779,48,21.88,74642,Salaried,4.1,655,MUMBAI,Maharashtra,Tier 1,2,Y,90+,1
APP100493,CUST20949,2025-10-16,30 Oct 2025,Consumer Durable Loan,69928,6,16.36,93778,Salaried,10.8,815,NAGPUR,Maharashtra,Tier 2,1,Y,0 (Current),0
APP101435,CUST21199,09/03/2024,23 Mar 2024,Two-Wheeler Loan,139497,18,12.26,54269,Salaried,17.1,695,Chennai,Tamil Nadu,Tier 1,1,Y,1-30,0
APP101769,CUST20344,25 Jul 2024,25 Jul 2024,BNPL,12839,3,2.86,208990,Self-Employed,13.9,795,jodhpur,Rajasthan,Tier 3,1,Y,0 (Current),0
APP101108,CUST21558,28 Jul 2024,03-08-2024,BNPL,8713,6,12.68,"30,497",SALARIED,,643,  Indore  ,Madhya Pradesh,Tier 2,0,Y,0 (Current),0
APP100298,CUST21046,05/09/2024,05 Sep 2024,Gold Loan,111285,6,12.1,97845,salaried,8.8,750,COIMBATORE,Tamil Nadu,Tier 2,3,Y,1-30,0
APP102148,CUST22106,03/02/2025,11-02-2025,consumer durable loan,46295,12,18.64,28775,SELF-EMPLOYED,13.5,641,DELHI,Delhi,Tier 1,0,Y,0 (Current),0
APP101446,CUST21464,2024-11-28,03-12-2024,Consumer Durable Loan,39763,12,19.48,78468,Self-Employed,9.5,706,Agra,Uttar Pradesh,Tier 3,0,Y,90+,1
APP102116,CUST20687,17 Apr 2025,18 Apr 2025,Personal Loan,333621,60,18.72,,Salaried,,730,Bangalore,Karnataka,Tier 1,0,Y,1-30,0
APP101731,CUST20561,11-08-2025,21-08-2025,gold loan,76715,9,12.38,"INR 92,553",Salaried,15.1,721,Guwahati,Assam,Tier 3,0,Y,0 (Current),0
APP100909,CUST20404,14-10-2025,,Personal Loan,338449,24,20.85,50540,Salaried,4.2,774,  Bangalore  ,Karnataka,Tier 1,1,Y,0 (Current),0
APP100793,CUST21080,2025-09-21,11-10-2025,CONSUMER DURABLE LOAN,74268,12,21.93,62651,Self-Employed,15.1,738,RANCHI,Jharkhand,Tier 3,4,Y,61-90,1
APP100407,CUST21910,2025-10-15,2025-10-22,personal loan,95307,24,17.18,49625,self-employed,16.5,708,  Jaipur  ,Rajasthan,Tier 2,0,N,0 (Current),0
APP100185,CUST22022,08/07/2024,,two-wheeler loan,40861,18,15.41,60589,SALARIED,8.0,704,bangalore,Karnataka,Tier 1,2,Y,0 (Current),0
APP101157,CUST22020,02/09/2025,11/09/2025,Personal Loan,163678,60,18.47,50896,  Salaried  ,15.8,775,Chennai,Tamil Nadu,Tier 1,2,Y,0 (Current),0
APP100977,CUST20049,06-11-2024,18 Nov 2024,consumer durable loan,71692,3,14.73,"INR 44,756",Salaried,8.9,652,jodhpur,Rajasthan,Tier 3,3,Y,90+,1
APP102060,CUST21875,15-12-2024,27 Dec 2024,PERSONAL LOAN,189114,48,18.79,249499,Salaried,5.0,747,Indore,Madhya Pradesh,Tier 2,0,Y,0 (Current),0
APP102339,CUST21952,2024-03-01,09/03/2024,BNPL,5909,3,2.6,"53,932",Salaried,11.7,677,RANCHI,Jharkhand,Tier 3,2,Y,0 (Current),0
APP101310,CUST22272,2024-01-14,03/02/2024,Two-Wheeler Loan,105249,12,13.62,16758,Salaried,5.7,,Lucknow,Uttar Pradesh,Tier 2,0,Y,0 (Current),0
APP101027,CUST21055,01/02/2025,16-02-2025,Personal Loan,225082,36,21.02,,Salaried,9.0,663,  Mumbai  ,Maharashtra,Tier 1,2,Y,0 (Current),0
APP101404,CUST20554,02 Jun 2025,2025-06-10,Consumer Durable Loan,40613,9,17.4,"43,865",  Self-Employed  ,0.7,679,Jaipur,Rajasthan,Tier 2,3,Y,0 (Current),0
APP102337,CUST20595,04/01/2025,13/01/2025,bnpl,17919,3,10.16,"INR 15,630",  Salaried  ,3.6,647,NAGPUR,Maharashtra,Tier 2,0,Y,0 (Current),0
APP101573,CUST22004,15/06/2024,,Gold Loan,96542,12,10.37,,Self-Employed,13.7,,  Jodhpur  ,Rajasthan,Tier 3,0,Y,0 (Current),0
APP100296,CUST21242,16 Sep 2025,01 Oct 2025,Personal Loan,238524,48,17.78,"INR 31,600",Salaried,14.1,699,Chennai,Tamil Nadu,Tier 1,1,Y,0 (Current),0
APP101716,CUST20484,2025-09-29,11/10/2025,Personal Loan,241061,60,22.91,,Salaried,15.4,823,AGRA,Uttar Pradesh,Tier 3,0,Y,31-60,0
APP102455,CUST21271,23/04/2024,27-04-2024,Gold Loan,96562,12,12.54,"INR 48,999",Salaried,6.2,718,Jodhpur,Rajasthan,Tier 3,0,N,90+,1
APP102390,CUST20298,08 Mar 2024,2024-03-26,  BNPL  ,9934,1,12.74,57048,  Salaried  ,3.5,734,Mumbai,Maharashtra,Tier 1,2,Y,90+,1
APP100227,CUST20929,01-03-2024,,Personal Loan,59859,48,21.57,"27,576",salaried,13.7,713,chennai,Tamil Nadu,Tier 1,2,Y,1-30,0
,,,,,,,,,,,,,,,,,,
APP102072,CUST20412,03 Jun 2025,11-06-2025,personal loan,401936,60,21.43,106716,  Salaried  ,0.7,793,delhi,Delhi,Tier 1,0,Y,0 (Current),0
APP101316,CUST21773,2025-01-12,2025-01-29,Consumer Durable Loan,64075,9,19.62,"INR 32,610",salaried,6.2,670,AHMEDABAD,Gujarat,Tier 2,1,N,90+,1
APP100431,CUST21248,2024-08-03,15/08/2024,BNPL,9595,1,5.53,91449,Self-Employed,3.3,697,delhi,Delhi,Tier 1,1,Y,0 (Current),0
APP102268,CUST20894,16-04-2025,2025-04-23,consumer durable loan,62334,9,20.63,20717,SELF-EMPLOYED,11.5,599,Jodhpur,Rajasthan,Tier 3,0,Y,0 (Current),0
APP100640,CUST21878,18-09-2024,2024-10-02,Personal Loan,232420,12,14.73,85301,Salaried,0.1,766,hyderabad,Telangana,Tier 1,0,Y,0 (Current),0
APP102167,CUST21899,2024-08-13,2024-08-26,Two-Wheeler Loan,148250,12,13.47,88537,  Self-Employed  ,14.8,776,Indore,Madhya Pradesh,Tier 2,2,Y,0 (Current),0
APP100497,CUST21960,06 Dec 2025,21-12-2025,  Consumer Durable Loan  ,12068,9,19.31,67254,SALARIED,0.6,729,Lucknow,Uttar Pradesh,Tier 2,1,Y,1-30,0
APP101366,CUST22089,2025-11-15,17/11/2025,Consumer Durable Loan,42629,12,16.54,88406,  Self-Employed  ,10.7,693,Mumbai,Maharashtra,Tier 1,2,Y,0 (Current),0
APP101343,CUST20688,04-03-2025,2025-03-18,  Consumer Durable Loan  ,38426,3,15.87,,Self-Employed,17.1,664,Ranchi,Jharkhand,Tier 3,3,N,90+,1
APP100913,CUST20453,07 Mar 2025,07 Mar 2025,Two-Wheeler Loan,53404,24,11.93,70531,Salaried,5.4,-100,Mumbai,Maharashtra,Tier 1,1,Y,1-30,0
APP102398,CUST20124,27 May 2025,10-06-2025,Personal Loan,99398,24,18.37,64698,Salaried,,650,Delhi,Delhi,Tier 1,3,Y,61-90,1
APP102502,CUST20709,12 Aug 2024,18-08-2024,Two-Wheeler Loan,120867,36,14.37,"INR 64,513",Salaried,4.2,733,ahmedabad,Gujarat,Tier 2,2,Y,61-90,1
APP102103,CUST21937,25/09/2025,13/10/2025,CONSUMER DURABLE LOAN,63311,3,18.75,50176,salaried,,696,jaipur,Rajasthan,Tier 2,4,Y,0 (Current),0
APP101959,CUST20679,24/03/2024,10 Apr 2024,BNPL,20730,6,13.92,"INR 111,483",Salaried,12.5,758,INDORE,Madhya Pradesh,Tier 2,0,Y,0 (Current),0
APP100470,CUST21673,2024-06-09,23 Jun 2024,Gold Loan,59363,12,11.15,"INR 37,873",Salaried,2.0,721,Hyderabad,Telangana,Tier 1,0,Y,1-30,0
APP100011,CUST21430,27/09/2024,2024-10-14,Two-Wheeler Loan,79651,12,14.34,"INR 99,218",Salaried,7.9,652,Agra,Uttar Pradesh,Tier 3,0,Y,90+,1
APP100170,CUST20249,2024-08-09,2024-08-26,Two-Wheeler Loan,109339,12,14.67,105121,Self-Employed,1.0,729,Hyderabad,Telangana,Tier 1,2,N,0 (Current),0
APP101881,CUST21360,2025-03-17,31 Mar 2025,  BNPL  ,18323,3,6.69,25258,Salaried,9.7,627,delhi,Delhi,Tier 1,0,Y,90+,1
APP101795,CUST20981,2025-06-23,10/07/2025,BNPL,22960,1,13.61,115148,salaried,4.4,720,Lucknow,Uttar Pradesh,Tier 2,1,Y,0 (Current),0
APP101052,CUST21117,07 Jun 2024,23-06-2024,Personal Loan,372343,60,19.0,"46,120",self-employed,7.8,,PUNE,Maharashtra,Tier 1,1,Y,0 (Current),0
APP100076,CUST20718,07 Jul 2024,16-07-2024,Two-Wheeler Loan,89958,24,14.48,"41,241",Salaried,6.2,696,lucknow,Uttar Pradesh,Tier 2,1,Y,0 (Current),0
APP102423,CUST20620,07 Jun 2024,18/06/2024,Two-Wheeler Loan,140036,36,13.35,34127,Salaried,0.2,632,Ahmedabad,Gujarat,Tier 2,1,Y,0 (Current),0
APP102509,CUST22160,2025-05-08,09/05/2025,Personal Loan,53478,60,22.85,"INR 79,249",  Salaried  ,14.6,746,PUNE,Maharashtra,Tier 1,1,N,0 (Current),0
APP102578,CUST22220,27-04-2024,2024-04-29,Two-Wheeler Loan,98985,24,11.74,"INR 59,158",Salaried,17.6,725,Delhi,Delhi,Tier 1,3,Y,1-30,0
APP100849,CUST22186,14 Mar 2025,16/03/2025,Gold Loan,121267,12,10.35,"INR 55,392",Salaried,8.7,636,pune,Maharashtra,Tier 1,1,Y,0 (Current),0
APP101893,CUST20450,14/11/2025,25-11-2025,Personal Loan,439019,60,16.81,111148,Salaried,3.5,739,ahmedabad,Gujarat,Tier 2,1,N,0 (Current),0
APP102042,CUST20884,2024-06-27,2024-07-08,Consumer Durable Loan,26270,6,15.98,"45,921",SALARIED,14.9,675,ahmedabad,Gujarat,Tier 2,3,N,0 (Current),0
APP100902,CUST20356,20-09-2024,04 Oct 2024,Gold Loan,119752,9,10.53,"99,716",Self-Employed,13.7,656,indore,Madhya Pradesh,Tier 2,0,N,0 (Current),0
APP100374,CUST20414,10 Jun 2024,26-06-2024,BNPL,11499,3,7.03,44710,Salaried,0.4,634,Delhi,Delhi,Tier 1,1,Y,0 (Current),0
APP100005,CUST22200,22 Jul 2024,07-08-2024,CONSUMER DURABLE LOAN,42522,6,17.57,97294,Salaried,7.8,800,coimbatore,Tamil Nadu,Tier 2,2,Y,0 (Current),0
APP102405,CUST20943,2025-05-02,2025-05-18,BNPL,2923,1,13.66,19426,Self-Employed,5.8,643,lucknow,Uttar Pradesh,Tier 2,2,Y,0 (Current),0
APP101474,CUST22176,04/03/2025,04/03/2025,  BNPL  ,12958,6,16.6,65749,SELF-EMPLOYED,3.1,654,Ahmedabad,Gujarat,Tier 2,0,N,1-30,0
APP102218,CUST22263,09-12-2024,21/12/2024,BNPL,8787,3,3.42,37677,salaried,9.9,683,Mumbai,Maharashtra,Tier 1,2,Y,0 (Current),0
APP100256,CUST21390,28 Apr 2025,2025-05-07,GOLD LOAN,71166,9,12.83,"118,055",  Salaried  ,15.9,770,  Jodhpur  ,Rajasthan,Tier 3,2,Y,1-30,0
APP102023,CUST20329,13-04-2025,2025-04-16,bnpl,10637,3,9.44,61866,Salaried,12.4,674,Nagpur,Maharashtra,Tier 2,1,Y,90+,1
APP101417,CUST20314,14-12-2025,25/12/2025,Personal Loan,345440,24,18.74,"INR 91,965",self-employed,4.6,791,Indore,Madhya Pradesh,Tier 2,1,Y,0 (Current),0
APP100232,CUST22068,15 Apr 2025,2025-04-24,personal loan,275656,12,17.84,42713,Salaried,17.1,805,Bangalore,Karnataka,Tier 1,0,Y,90+,1
APP100413,CUST20294,20 Mar 2024,2024-03-26,  Personal Loan  ,173290,36,17.62,"64,217",salaried,15.9,,Hyderabad,Telangana,Tier 1,1,Y,0 (Current),0
APP100906,CUST20457,25-11-2024,08/12/2024,BNPL,7099,1,1.76,"16,462",  Self-Employed  ,,578,ranchi,Jharkhand,Tier 3,1,Y,90+,1
APP100829,CUST21046,30 Jan 2024,2024-02-10,PERSONAL LOAN,474864,24,19.36,34840,  Self-Employed  ,13.2,658,Patna,Bihar,Tier 3,0,N,0 (Current),0
APP101273,CUST21020,08/12/2025,2025-12-14,BNPL,22669,1,1.02,157056,  Self-Employed  ,16.1,811,  Chennai  ,Tamil Nadu,Tier 1,0,Y,0 (Current),0
APP101936,CUST21781,23/10/2025,2025-10-24,BNPL,4694,6,17.77,"INR 34,818",Self-Employed,16.6,634,DELHI,Delhi,Tier 1,4,Y,0 (Current),0
APP101639,CUST22277,2025-06-23,2025-06-25,Personal Loan,58731,48,22.92,27515,salaried,16.8,704,Nagpur,Maharashtra,Tier 2,0,Y,0 (Current),0
APP101625,CUST20757,12 Mar 2025,19 Mar 2025,BNPL,22402,1,14.41,30379,Self-Employed,,665,Ahmedabad,Gujarat,Tier 2,2,Y,90+,1
APP100585,CUST21089,2024-07-05,2024-07-10,  Two-Wheeler Loan  ,141648,36,12.91,"INR 37,768",self-employed,11.1,650,AHMEDABAD,Gujarat,Tier 2,0,N,31-60,0
APP101459,CUST21906,2025-07-26,27-07-2025,Personal Loan,142466,24,17.42,106526,self-employed,15.5,728,Lucknow,Uttar Pradesh,Tier 2,1,Y,0 (Current),0
APP100052,CUST20421,06-04-2025,18/04/2025,personal loan,319144,24,22.31,49086,SALARIED,13.7,803,NAGPUR,Maharashtra,Tier 2,0,Y,1-30,0
APP100606,CUST21728,2024-06-04,21/06/2024,Gold Loan,142625,12,11.22,44983,Salaried,9.8,710,NAGPUR,Maharashtra,Tier 2,0,Y,90+,1
APP100518,CUST20805,04-06-2024,2024-06-10,Personal Loan,119699,24,18.18,"INR 37,924",  Salaried  ,0.8,618,Delhi,Delhi,Tier 1,0,Y,0 (Current),0
APP102544,CUST20910,2025-11-30,2025-12-07,Personal Loan,-130839,60,17.82,"116,287",Salaried,1.9,666,ranchi,Jharkhand,Tier 3,2,Y,90+,1
APP101415,CUST21326,01 Dec 2025,20 Dec 2025,BNPL,5415,1,11.55,"23,213",self-employed,17.6,,Indore,Madhya Pradesh,Tier 2,3,Y,90+,1
APP101833,CUST20840,2024-11-02,10-11-2024,CONSUMER DURABLE LOAN,79538,9,17.93,221259,Salaried,5.9,,INDORE,Madhya Pradesh,Tier 2,4,Y,1-30,0
APP102352,CUST21435,25/03/2024,08/04/2024,Personal Loan,62054,12,21.98,58949,Salaried,6.7,710,Indore,Madhya Pradesh,Tier 2,1,Y,0 (Current),0
APP101318,CUST20547,03/02/2025,23 Feb 2025,  Personal Loan  ,405065,24,18.64,37143,Self-Employed,3.0,606,HYDERABAD,Telangana,Tier 1,1,Y,0 (Current),0
APP101294,CUST20176,2024-10-01,2024-10-12,Gold Loan,96992,12,10.01,16601,  Salaried  ,5.4,652,INDORE,Madhya Pradesh,Tier 2,2,Y,0 (Current),0
APP101883,CUST20558,02 May 2024,12-05-2024,  BNPL  ,18443,6,9.35,84782,Salaried,17.6,767,Indore,Madhya Pradesh,Tier 2,0,Y,0 (Current),0
APP100263,CUST20533,15-06-2024,2024-06-29,  BNPL  ,10640,6,8.98,,SELF-EMPLOYED,10.1,624,AHMEDABAD,Gujarat,Tier 2,3,Y,90+,1
APP101203,CUST20492,01/07/2025,14-07-2025,CONSUMER DURABLE LOAN,36502,3,13.79,18137,Self-Employed,13.6,,Mumbai,Maharashtra,Tier 1,0,Y,0 (Current),0
APP101209,CUST20128,04/12/2025,14/12/2025,BNPL,17343,6,1.34,37539,  Self-Employed  ,0.2,616,Guwahati,Assam,Tier 3,2,N,0 (Current),0
APP100136,CUST22223,2024-01-14,15/01/2024,BNPL,15679,6,13.46,"INR 27,250",SELF-EMPLOYED,10.5,714,Nagpur,Maharashtra,Tier 2,2,Y,0 (Current),0
APP100905,CUST21226,2024-04-19,22 Apr 2024,BNPL,24468,6,15.4,99413,Salaried,14.3,733,BANGALORE,Karnataka,Tier 1,1,Y,0 (Current),0
APP101962,CUST21134,2025-09-01,09 Sep 2025,BNPL,2667,6,3.62,"INR 43,525",SELF-EMPLOYED,3.1,754,Hyderabad,Telangana,Tier 1,1,Y,31-60,0
APP100908,CUST20843,18-03-2024,01/04/2024,GOLD LOAN,39162,6,12.66,"INR 51,291",self-employed,1.2,625,CHENNAI,Tamil Nadu,Tier 1,1,N,1-30,0
APP101913,CUST22263,04-08-2024,2024-08-09,BNPL,21907,1,12.75,70735,Salaried,17.7,808,  Pune  ,Maharashtra,Tier 1,0,Y,90+,1
APP101825,CUST22113,2025-07-31,13/08/2025,CONSUMER DURABLE LOAN,75020,6,20.42,119911,self-employed,3.2,688,ahmedabad,Gujarat,Tier 2,2,Y,0 (Current),0
APP102242,CUST20483,21/09/2024,04-10-2024,Personal Loan,386941,36,18.0,57413,self-employed,6.1,712,mumbai,Maharashtra,Tier 1,0,Y,0 (Current),0
APP100805,CUST21594,2024-08-06,26 Aug 2024,  Two-Wheeler Loan  ,66442,18,11.62,162416,salaried,12.4,869,Mumbai,Maharashtra,Tier 1,2,Y,0 (Current),0
APP100154,CUST20282,24/09/2024,11/10/2024,BNPL,11060,1,10.91,"INR 73,628",Self-Employed,6.3,610,Jodhpur,Rajasthan,Tier 3,0,Y,90+,1
APP100028,CUST21321,15-06-2025,03 Jul 2025,bnpl,24029,3,10.37,19548,Self-Employed,10.4,554,Lucknow,Uttar Pradesh,Tier 2,2,N,1-30,0
APP100471,CUST20811,02-04-2024,06/04/2024,Consumer Durable Loan,77545,3,19.09,26299,Self-Employed,16.8,684,DELHI,Delhi,Tier 1,0,N,1-30,0
APP101169,CUST21144,09/09/2025,23 Sep 2025,bnpl,18561,6,17.47,28139,salaried,0.7,,DELHI,Delhi,Tier 1,0,Y,90+,1
APP102525,CUST20243,06/11/2025,20 Nov 2025,consumer durable loan,28774,9,20.41,43258,Self-Employed,13.2,686,Pune,Maharashtra,Tier 1,1,Y,0 (Current),0
APP101995,CUST21343,26 Jan 2024,10 Feb 2024,BNPL,14922,1,6.77,"108,953",self-employed,,748,Raipur,Chhattisgarh,Tier 3,2,N,90+,1
APP101607,CUST22296,01-01-2024,15 Jan 2024,BNPL,8633,6,0.06,,  Salaried  ,17.3,717,mumbai,Maharashtra,Tier 1,0,Y,0 (Current),0
APP102172,CUST20612,10/12/2024,21-12-2024,BNPL,5264,1,14.26,24190,  Salaried  ,5.8,672,indore,Madhya Pradesh,Tier 2,2,Y,0 (Current),0
APP101176,CUST21105,01 Aug 2025,18 Aug 2025,Two-Wheeler Loan,112325,18,15.31,18013,salaried,12.6,586,pune,Maharashtra,Tier 1,3,Y,0 (Current),0
APP101122,CUST20066,06 Sep 2025,15-09-2025,  Gold Loan  ,102195,12,10.65,32117,Self-Employed,15.3,598,Chennai,Tamil Nadu,Tier 1,1,Y,0 (Current),0
APP101155,CUST20325,12-12-2024,21/12/2024,Personal Loan,271890,60,17.28,26345,SALARIED,16.9,674,chennai,Tamil Nadu,Tier 1,1,Y,90+,1
APP100192,CUST21161,25 Feb 2024,15/03/2024,consumer durable loan,25049,3,17.24,20101,Salaried,6.1,578,Jaipur,Rajasthan,Tier 2,2,Y,90+,1
APP100344,CUST21846,21/01/2025,08-02-2025,personal loan,164621,24,18.2,116570,Salaried,17.5,751,Guwahati,Assam,Tier 3,1,Y,0 (Current),0
APP100892,CUST22032,2024-04-21,08/05/2024,Personal Loan,65375,12,23.18,15896,SELF-EMPLOYED,13.4,608,HYDERABAD,Telangana,Tier 1,3,Y,0 (Current),0
APP102583,CUST20501,18/01/2025,30 Jan 2025,Two-Wheeler Loan,101685,12,12.21,"18,941",salaried,16.6,638,Agra,Uttar Pradesh,Tier 3,1,Y,0 (Current),0
APP101407,CUST20929,20/11/2024,,PERSONAL LOAN,105261,12,14.64,34596,Salaried,,726,Bangalore,Karnataka,Tier 1,1,Y,0 (Current),0
APP101703,CUST21605,19/03/2024,30/03/2024,gold loan,55358,6,11.45,49851,salaried,12.8,,Nagpur,Maharashtra,Tier 2,0,Y,0 (Current),0
APP101988,CUST20190,12/09/2025,14/09/2025,bnpl,10613,1,6.07,"26,091",SALARIED,11.9,711,Hyderabad,Telangana,Tier 1,2,Y,0 (Current),0
APP102430,CUST21359,08-03-2025,2025-03-19,TWO-WHEELER LOAN,135903,18,13.44,119199,SALARIED,1.8,723,  Pune  ,Maharashtra,Tier 1,0,Y,1-30,0
APP100279,CUST21804,2024-07-19,22 Jul 2024,Personal Loan,198950,24,16.19,"INR 70,085",salaried,17.6,733,bangalore,Karnataka,Tier 1,2,Y,61-90,1
APP102586,CUST22292,11/04/2024,21/04/2024,two-wheeler loan,41571,18,11.93,39771,salaried,12.7,713,Coimbatore,Tamil Nadu,Tier 2,0,Y,0 (Current),0
APP102182,CUST22319,08-04-2024,17/04/2024,  Personal Loan  ,484400,24,17.99,"21,909",Self-Employed,13.5,647,Nagpur,Maharashtra,Tier 2,0,Y,90+,1
APP100579,CUST21343,16-02-2024,20/02/2024,BNPL,17592,6,15.23,30686,SALARIED,15.9,664,Bangalore,Karnataka,Tier 1,1,Y,90+,1
APP101943,CUST22169,2025-12-28,30-12-2025,personal loan,211219,36,19.29,38385,SELF-EMPLOYED,6.1,594,bangalore,Karnataka,Tier 1,1,Y,0 (Current),0
APP100615,CUST20062,14 Jan 2024,27-01-2024,TWO-WHEELER LOAN,65674,12,11.86,57979,SALARIED,8.9,629,Delhi,Delhi,Tier 1,1,Y,0 (Current),0
APP100990,CUST20810,10 Sep 2025,10/09/2025,Consumer Durable Loan,56752,9,20.29,61565,Salaried,16.4,738,Coimbatore,Tamil Nadu,Tier 2,0,Y,0 (Current),0
APP101381,CUST21741,30/05/2025,31-05-2025,  BNPL  ,10102,3,15.22,60364,salaried,10.5,671,Bangalore,Karnataka,Tier 1,2,Y,1-30,0
APP100810,CUST20670,06 Mar 2024,10-03-2024,consumer durable loan,30626,6,16.07,"INR 44,212",Self-Employed,5.5,674,delhi,Delhi,Tier 1,2,Y,0 (Current),0
APP101498,CUST21359,31-08-2025,18 Sep 2025,two-wheeler loan,129266,36,13.22,28920,SALARIED,15.1,672,Jaipur,Rajasthan,Tier 2,1,Y,0 (Current),0
APP101037,CUST20538,2025-07-31,19 Aug 2025,BNPL,11667,6,13.16,"148,861",salaried,12.6,761,  Delhi  ,Delhi,Tier 1,0,Y,0 (Current),0
APP101565,CUST21493,22/08/2024,28-08-2024,Personal Loan,314760,36,20.07,"INR 36,479",self-employed,6.9,605,Coimbatore,Tamil Nadu,Tier 2,2,Y,0 (Current),0
APP100043,CUST21758,2024-05-26,15 Jun 2024,  Two-Wheeler Loan  ,126223,24,11.14,"224,146",self-employed,10.0,750,Ranchi,Jharkhand,Tier 3,3,Y,0 (Current),0
APP102249,CUST21741,10 Nov 2025,27-11-2025,BNPL,3197,1,5.91,77958,salaried,5.1,679,AHMEDABAD,Gujarat,Tier 2,4,Y,1-30,0
APP100617,CUST20597,27/09/2025,2025-10-09,  Personal Loan  ,423778,48,16.85,,Salaried,17.0,694,RANCHI,Jharkhand,Tier 3,2,Y,31-60,0
APP101621,CUST21697,10 Aug 2024,26 Aug 2024,PERSONAL LOAN,494286,36,20.85,80610,Salaried,1.1,740,CHENNAI,Tamil Nadu,Tier 1,0,Y,90+,1
APP100042,CUST20382,22 Feb 2024,2024-03-11,Two-Wheeler Loan,83207,12,13.05,93926,Self-Employed,10.6,675,pune,Maharashtra,Tier 1,3,Y,0 (Current),0
APP100926,CUST22099,14 Apr 2024,03/05/2024,Two-Wheeler Loan,119234,18,15.76,"31,270",salaried,5.4,661,Nagpur,Maharashtra,Tier 2,0,Y,0 (Current),0
APP100883,CUST20055,19-12-2025,30-12-2025,Personal Loan,109778,36,18.93,34323,salaried,4.4,659,pune,Maharashtra,Tier 1,3,Y,90+,1
APP100951,CUST21145,23/08/2025,09/09/2025,TWO-WHEELER LOAN,42021,18,13.54,"INR 71,206",SELF-EMPLOYED,1.4,690,AHMEDABAD,Gujarat,Tier 2,2,Y,0 (Current),0
APP102567,CUST21813,18 Apr 2024,05 May 2024,consumer durable loan,37999,12,14.31,110091,Salaried,14.9,782,Ranchi,Jharkhand,Tier 3,0,Y,0 (Current),0
APP100523,CUST20441,17/08/2024,22/08/2024,personal loan,292397,60,22.52,42239,  Salaried  ,11.0,729,Chennai,Tamil Nadu,Tier 1,1,Y,0 (Current),0
APP101849,CUST21113,12/09/2024,12/09/2024,PERSONAL LOAN,419862,60,15.16,64170,salaried,5.2,780,Bangalore,Karnataka,Tier 1,1,Y,0 (Current),0
APP102563,CUST21897,16 Oct 2024,28/10/2024,Two-Wheeler Loan,123051,36,15.08,104921,Salaried,7.3,725,indore,Madhya Pradesh,Tier 2,2,Y,0 (Current),0
APP100832,CUST21462,26/09/2024,,TWO-WHEELER LOAN,60702,18,13.43,"INR 74,283",Salaried,6.0,691,Nagpur,Maharashtra,Tier 2,1,Y,0 (Current),0
APP102127,CUST21453,2025-05-24,27-05-2025,bnpl,23744,1,17.17,"INR 124,004",self-employed,,779,Hyderabad,Telangana,Tier 1,0,Y,0 (Current),0
APP101022,CUST20619,23 Apr 2024,2024-05-03,Personal Loan,78099,12,14.48,15897,Salaried,11.2,662,HYDERABAD,Telangana,Tier 1,0,Y,0 (Current),0
APP101320,CUST20389,2024-09-01,02-09-2024,two-wheeler loan,61520,24,13.69,36198,Salaried,1.2,628,Jodhpur,Rajasthan,Tier 3,1,Y,90+,1
APP101277,CUST20313,29 Jul 2024,06 Aug 2024,BNPL,9818,6,8.61,,Salaried,17.6,681,Mumbai,Maharashtra,Tier 1,1,Y,31-60,0
APP100071,CUST21094,2025-12-21,25 Dec 2025,GOLD LOAN,28142,12,9.97,43773,Salaried,11.8,672,  Guwahati  ,Assam,Tier 3,1,Y,0 (Current),0
APP100589,CUST20183,08/07/2024,09/07/2024,two-wheeler loan,114569,36,12.75,"INR 64,235",SELF-EMPLOYED,8.4,716,chennai,Tamil Nadu,Tier 1,2,Y,0 (Current),0
APP102470,CUST22033,2024-05-08,,CONSUMER DURABLE LOAN,71729,3,21.88,94669,Self-Employed,9.9,715,Delhi,Delhi,Tier 1,0,Y,1-30,0
APP101563,CUST20538,01/05/2024,10/05/2024,BNPL,13428,6,8.18,"INR 60,071",Self-Employed,1.7,668,MUMBAI,Maharashtra,Tier 1,0,N,90+,1
APP102397,CUST22273,09 Jul 2024,22 Jul 2024,BNPL,4302,1,15.78,"INR 54,966",Self-Employed,13.6,737,Chennai,Tamil Nadu,Tier 1,0,Y,61-90,1
APP102541,CUST20362,04/12/2024,2024-12-06,Gold Loan,47524,9,12.18,27510,  Self-Employed  ,,655,Hyderabad,Telangana,Tier 1,2,Y,0 (Current),0
APP100843,CUST20017,20/07/2024,2024-08-01,Personal Loan,123367,48,21.32,"INR 42,210",Self-Employed,16.3,659,guwahati,Assam,Tier 3,4,Y,0 (Current),0
APP101441,CUST20884,22 Jul 2025,27 Jul 2025,PERSONAL LOAN,377694,24,18.75,50261,  Salaried  ,13.2,,Coimbatore,Tamil Nadu,Tier 2,3,Y,0 (Current),0
APP102399,CUST22278,04/09/2024,16/09/2024,BNPL,4531,3,15.27,21234,Salaried,6.0,562,Agra,Uttar Pradesh,Tier 3,1,Y,1-30,0
APP101966,CUST20385,23 Sep 2024,07-10-2024,Personal Loan,444652,36,21.16,"INR 31,818",Self-Employed,4.3,638,Coimbatore,Tamil Nadu,Tier 2,2,N,0 (Current),0
APP101806,CUST20991,04 Dec 2025,2025-12-20,personal loan,454105,24,23.04,176082,Salaried,,770,Jaipur,Rajasthan,Tier 2,1,Y,0 (Current),0
APP100680,CUST21032,24-07-2025,02 Aug 2025,PERSONAL LOAN,142014,24,23.05,"INR 21,510",Self-Employed,2.0,672,nagpur,Maharashtra,Tier 2,3,Y,0 (Current),0
APP101837,CUST20063,2024-12-24,24 Dec 2024,Consumer Durable Loan,18146,3,17.22,"44,563",Self-Employed,15.0,692,  Lucknow  ,Uttar Pradesh,Tier 2,1,N,0 (Current),0
APP102498,CUST21864,23-02-2025,25-02-2025,bnpl,6748,1,14.64,70387,Salaried,6.0,755,Chennai,Tamil Nadu,Tier 1,1,N,1-30,0
APP101595,CUST20995,2024-09-12,14-09-2024,Gold Loan,99065,6,13.28,200929,SELF-EMPLOYED,7.9,823,Guwahati,Assam,Tier 3,0,Y,0 (Current),0
APP102526,CUST21822,22 Jul 2024,30 Jul 2024,Personal Loan,425301,60,22.98,77641,self-employed,8.7,681,JODHPUR,Rajasthan,Tier 3,1,Y,0 (Current),0
APP101628,CUST20359,2025-02-04,2025-02-20,Personal Loan,347788,24,20.58,19437,Salaried,,694,  Ranchi  ,Jharkhand,Tier 3,2,Y,0 (Current),0
APP101910,CUST21207,2025-09-20,05/10/2025,PERSONAL LOAN,241832,24,17.98,26560,SELF-EMPLOYED,17.7,732,Bangalore,Karnataka,Tier 1,1,Y,0 (Current),0
APP102033,CUST20892,19-10-2024,19 Oct 2024,Two-Wheeler Loan,117287,18,14.1,65412,SELF-EMPLOYED,1.5,697,Nagpur,Maharashtra,Tier 2,0,N,0 (Current),0
APP101422,CUST20864,2024-04-16,18-04-2024,PERSONAL LOAN,407048,12,15.28,"INR 29,882",SALARIED,13.0,776,PUNE,Maharashtra,Tier 1,0,Y,61-90,1
APP102489,CUST22202,10/07/2024,27-07-2024,personal loan,491749,60,14.65,"INR 42,793",Salaried,10.3,701,Lucknow,Uttar Pradesh,Tier 2,4,N,61-90,1
APP101513,CUST20235,07 Aug 2024,25-08-2024,Consumer Durable Loan,62416,6,15.84,65775,Salaried,6.8,771,Bangalore,Karnataka,Tier 1,1,Y,0 (Current),0
APP100536,CUST22243,2024-05-07,07/05/2024,Consumer Durable Loan,61021,12,21.2,37729,Salaried,9.5,740,bangalore,Karnataka,Tier 1,0,Y,0 (Current),0
APP102309,CUST20344,14/09/2025,23 Sep 2025,Personal Loan,206971,36,18.15,"INR 39,501",Salaried,16.9,725,Indore,Madhya Pradesh,Tier 2,0,Y,1-30,0
APP102186,CUST22328,04/02/2024,21/02/2024,BNPL,7130,1,10.8,71320,Salaried,5.7,706,Raipur,Chhattisgarh,Tier 3,1,Y,90+,1
APP102030,CUST21377,10 Sep 2024,22/09/2024,Personal Loan,370789,60,19.63,46351,Salaried,7.0,747,Patna,Bihar,Tier 3,0,Y,1-30,0
APP101836,CUST21640,2024-04-14,26-04-2024,BNPL,18486,1,0.34,31087,SALARIED,14.6,624,Ahmedabad,Gujarat,Tier 2,0,Y,90+,1
APP100879,CUST21397,08 May 2024,2024-05-11,Consumer Durable Loan,37095,9,15.85,,Salaried,13.6,734,Bangalore,Karnataka,Tier 1,2,Y,0 (Current),0
APP102552,CUST22112,25/02/2025,04 Mar 2025,Personal Loan,202639,36,16.69,70907,salaried,,663,Nagpur,Maharashtra,Tier 2,0,Y,90+,1
APP101876,CUST20676,2025-05-12,2025-05-18,BNPL,12972,1,12.39,"29,382",SALARIED,6.9,713,BANGALORE,Karnataka,Tier 1,3,Y,31-60,0
APP100947,CUST22045,12/01/2024,01 Feb 2024,BNPL,6784,1,9.52,44686,Self-Employed,,668,HYDERABAD,Telangana,Tier 1,2,Y,0 (Current),0
APP100242,CUST20013,23/11/2024,2024-11-28,PERSONAL LOAN,424113,24,22.47,55281,salaried,2.0,685,Hyderabad,Telangana,Tier 1,2,Y,1-30,0
APP102146,CUST20398,20 Mar 2024,,BNPL,7748,3,4.56,61426,Salaried,1.7,727,DELHI,Delhi,Tier 1,3,Y,0 (Current),0
APP102281,CUST20283,2025-12-02,2025-12-19,Consumer Durable Loan,44944,12,17.72,"INR 41,534",SALARIED,7.7,611,BANGALORE,Karnataka,Tier 1,3,Y,0 (Current),0
APP101789,CUST20557,18 Aug 2024,26/08/2024,PERSONAL LOAN,301733,36,23.85,29371,SALARIED,6.1,671,AHMEDABAD,Gujarat,Tier 2,1,Y,90+,1
APP102465,CUST20065,30 Aug 2025,11/09/2025,TWO-WHEELER LOAN,72715,18,12.92,37945,salaried,5.2,689,LUCKNOW,Uttar Pradesh,Tier 2,0,Y,0 (Current),0
APP101264,CUST21435,20 Dec 2024,26 Dec 2024,Personal Loan,135996,12,16.2,"INR 50,249",Salaried,11.8,647,BANGALORE,Karnataka,Tier 1,0,Y,0 (Current),0
APP102385,CUST21382,03 Mar 2024,2024-03-07,Personal Loan,226305,12,20.02,121891,SELF-EMPLOYED,11.9,658,pune,Maharashtra,Tier 1,1,Y,0 (Current),0
APP101227,CUST20497,27/09/2025,11 Oct 2025,BNPL,24926,3,10.26,,SALARIED,,747,Ahmedabad,Gujarat,Tier 2,0,Y,1-30,0
APP101510,CUST22232,2024-12-06,2024-12-23,BNPL,21262,6,8.51,"40,580",Self-Employed,17.8,715,Ahmedabad,Gujarat,Tier 2,1,Y,0 (Current),0
APP102135,CUST21489,02 Sep 2024,02-09-2024,  Consumer Durable Loan  ,52639,3,15.83,23741,SALARIED,4.4,668,AGRA,Uttar Pradesh,Tier 3,1,N,0 (Current),0
APP100663,CUST20609,2024-10-10,28-10-2024,two-wheeler loan,77594,36,12.15,"INR 42,339",Self-Employed,11.9,729,Mumbai,Maharashtra,Tier 1,1,N,0 (Current),0
APP101378,CUST21599,25-05-2024,05 Jun 2024,personal loan,299944,48,16.78,43498,Salaried,6.1,725,MUMBAI,Maharashtra,Tier 1,1,Y,0 (Current),0
APP100761,CUST21367,04/06/2025,09/06/2025,TWO-WHEELER LOAN,141559,24,14.5,92203,SELF-EMPLOYED,14.9,734,lucknow,Uttar Pradesh,Tier 2,1,N,0 (Current),0
APP101110,CUST22291,06/07/2025,,BNPL,11835,3,16.45,41105,SELF-EMPLOYED,7.5,640,Delhi,Delhi,Tier 1,2,Y,0 (Current),0
APP101898,CUST20764,03 Oct 2025,05-10-2025,BNPL,18583,1,5.19,"242,655",Salaried,16.9,745,PUNE,Maharashtra,Tier 1,1,Y,0 (Current),0
APP102141,CUST22181,17/06/2025,2025-07-03,BNPL,10829,1,6.48,16644,self-employed,0.8,632,Mumbai,Maharashtra,Tier 1,0,Y,90+,1
APP101433,CUST21156,19-04-2024,30/04/2024,Personal Loan,70721,48,20.02,"INR 22,266",salaried,1.5,631,  Hyderabad  ,Telangana,Tier 1,1,Y,0 (Current),0
APP101664,CUST21767,08-11-2025,11-11-2025,Gold Loan,93922,12,11.28,30115,Self-Employed,12.5,668,MUMBAI,Maharashtra,Tier 1,0,Y,0 (Current),0
APP100121,CUST21252,07/06/2025,24-06-2025,  Consumer Durable Loan  ,41029,6,17.2,54024,salaried,6.8,676,Nagpur,Maharashtra,Tier 2,1,Y,31-60,0
APP100209,CUST20468,2024-08-06,09/08/2024,Consumer Durable Loan,60692,9,14.09,89456,Salaried,,719,Ahmedabad,Gujarat,Tier 2,0,Y,0 (Current),0
APP101252,CUST21726,30-10-2024,13/11/2024,GOLD LOAN,74147,12,10.64,30063,Self-Employed,14.2,636,lucknow,Uttar Pradesh,Tier 2,2,N,0 (Current),0
APP100315,CUST22006,2025-08-31,2025-09-08,BNPL,7595,3,17.04,"INR 41,257",self-employed,10.9,636,delhi,Delhi,Tier 1,2,Y,0 (Current),0
APP101701,CUST20422,26/03/2025,,BNPL,3601,1,10.85,32667,Salaried,13.2,606,Pune,Maharashtra,Tier 1,1,Y,0 (Current),0
APP101174,CUST20596,01-12-2025,,consumer durable loan,42742,12,19.75,52445,Salaried,4.9,769,Ranchi,Jharkhand,Tier 3,2,Y,0 (Current),0
APP101191,CUST20002,03-10-2024,2024-10-09,Consumer Durable Loan,13453,9,16.93,16748,Salaried,7.2,634,  Jodhpur  ,Rajasthan,Tier 3,2,Y,90+,1
APP101006,CUST21756,13-06-2024,2024-06-28,personal loan,404946,24,14.99,"90,401",Self-Employed,8.7,779,chennai,Tamil Nadu,Tier 1,1,Y,0 (Current),0
APP101523,CUST21604,26 May 2025,26-05-2025,BNPL,21795,6,7.76,62400,self-employed,17.0,633,  Indore  ,Madhya Pradesh,Tier 2,3,Y,0 (Current),0
APP101912,CUST20709,2024-06-11,2024-06-14,Two-Wheeler Loan,139135,36,14.56,260630,Self-Employed,4.2,811,pune,Maharashtra,Tier 1,2,Y,0 (Current),0
APP100535,CUST21954,2025-10-07,11 Oct 2025,TWO-WHEELER LOAN,113556,18,11.41,"INR 101,607",salaried,4.8,776,MUMBAI,Maharashtra,Tier 1,1,Y,0 (Current),0
APP101691,CUST21983,2024-08-31,19 Sep 2024,gold loan,113175,12,11.44,37770,Salaried,14.4,703,Hyderabad,Telangana,Tier 1,2,Y,0 (Current),0
APP101039,CUST22080,08-08-2025,27/08/2025,Gold Loan,140675,9,10.62,"INR 113,451",Salaried,4.1,803,Lucknow,Uttar Pradesh,Tier 2,2,Y,0 (Current),0
APP102412,CUST22085,2025-06-09,20-06-2025,Personal Loan,306283,60,23.43,78625,Salaried,15.2,843,PATNA,Bihar,Tier 3,0,Y,0 (Current),0
APP100907,CUST20332,2025-07-22,31/07/2025,BNPL,7818,1,2.36,33333,salaried,0.9,621,hyderabad,Telangana,Tier 1,1,Y,1-30,0
APP102564,CUST22207,03-02-2025,2025-02-06,CONSUMER DURABLE LOAN,73800,9,19.01,16543,Self-Employed,11.1,644,COIMBATORE,Tamil Nadu,Tier 2,0,Y,61-90,1
APP100176,CUST20352,2025-07-04,12-07-2025,gold loan,34585,9,11.3,18064,Self-Employed,0.2,,delhi,Delhi,Tier 1,0,N,90+,1
APP102501,CUST20121,20 Mar 2025,02/04/2025,personal loan,486300,12,16.12,64883,Salaried,14.5,721,Agra,Uttar Pradesh,Tier 3,2,Y,0 (Current),0
APP100502,CUST21589,17/06/2024,07 Jul 2024,TWO-WHEELER LOAN,139682,12,13.39,58593,Self-Employed,2.3,,Jaipur,Rajasthan,Tier 2,4,N,90+,1
APP101925,CUST20362,2024-12-12,29-12-2024,Consumer Durable Loan,37199,9,18.62,15771,Salaried,3.4,,LUCKNOW,Uttar Pradesh,Tier 2,0,Y,0 (Current),0
APP100651,CUST20984,2024-10-15,2024-10-26,gold loan,54559,6,10.3,213221,Salaried,,763,NAGPUR,Maharashtra,Tier 2,0,Y,31-60,0
APP100047,CUST22024,06-11-2024,08/11/2024,Two-Wheeler Loan,123269,24,15.32,63989,Salaried,16.6,715,Pune,Maharashtra,Tier 1,0,Y,0 (Current),0
APP102020,CUST21460,20/05/2025,02-06-2025,  BNPL  ,10541,1,16.98,43805,salaried,16.6,680,Indore,Madhya Pradesh,Tier 2,1,Y,0 (Current),0
APP101710,CUST21569,22-11-2025,2025-11-22,Personal Loan,326868,48,18.61,118592,Salaried,3.0,776,Indore,Madhya Pradesh,Tier 2,1,Y,61-90,1
APP101515,CUST20311,19-01-2025,05-02-2025,Consumer Durable Loan,39547,3,19.94,"INR 71,249",  Salaried  ,9.2,776,Indore,Madhya Pradesh,Tier 2,1,Y,0 (Current),0
APP100226,CUST20420,14 May 2024,25/05/2024,TWO-WHEELER LOAN,148975,12,13.09,"INR 72,250",Salaried,16.1,750,Bangalore,Karnataka,Tier 1,3,Y,0 (Current),0
APP100929,CUST21674,08 Aug 2024,22 Aug 2024,BNPL,21144,1,1.53,"INR 55,290",Self-Employed,,709,Nagpur,Maharashtra,Tier 2,0,N,0 (Current),0
APP101858,CUST20105,17 Jul 2024,19 Jul 2024,Personal Loan,404958,36,23.52,58375,salaried,11.9,739,Nagpur,Maharashtra,Tier 2,1,Y,90+,1
APP100070,CUST21918,16-07-2024,2024-07-29,Personal Loan,147621,12,21.37,"96,672",Salaried,,662,  Chennai  ,Tamil Nadu,Tier 1,2,Y,1-30,0
APP100612,CUST21234,24-07-2025,03/08/2025,bnpl,14289,6,15.57,44018,  Salaried  ,0.8,674,PATNA,Bihar,Tier 3,2,Y,0 (Current),0
APP100171,CUST21750,2025-01-15,25 Jan 2025,Gold Loan,89979,12,11.27,17955,salaried,9.1,624,agra,Uttar Pradesh,Tier 3,4,Y,0 (Current),0
APP102328,CUST20350,09-05-2024,12 May 2024,BNPL,22440,6,17.06,238823,Salaried,13.4,780,  Mumbai  ,Maharashtra,Tier 1,2,Y,0 (Current),0
APP100825,CUST20202,04/07/2025,11/07/2025,  Consumer Durable Loan  ,77968,3,19.69,59548,  Salaried  ,11.3,680,BANGALORE,Karnataka,Tier 1,3,Y,61-90,1
APP102426,CUST22289,2024-04-04,2024-04-18,consumer durable loan,77445,12,20.05,"INR 108,244",salaried,1.1,746,CHENNAI,Tamil Nadu,Tier 1,0,Y,0 (Current),0
APP100405,CUST21929,14-05-2024,17/05/2024,TWO-WHEELER LOAN,111511,12,11.19,"INR 61,067",Salaried,13.5,820,RAIPUR,Chhattisgarh,Tier 3,0,Y,61-90,1
APP100299,CUST20479,29-06-2025,12-07-2025,BNPL,18991,1,15.77,57595,salaried,10.6,745,Coimbatore,Tamil Nadu,Tier 2,2,Y,0 (Current),0
APP102265,CUST21033,09/10/2025,2025-10-25,Gold Loan,63978,9,12.45,"23,434",salaried,17.6,721,Delhi,Delhi,Tier 1,1,Y,0 (Current),0
APP100055,CUST21444,23/07/2024,04-08-2024,Consumer Durable Loan,31891,6,13.57,85579,self-employed,17.7,760,jaipur,Rajasthan,Tier 2,0,N,0 (Current),0
APP102559,CUST22049,04-09-2024,13/09/2024,BNPL,17368,6,3.84,"INR 84,506",salaried,2.9,735,mumbai,Maharashtra,Tier 1,0,Y,0 (Current),0
APP100811,CUST20316,02-10-2024,19 Oct 2024,CONSUMER DURABLE LOAN,78317,9,16.52,"INR 33,370",SALARIED,6.7,,Raipur,Chhattisgarh,Tier 3,1,Y,0 (Current),0
APP100082,CUST21149,19 Mar 2024,2024-03-31,Personal Loan,158610,60,15.44,46079,SALARIED,15.3,769,AGRA,Uttar Pradesh,Tier 3,2,Y,0 (Current),0
APP100534,CUST20323,12/04/2024,,gold loan,142579,12,12.98,46022,SELF-EMPLOYED,1.4,685,BANGALORE,Karnataka,Tier 1,1,Y,0 (Current),0
APP101663,CUST20235,18/05/2024,21/05/2024,BNPL,2077,1,17.43,"INR 52,866",self-employed,1.3,642,Nagpur,Maharashtra,Tier 2,2,N,0 (Current),0
APP100804,CUST20560,12-10-2024,14 Oct 2024,personal loan,271920,60,15.89,43850,SALARIED,12.4,671,BANGALORE,Karnataka,Tier 1,2,Y,0 (Current),0
APP102323,CUST20341,13 Dec 2025,28/12/2025,Personal Loan,275494,12,23.62,"INR 71,839",Salaried,3.1,670,Raipur,Chhattisgarh,Tier 3,4,Y,0 (Current),0
APP101951,CUST21970,01 May 2024,2024-05-07,  Consumer Durable Loan  ,53880,3,19.58,34622,Salaried,7.4,699,AHMEDABAD,Gujarat,Tier 2,0,Y,0 (Current),0
APP102093,CUST20068,04-12-2024,2024-12-14,BNPL,15108,3,13.83,,salaried,2.3,626,agra,Uttar Pradesh,Tier 3,2,Y,0 (Current),0
APP102226,CUST21170,2025-09-06,12-09-2025,gold loan,79678,12,13.19,22326,Salaried,4.8,627,chennai,Tamil Nadu,Tier 1,0,Y,0 (Current),0
APP100177,CUST21112,2025-01-24,2025-02-08,Gold Loan,139651,12,10.94,45274,Salaried,,752,Mumbai,Maharashtra,Tier 1,3,Y,0 (Current),0
APP102360,CUST20655,17/06/2025,2025-06-21,BNPL,6882,3,0.53,"INR 24,933",Self-Employed,14.6,,HYDERABAD,Telangana,Tier 1,3,N,1-30,0
APP101983,CUST22192,30 Nov 2024,16/12/2024,gold loan,116505,9,11.48,28681,SALARIED,11.8,,Guwahati,Assam,Tier 3,0,Y,90+,1
APP101665,CUST21664,19 Mar 2024,26 Mar 2024,Personal Loan,478765,48,23.96,"123,156",Self-Employed,1.4,694,  Coimbatore  ,Tamil Nadu,Tier 2,3,Y,90+,1
APP100120,CUST21944,14-08-2024,27 Aug 2024,Personal Loan,64391,48,14.5,25517,Self-Employed,,602,Jaipur,Rajasthan,Tier 2,3,Y,0 (Current),0
APP101080,CUST20442,06/04/2024,26-04-2024,Personal Loan,218261,48,23.64,"77,366",Salaried,1.3,746,Indore,Madhya Pradesh,Tier 2,2,Y,0 (Current),0
APP101493,CUST21821,2025-10-29,15 Nov 2025,  Consumer Durable Loan  ,43082,3,18.34,69016,Salaried,15.5,670,Chennai,Tamil Nadu,Tier 1,0,Y,0 (Current),0
APP101133,CUST20057,15/04/2025,28 Apr 2025,BNPL,19215,1,14.36,29033,  Self-Employed  ,15.8,642,Chennai,Tamil Nadu,Tier 1,1,Y,90+,1
APP100882,CUST21213,14 Jun 2024,2024-06-26,Personal Loan,458409,36,14.16,67324,Salaried,15.4,657,mumbai,Maharashtra,Tier 1,1,Y,1-30,0
APP101996,CUST21538,22 Nov 2024,04/12/2024,BNPL,8625,1,16.72,,Salaried,9.9,709,CHENNAI,Tamil Nadu,Tier 1,4,Y,0 (Current),0
APP101001,CUST20305,23 Oct 2024,04 Nov 2024,  Consumer Durable Loan  ,49411,6,13.08,118066,SALARIED,17.1,778,INDORE,Madhya Pradesh,Tier 2,3,Y,0 (Current),0
APP100584,CUST20030,19 Apr 2025,2025-05-01,Personal Loan,178318,48,16.62,"46,933",  Salaried  ,0.1,704,lucknow,Uttar Pradesh,Tier 2,0,Y,0 (Current),0
APP102507,CUST21562,30-01-2024,16 Feb 2024,personal loan,94905,48,17.45,,  Salaried  ,7.5,669,  Jaipur  ,Rajasthan,Tier 2,1,Y,0 (Current),0
APP101604,CUST20853,2024-12-04,06/12/2024,Personal Loan,471890,60,20.64,34101,SALARIED,7.3,595,Bangalore,Karnataka,Tier 1,1,Y,90+,1
APP100688,CUST20773,06-12-2025,25-12-2025,  Personal Loan  ,327589,24,19.5,"INR 15,760",  Salaried  ,3.2,625,Ranchi,Jharkhand,Tier 3,0,Y,90+,1
APP101770,CUST21802,19/10/2025,29/10/2025,bnpl,3183,3,6.76,24665,Salaried,17.0,647,Coimbatore,Tamil Nadu,Tier 2,1,Y,90+,1
APP101764,CUST21949,25-01-2025,31 Jan 2025,  BNPL  ,6391,6,3.97,36677,SELF-EMPLOYED,7.8,634,raipur,Chhattisgarh,Tier 3,2,Y,0 (Current),0
APP101054,CUST21529,01/05/2024,2024-05-13,BNPL,20231,6,4.71,29683,SELF-EMPLOYED,10.9,734,indore,Madhya Pradesh,Tier 2,0,Y,0 (Current),0
APP101631,CUST21813,2025-04-01,06 Apr 2025,CONSUMER DURABLE LOAN,11052,3,15.51,"82,624",Self-Employed,7.8,751,Chennai,Tamil Nadu,Tier 1,3,Y,1-30,0
APP100087,CUST21545,15-10-2025,26 Oct 2025,BNPL,24665,3,9.79,"INR 182,815",Salaried,9.6,789,mumbai,Maharashtra,Tier 1,3,Y,0 (Current),0
APP101229,CUST21374,07/05/2024,,Consumer Durable Loan,46177,12,14.15,74778,SALARIED,16.2,753,  Mumbai  ,Maharashtra,Tier 1,0,Y,0 (Current),0
APP102419,CUST20082,02 Oct 2025,07 Oct 2025,Two-Wheeler Loan,46648,12,14.29,139045,SALARIED,13.8,839,  Delhi  ,Delhi,Tier 1,0,Y,0 (Current),0
APP102425,CUST22270,12/07/2025,29/07/2025,GOLD LOAN,28193,6,11.09,"INR 17,464",Salaried,0.2,523,AGRA,Uttar Pradesh,Tier 3,2,Y,0 (Current),0
APP101587,CUST21319,14-01-2024,17-01-2024,Two-Wheeler Loan,62098,18,13.75,,salaried,17.4,664,Delhi,Delhi,Tier 1,4,N,0 (Current),0
APP100527,CUST21870,28/08/2025,29 Aug 2025,personal loan,484924,48,23.29,38348,SALARIED,17.4,752,mumbai,Maharashtra,Tier 1,0,Y,0 (Current),0
APP101299,CUST21186,20/06/2025,2025-07-02,Personal Loan,422210,12,16.17,"INR 41,390",self-employed,5.4,691,Delhi,Delhi,Tier 1,0,Y,0 (Current),0
APP102153,CUST20056,28-08-2025,15 Sep 2025,BNPL,22180,3,12.48,70209,Salaried,14.1,708,indore,Madhya Pradesh,Tier 2,3,Y,0 (Current),0
APP102422,CUST22210,08 Oct 2025,2025-10-12,Personal Loan,391857,36,21.3,27594,SALARIED,14.1,636,Pune,Maharashtra,Tier 1,3,Y,90+,1
APP100145,CUST22207,23/09/2024,2024-09-27,  Personal Loan  ,315907,12,22.13,116067,salaried,1.4,670,Bangalore,Karnataka,Tier 1,0,N,31-60,0
APP100429,CUST20250,12 Apr 2024,30-04-2024,BNPL,3673,3,14.22,"INR 44,048",Salaried,1.8,714,Bangalore,Karnataka,Tier 1,1,Y,0 (Current),0
APP102149,CUST20304,03/02/2024,07-02-2024,CONSUMER DURABLE LOAN,78849,3,14.48,"INR 48,057",salaried,13.6,618,raipur,Chhattisgarh,Tier 3,1,Y,0 (Current),0
APP100732,CUST21060,31/03/2024,20 Apr 2024,Consumer Durable Loan,36673,9,16.45,100990,self-employed,17.6,804,Chennai,Tamil Nadu,Tier 1,4,N,0 (Current),0
APP101549,CUST21783,16/10/2025,23/10/2025,BNPL,24462,1,9.25,26645,salaried,14.1,695,Jaipur,Rajasthan,Tier 2,0,Y,90+,1
APP100307,CUST21161,2024-10-25,2024-11-04,Two-Wheeler Loan,130256,12,12.37,"INR 54,299",Self-Employed,5.8,727,delhi,Delhi,Tier 1,1,N,0 (Current),0
APP101942,CUST21006,14-11-2024,01-12-2024,personal loan,68804,12,22.21,16879,salaried,12.3,652,MUMBAI,Maharashtra,Tier 1,0,Y,1-30,0
APP101143,CUST21813,2024-06-22,08/07/2024,personal loan,217623,12,21.17,,  Salaried  ,8.0,687,Nagpur,Maharashtra,Tier 2,1,Y,0 (Current),0
APP102521,CUST20168,11 Dec 2025,2025-12-13,Personal Loan,171493,36,20.18,"INR 73,423",Salaried,9.3,791,  Nagpur  ,Maharashtra,Tier 2,0,Y,90+,1
APP101202,CUST20584,2025-07-12,26/07/2025,BNPL,3295,6,3.58,"INR 35,672",  Self-Employed  ,9.0,562,Delhi,Delhi,Tier 1,4,Y,90+,1
APP100283,CUST20958,2024-07-20,28/07/2024,TWO-WHEELER LOAN,50244,24,15.63,"INR 16,350",Salaried,9.0,662,  Chennai  ,Tamil Nadu,Tier 1,0,Y,0 (Current),0
APP100795,CUST20233,07 Mar 2025,2025-03-20,personal loan,443590,12,16.89,"INR 72,054",Self-Employed,16.1,712,Ranchi,Jharkhand,Tier 3,1,Y,0 (Current),0
APP100671,CUST20710,15/05/2024,16 May 2024,BNPL,13394,1,5.17,46421,Salaried,5.4,699,DELHI,Delhi,Tier 1,0,Y,0 (Current),0
APP101501,CUST20488,16-08-2024,04-09-2024,Two-Wheeler Loan,127020,18,14.3,"INR 29,834",Self-Employed,,615,  Lucknow  ,Uttar Pradesh,Tier 2,1,Y,90+,1
APP101844,CUST22213,2025-12-08,21 Dec 2025,BNPL,3363,1,9.81,40063,SALARIED,17.1,722,Hyderabad,Telangana,Tier 1,1,Y,90+,1
APP100202,CUST21556,12/02/2024,23/02/2024,personal loan,468019,48,17.82,33606,salaried,15.7,649,Indore,Madhya Pradesh,Tier 2,0,Y,90+,1
APP100841,CUST22259,2025-10-18,24/10/2025,gold loan,149746,9,11.48,85099,salaried,15.8,734,  Agra  ,Uttar Pradesh,Tier 3,0,Y,0 (Current),0
APP100394,CUST21301,23/02/2025,2025-03-15,Personal Loan,431779,24,17.4,,Salaried,16.4,749,Pune,Maharashtra,Tier 1,2,Y,1-30,0
APP100590,CUST21886,2025-08-23,29-08-2025,BNPL,5066,1,14.02,90412,SELF-EMPLOYED,10.3,809,mumbai,Maharashtra,Tier 1,1,N,0 (Current),0
APP101671,CUST20868,2025-09-22,,PERSONAL LOAN,284475,48,15.9,99990,SELF-EMPLOYED,6.8,681,Hyderabad,Telangana,Tier 1,3,Y,0 (Current),0
APP100131,CUST22315,25 Jul 2025,,Gold Loan,32483,9,12.15,234445,SALARIED,9.4,779,Bangalore,Karnataka,Tier 1,2,Y,0 (Current),0
APP100206,CUST21603,08-05-2025,19-05-2025,bnpl,4297,6,4.07,70264,salaried,7.8,637,jaipur,Rajasthan,Tier 2,1,Y,90+,1
APP100861,CUST21385,2025-03-21,09-04-2025,  Two-Wheeler Loan  ,146224,18,13.63,"INR 32,392",Self-Employed,5.8,,INDORE,Madhya Pradesh,Tier 2,3,N,1-30,0
APP101817,CUST20025,02-07-2024,14 Jul 2024,Gold Loan,53019,12,13.14,21359,SELF-EMPLOYED,15.0,663,  Mumbai  ,Maharashtra,Tier 1,4,Y,61-90,1
APP101647,CUST20249,2025-07-06,14/07/2025,  Gold Loan  ,87575,12,11.04,86255,SELF-EMPLOYED,0.1,706,  Delhi  ,Delhi,Tier 1,2,Y,0 (Current),0
APP102537,CUST20244,29/04/2024,17 May 2024,Personal Loan,145280,12,14.46,89770,Salaried,14.4,792,Ahmedabad,Gujarat,Tier 2,2,Y,0 (Current),0
APP102009,CUST20113,19-02-2025,24/02/2025,Consumer Durable Loan,9027,3,19.56,"INR 23,237",Salaried,2.3,674,  Mumbai  ,Maharashtra,Tier 1,1,Y,61-90,1
APP102301,CUST20110,2024-02-02,08/02/2024,BNPL,18246,3,17.98,"28,954",Salaried,12.2,,Delhi,Delhi,Tier 1,1,Y,0 (Current),0
APP100280,CUST21526,29-06-2025,2025-07-19,Gold Loan,35531,6,13.03,"INR 240,162",SELF-EMPLOYED,7.8,785,indore,Madhya Pradesh,Tier 2,0,N,0 (Current),0
APP100333,CUST20899,2024-05-22,04-06-2024,Consumer Durable Loan,70118,6,21.29,"INR 25,094",Salaried,15.3,734,Nagpur,Maharashtra,Tier 2,2,Y,0 (Current),0
APP101053,CUST22019,2024-11-08,19-11-2024,Gold Loan,91139,12,9.54,"58,902",Salaried,7.0,734,mumbai,Maharashtra,Tier 1,4,Y,31-60,0
APP101787,CUST20494,21-02-2024,2024-03-10,bnpl,22996,6,15.62,41337,  Self-Employed  ,5.5,648,HYDERABAD,Telangana,Tier 1,4,N,90+,1
APP100787,CUST21493,2024-10-24,02/11/2024,bnpl,16110,6,6.0,"178,795",SALARIED,7.4,699,  Bangalore  ,Karnataka,Tier 1,2,Y,0 (Current),0
APP101125,CUST20616,23-08-2024,2024-08-26,Personal Loan,112404,60,16.72,"INR 32,461",Salaried,13.8,699,MUMBAI,Maharashtra,Tier 1,1,Y,0 (Current),0
APP101952,CUST20354,18/01/2025,07/02/2025,bnpl,12829,6,8.89,16958,Salaried,13.1,680,CHENNAI,Tamil Nadu,Tier 1,0,Y,0 (Current),0
APP101499,CUST20897,2025-02-05,13-02-2025,Consumer Durable Loan,78668,6,15.3,61060,Salaried,5.6,719,mumbai,Maharashtra,Tier 1,1,Y,0 (Current),0
APP102388,CUST21151,2024-07-07,25/07/2024,Consumer Durable Loan,52191,6,18.07,61079,SALARIED,7.7,772,bangalore,Karnataka,Tier 1,3,Y,0 (Current),0
APP102173,CUST20189,26/12/2025,26-12-2025,Gold Loan,39811,12,10.92,18655,Self-Employed,9.9,587,Delhi,Delhi,Tier 1,3,Y,0 (Current),0
APP101799,CUST21936,24-11-2025,05-12-2025,Consumer Durable Loan,27323,12,18.94,72803,Salaried,9.9,708,Delhi,Delhi,Tier 1,1,Y,1-30,0
APP100443,CUST20585,30-09-2024,04 Oct 2024,Personal Loan,181423,24,21.3,14050,Self-Employed,,611,Bangalore,Karnataka,Tier 1,1,Y,0 (Current),0
APP100186,CUST22303,17 Jul 2025,2025-07-20,Gold Loan,62312,9,13.09,63972,SALARIED,0.6,763,Delhi,Delhi,Tier 1,2,Y,90+,1
APP102588,CUST22316,2025-11-05,2025-11-07,bnpl,21588,6,7.47,16622,SELF-EMPLOYED,2.1,531,DELHI,Delhi,Tier 1,3,Y,0 (Current),0
APP100492,CUST21546,05 May 2025,11-05-2025,Personal Loan,73086,12,23.59,"INR 72,213",Salaried,3.2,638,Mumbai,Maharashtra,Tier 1,3,Y,0 (Current),0
APP100404,CUST20783,29-05-2025,,Personal Loan,357331,36,17.28,15174,salaried,6.5,614,HYDERABAD,Telangana,Tier 1,3,Y,0 (Current),0
APP100329,CUST20049,2024-01-10,20 Jan 2024,BNPL,3433,1,4.47,"25,679",Salaried,0.2,686,lucknow,Uttar Pradesh,Tier 2,1,N,0 (Current),0
APP101041,CUST21218,18 Oct 2024,29-10-2024,BNPL,16807,3,10.47,"28,566",self-employed,2.0,686,coimbatore,Tamil Nadu,Tier 2,0,Y,0 (Current),0
APP100420,CUST21292,14-05-2024,26/05/2024,CONSUMER DURABLE LOAN,11068,9,18.01,"INR 40,505",Self-Employed,6.3,671,  Pune  ,Maharashtra,Tier 1,1,Y,31-60,0
APP102188,CUST21954,03-10-2024,2024-10-12,  BNPL  ,6137,1,15.76,"43,495",Self-Employed,2.1,662,COIMBATORE,Tamil Nadu,Tier 2,2,Y,0 (Current),0
APP100563,CUST20935,2024-04-30,13 May 2024,Two-Wheeler Loan,126148,12,15.18,43736,Self-Employed,16.2,763,Ahmedabad,Gujarat,Tier 2,3,Y,1-30,0
APP100214,CUST20355,28 Aug 2025,10-09-2025,  Personal Loan  ,432739,48,21.36,"70,107",Self-Employed,15.1,734,  Pune  ,Maharashtra,Tier 1,0,Y,1-30,0
APP102343,CUST22188,08-04-2024,21/04/2024,  Personal Loan  ,189917,36,21.84,51189,Salaried,13.7,758,Mumbai,Maharashtra,Tier 1,4,Y,1-30,0
APP101319,CUST22280,2024-06-07,12-06-2024,BNPL,8075,3,9.48,181550,Salaried,8.0,694,Hyderabad,Telangana,Tier 1,3,Y,0 (Current),0
APP102479,CUST21193,17-05-2024,21-05-2024,BNPL,13026,6,13.76,70740,  Self-Employed  ,0.6,715,Raipur,Chhattisgarh,Tier 3,4,Y,0 (Current),0
APP102440,CUST21258,27-02-2024,15/03/2024,Personal Loan,453780,48,14.17,"45,559",Salaried,5.4,661,Ranchi,Jharkhand,Tier 3,2,Y,0 (Current),0
APP100454,CUST21204,19-08-2024,28 Aug 2024,Two-Wheeler Loan,127493,24,11.13,"INR 146,995",Self-Employed,0.7,688,Lucknow,Uttar Pradesh,Tier 2,0,Y,0 (Current),0
APP101616,CUST20689,2025-11-11,11/11/2025,Two-Wheeler Loan,87586,12,13.78,23973,Salaried,6.6,630,NAGPUR,Maharashtra,Tier 2,2,Y,0 (Current),0
APP101492,CUST20853,02-07-2024,12/07/2024,PERSONAL LOAN,311063,36,20.76,"INR 65,765",Salaried,14.9,637,Delhi,Delhi,Tier 1,2,Y,0 (Current),0
APP101216,CUST21677,2024-11-18,28/11/2024,PERSONAL LOAN,124275,48,21.92,63534,Self-Employed,11.0,779,delhi,Delhi,Tier 1,0,Y,0 (Current),0
APP102585,CUST21438,13 Aug 2025,2025-08-13,Gold Loan,99984,12,12.95,21414,SALARIED,11.3,719,chennai,Tamil Nadu,Tier 1,1,Y,0 (Current),0
APP101005,CUST22158,09 Jan 2025,2025-01-11,Gold Loan,137075,6,9.84,37209,Salaried,10.1,669,Ahmedabad,Gujarat,Tier 2,1,Y,0 (Current),0
APP102296,CUST22264,14-05-2024,,bnpl,16500,3,6.5,56477,SALARIED,,670,Mumbai,Maharashtra,Tier 1,1,Y,0 (Current),0
APP100305,CUST20557,31-10-2025,07/11/2025,BNPL,20873,6,1.16,"INR 61,121",Salaried,12.5,670,JODHPUR,Rajasthan,Tier 3,2,Y,0 (Current),0
APP100370,CUST21241,11-06-2024,2024-06-22,BNPL,6564,3,15.88,66535,Salaried,0.8,645,Mumbai,Maharashtra,Tier 1,1,N,1-30,0
APP100595,CUST20519,01 Mar 2024,13/03/2024,  BNPL  ,7196,6,11.37,74528,Salaried,5.7,781,Ranchi,Jharkhand,Tier 3,3,N,90+,1
APP101808,CUST21951,22-12-2025,31-12-2025,CONSUMER DURABLE LOAN,37589,12,14.37,196499,Salaried,10.8,796,Jaipur,Rajasthan,Tier 2,1,Y,1-30,0
APP101293,CUST21420,15-02-2024,16 Feb 2024,  Gold Loan  ,100748,12,12.51,19935,Salaried,16.9,641,Coimbatore,Tamil Nadu,Tier 2,1,Y,1-30,0
APP101257,CUST21545,2025-07-07,2025-07-08,Personal Loan,284842,24,18.88,84591,salaried,16.4,741,  Hyderabad  ,Telangana,Tier 1,2,Y,0 (Current),0
APP102324,CUST21856,2025-06-22,2025-06-28,Gold Loan,95255,6,9.85,28232,SALARIED,11.2,714,Chennai,Tamil Nadu,Tier 1,0,Y,0 (Current),0
APP101287,CUST20271,2024-09-12,17-09-2024,bnpl,24196,1,1.1,100205,Salaried,4.4,758,AHMEDABAD,Gujarat,Tier 2,0,Y,0 (Current),0
APP102547,CUST21980,09/07/2025,10 Jul 2025,Personal Loan,207725,36,19.46,68515,  Salaried  ,16.2,646,RAIPUR,Chhattisgarh,Tier 3,1,Y,0 (Current),0
APP102284,CUST20851,15-03-2024,28-03-2024,Consumer Durable Loan,70430,3,14.47,35980,Self-Employed,2.7,635,delhi,Delhi,Tier 1,0,Y,1-30,0
APP101652,CUST20914,25 Aug 2025,08-09-2025,consumer durable loan,47309,12,17.06,23999,Self-Employed,1.8,653,GUWAHATI,Assam,Tier 3,2,Y,0 (Current),0
APP101643,CUST21548,12/03/2025,29/03/2025,PERSONAL LOAN,266173,60,21.9,78945,Salaried,13.1,817,chennai,Tamil Nadu,Tier 1,3,Y,0 (Current),0
APP100517,CUST21837,15 Jul 2025,,consumer durable loan,75763,3,20.95,105166,Salaried,5.9,749,Hyderabad,Telangana,Tier 1,1,Y,0 (Current),0
APP100513,CUST20626,15-05-2024,2024-05-23,PERSONAL LOAN,476406,12,19.01,25287,SALARIED,3.1,706,jaipur,Rajasthan,Tier 2,0,Y,0 (Current),0
APP102239,CUST20090,2025-02-09,26-02-2025,Two-Wheeler Loan,61637,24,14.86,49280,SALARIED,3.6,636,hyderabad,Telangana,Tier 1,1,Y,1-30,0
APP101904,CUST22304,2025-01-03,2025-01-09,BNPL,14061,3,15.12,"INR 104,413",Salaried,4.4,756,Ahmedabad,Gujarat,Tier 2,0,Y,31-60,0
APP101363,CUST22254,14-12-2024,15-12-2024,Two-Wheeler Loan,93451,36,13.98,,Salaried,4.6,607,Nagpur,Maharashtra,Tier 2,0,Y,61-90,1
APP100347,CUST21699,2025-02-04,05 Feb 2025,BNPL,19005,6,10.8,21792,Salaried,0.5,573,INDORE,Madhya Pradesh,Tier 2,4,Y,90+,1
APP101511,CUST21856,13/01/2024,2024-01-21,Personal Loan,201072,36,15.14,28898,self-employed,13.7,,INDORE,Madhya Pradesh,Tier 2,0,N,1-30,0
APP101032,CUST21049,31/10/2025,2025-11-08,Personal Loan,55628,48,15.35,17833,salaried,0.9,684,Nagpur,Maharashtra,Tier 2,0,N,0 (Current),0
APP101290,CUST21311,18/09/2024,06-10-2024,  Consumer Durable Loan  ,22072,12,21.63,"19,865",  Salaried  ,9.1,642,LUCKNOW,Uttar Pradesh,Tier 2,1,Y,0 (Current),0
APP101117,CUST21446,29 Jan 2025,15-02-2025,PERSONAL LOAN,77347,24,18.78,"INR 25,447",Self-Employed,14.6,594,Delhi,Delhi,Tier 1,1,Y,90+,1
APP100763,CUST21616,03-05-2025,,PERSONAL LOAN,485706,36,22.28,"INR 46,303",Salaried,7.2,770,Delhi,Delhi,Tier 1,1,Y,0 (Current),0
APP101385,CUST20699,26-07-2025,01 Aug 2025,  BNPL  ,24560,1,10.19,28390,salaried,0.0,691,Chennai,Tamil Nadu,Tier 1,1,N,61-90,1
APP101759,CUST21053,31 Jan 2024,09/02/2024,Gold Loan,120983,9,13.42,"INR 54,488",Salaried,15.5,715,Coimbatore,Tamil Nadu,Tier 2,0,N,0 (Current),0
APP102374,CUST22117,19-01-2024,,  Gold Loan  ,88855,9,12.89,56006,SALARIED,17.7,728,bangalore,Karnataka,Tier 1,0,Y,0 (Current),0
APP101649,CUST22235,20 May 2025,02-06-2025,consumer durable loan,17961,6,14.62,68996,Salaried,15.8,613,  Ahmedabad  ,Gujarat,Tier 2,1,Y,31-60,0
APP101672,CUST20034,20 Feb 2025,04/03/2025,Gold Loan,38127,6,12.56,21129,  Self-Employed  ,4.2,599,NAGPUR,Maharashtra,Tier 2,0,Y,31-60,0
APP100098,CUST20573,2025-06-14,04 Jul 2025,two-wheeler loan,142101,12,15.24,"INR 53,132",Salaried,10.8,764,BANGALORE,Karnataka,Tier 1,2,Y,0 (Current),0
APP102278,CUST21954,02-11-2025,2025-11-20,Personal Loan,305421,12,21.89,"INR 65,231",Self-Employed,0.9,703,Mumbai,Maharashtra,Tier 1,2,N,0 (Current),0
APP101219,CUST20852,24-04-2025,05-05-2025,Gold Loan,58044,12,12.72,77740,Self-Employed,6.3,715,ahmedabad,Gujarat,Tier 2,0,Y,0 (Current),0
APP100361,CUST21081,21/08/2024,24 Aug 2024,  Two-Wheeler Loan  ,104003,18,13.36,"INR 15,159",Salaried,17.5,673,  Agra  ,Uttar Pradesh,Tier 3,2,Y,0 (Current),0
APP100946,CUST20626,20-12-2025,24 Dec 2025,Personal Loan,104862,48,23.82,"INR 29,657",Self-Employed,14.5,650,Mumbai,Maharashtra,Tier 1,1,N,0 (Current),0
APP101092,CUST21731,15 Apr 2024,24-04-2024,BNPL,3513,1,1.63,114718,Salaried,1.6,782,Chennai,Tamil Nadu,Tier 1,0,Y,90+,1
APP100135,CUST21319,2025-07-14,03/08/2025,BNPL,11639,3,14.49,"INR 45,712",SELF-EMPLOYED,4.9,696,AHMEDABAD,Gujarat,Tier 2,3,Y,0 (Current),0
APP100973,CUST20270,15/02/2024,20 Feb 2024,two-wheeler loan,107652,36,13.8,28074,salaried,0.8,655,LUCKNOW,Uttar Pradesh,Tier 2,1,Y,61-90,1
APP102275,CUST20196,16/09/2025,29 Sep 2025,Personal Loan,398240,24,22.72,154890,  Self-Employed  ,16.3,758,  Hyderabad  ,Telangana,Tier 1,0,Y,0 (Current),0
APP100927,CUST20548,2025-09-28,13 Oct 2025,BNPL,20927,3,2.94,39738,Salaried,6.1,680,Jaipur,Rajasthan,Tier 2,3,Y,0 (Current),0
APP100002,CUST20397,2025-08-14,21-08-2025,bnpl,14403,1,9.94,33850,Self-Employed,9.7,670,Hyderabad,Telangana,Tier 1,2,Y,90+,1
APP101387,CUST20106,05/06/2024,2024-06-07,PERSONAL LOAN,303981,60,16.92,225635,Salaried,8.1,743,Lucknow,Uttar Pradesh,Tier 2,0,Y,0 (Current),0
APP101743,CUST20715,19 Mar 2024,07/04/2024,bnpl,14888,3,17.17,"17,497",Salaried,5.9,644,Indore,Madhya Pradesh,Tier 2,1,Y,0 (Current),0
APP100075,CUST20065,27/02/2024,2024-03-16,gold loan,26380,6,12.46,24731,Salaried,10.8,624,BANGALORE,Karnataka,Tier 1,0,Y,31-60,0
APP101231,CUST21789,2024-06-12,25/06/2024,Consumer Durable Loan,38952,12,17.84,22025,  Salaried  ,,657,pune,Maharashtra,Tier 1,1,Y,0 (Current),0
APP100436,CUST21158,2025-04-24,07/05/2025,TWO-WHEELER LOAN,54723,18,14.99,69066,salaried,1.7,670,Jaipur,Rajasthan,Tier 2,2,Y,31-60,0
APP102061,CUST20205,28-07-2024,16 Aug 2024,Personal Loan,421544,24,20.4,"INR 25,118",Self-Employed,17.1,706,Coimbatore,Tamil Nadu,Tier 2,3,Y,0 (Current),0
APP100626,CUST22168,24 Jan 2024,,BNPL,16049,1,6.53,"INR 47,225",self-employed,0.6,672,Raipur,Chhattisgarh,Tier 3,2,Y,0 (Current),0
APP100507,CUST21585,04/12/2025,05/12/2025,personal loan,494163,12,16.77,"INR 17,013",salaried,14.4,624,Chennai,Tamil Nadu,Tier 1,2,Y,0 (Current),0
APP102491,CUST22135,08/10/2025,2025-10-15,Personal Loan,320356,24,23.05,"INR 236,412",Salaried,6.8,798,Nagpur,Maharashtra,Tier 2,4,Y,0 (Current),0
APP102159,CUST21936,15-08-2025,19-08-2025,  Personal Loan  ,260065,60,22.2,27498,Self-Employed,9.3,615,Coimbatore,Tamil Nadu,Tier 2,3,N,0 (Current),0
APP101149,CUST22069,2025-04-10,19-04-2025,bnpl,15253,6,6.54,24482,Salaried,0.8,694,Coimbatore,Tamil Nadu,Tier 2,0,Y,0 (Current),0
APP102088,CUST21469,13 Dec 2024,25/12/2024,  Personal Loan  ,194978,24,20.29,"INR 17,344",Self-Employed,13.3,611,INDORE,Madhya Pradesh,Tier 2,1,Y,0 (Current),0
APP101163,CUST21855,2025-02-26,18 Mar 2025,Two-Wheeler Loan,79187,12,11.93,35015,self-employed,13.3,703,Pune,Maharashtra,Tier 1,1,Y,1-30,0
APP100478,CUST21748,18 Dec 2024,31-12-2024,BNPL,10246,3,13.58,"INR 32,890",salaried,11.8,689,Bangalore,Karnataka,Tier 1,0,Y,0 (Current),0
APP101473,CUST21113,17-11-2025,30/11/2025,Consumer Durable Loan,57433,12,21.24,51305,Salaried,16.2,702,Agra,Uttar Pradesh,Tier 3,0,Y,0 (Current),0
APP102529,CUST20792,27-12-2024,10 Jan 2025,  Two-Wheeler Loan  ,143329,18,14.59,"INR 98,582",SALARIED,13.5,726,bangalore,Karnataka,Tier 1,0,Y,31-60,0
APP100062,CUST20246,29-07-2025,01-08-2025,consumer durable loan,49853,9,21.78,40219,Salaried,10.9,654,DELHI,Delhi,Tier 1,0,Y,90+,1
APP101566,CUST22169,13/03/2024,02 Apr 2024,BNPL,18703,1,10.87,24271,Salaried,3.2,694,guwahati,Assam,Tier 3,1,N,0 (Current),0
APP102310,CUST20268,12-06-2024,17-06-2024,bnpl,21362,6,15.95,53112,Salaried,6.8,709,  Nagpur  ,Maharashtra,Tier 2,0,Y,0 (Current),0
APP101928,CUST21168,17-10-2024,,  Personal Loan  ,242510,60,21.14,"33,083",Self-Employed,11.5,696,ranchi,Jharkhand,Tier 3,1,N,0 (Current),0
APP101367,CUST20207,16 May 2025,2025-06-02,BNPL,14180,6,2.6,31463,Salaried,17.8,664,bangalore,Karnataka,Tier 1,2,Y,0 (Current),0
APP100027,CUST21860,18/06/2024,27 Jun 2024,BNPL,15930,1,9.8,32617,  Self-Employed  ,11.9,,  Mumbai  ,Maharashtra,Tier 1,2,N,0 (Current),0
APP100081,CUST21664,24-06-2024,14-07-2024,personal loan,499954,12,14.94,32401,Salaried,14.9,653,Pune,Maharashtra,Tier 1,0,N,61-90,1
APP101394,CUST20898,15 Jul 2024,20 Jul 2024,CONSUMER DURABLE LOAN,64173,6,13.19,111550,salaried,10.7,762,jodhpur,Rajasthan,Tier 3,0,Y,0 (Current),0
APP101194,CUST20511,2024-06-02,,CONSUMER DURABLE LOAN,43797,3,21.97,"INR 38,680",SELF-EMPLOYED,16.4,606,Bangalore,Karnataka,Tier 1,4,N,0 (Current),0
APP100503,CUST21531,2024-03-17,,Consumer Durable Loan,74787,12,18.81,,salaried,16.3,733,Hyderabad,Telangana,Tier 1,1,Y,0 (Current),0
APP102049,CUST20298,18 Nov 2025,20-11-2025,BNPL,17889,6,11.19,31459,Self-Employed,11.7,604,HYDERABAD,Telangana,Tier 1,2,N,0 (Current),0
APP102542,CUST20812,09 Jan 2025,27-01-2025,gold loan,98169,9,12.28,"INR 43,702",salaried,2.1,,Bangalore,Karnataka,Tier 1,2,Y,0 (Current),0
APP100115,CUST22229,28-03-2024,15 Apr 2024,Personal Loan,293824,36,16.26,"INR 37,500",Salaried,8.0,679,Hyderabad,Telangana,Tier 1,2,Y,0 (Current),0
APP100224,CUST21709,21-09-2024,24/09/2024,PERSONAL LOAN,84983,60,21.46,204514,salaried,2.1,731,DELHI,Delhi,Tier 1,1,Y,0 (Current),0
APP100021,CUST22311,10/02/2025,02-03-2025,Gold Loan,35012,6,13.36,"INR 43,183",SELF-EMPLOYED,10.9,711,GUWAHATI,Assam,Tier 3,0,Y,0 (Current),0
APP100191,CUST20181,20-10-2024,23-10-2024,Personal Loan,451699,36,14.22,47854,SALARIED,16.0,735,indore,Madhya Pradesh,Tier 2,0,Y,0 (Current),0
APP101253,CUST22320,2025-06-12,,two-wheeler loan,140811,18,14.53,"INR 42,037",self-employed,14.1,673,hyderabad,Telangana,Tier 1,0,Y,0 (Current),0
APP100032,CUST20624,01-11-2025,09/11/2025,BNPL,5267,6,16.39,20120,self-employed,1.8,632,Ahmedabad,Gujarat,Tier 2,0,N,0 (Current),0
APP101168,CUST21511,14 Jul 2025,20 Jul 2025,  Consumer Durable Loan  ,10844,9,16.68,21684,SELF-EMPLOYED,17.5,698,Delhi,Delhi,Tier 1,1,Y,0 (Current),0
APP101633,CUST20009,28 Dec 2024,30/12/2024,personal loan,100770,48,14.1,22329,SELF-EMPLOYED,2.7,648,Delhi,Delhi,Tier 1,1,Y,90+,1
APP101964,CUST21974,2025-06-10,,Consumer Durable Loan,8624,6,14.34,65509,Salaried,5.7,672,NAGPUR,Maharashtra,Tier 2,4,Y,0 (Current),0
APP100372,CUST20970,2024-01-31,2024-02-12,two-wheeler loan,55004,12,15.23,"INR 89,856",self-employed,1.2,685,Delhi,Delhi,Tier 1,0,Y,0 (Current),0
APP101112,CUST21611,24-04-2024,25-04-2024,BNPL,9608,3,4.52,141680,salaried,4.0,779,patna,Bihar,Tier 3,1,Y,0 (Current),0
APP101914,CUST20366,2024-08-30,09/09/2024,bnpl,5109,3,2.53,43779,salaried,8.8,672,Ahmedabad,Gujarat,Tier 2,3,Y,61-90,1
APP102558,CUST21683,08 Jun 2025,27 Jun 2025,BNPL,2944,3,7.82,"INR 50,505",Self-Employed,5.4,652,BANGALORE,Karnataka,Tier 1,0,Y,0 (Current),0
APP100673,CUST20297,2025-04-13,16 Apr 2025,BNPL,8242,3,2.84,"INR 57,157",Salaried,3.7,695,Bangalore,Karnataka,Tier 1,3,Y,0 (Current),0
APP102540,CUST21371,2025-03-17,01-04-2025,BNPL,21204,1,7.21,"57,320",Salaried,5.6,648,Pune,Maharashtra,Tier 1,3,Y,0 (Current),0
APP101134,CUST22252,26-03-2025,01/04/2025,Two-Wheeler Loan,67856,36,15.33,17529,Self-Employed,2.3,603,Ranchi,Jharkhand,Tier 3,1,Y,90+,1
APP100716,CUST20698,2024-02-27,2024-03-06,consumer durable loan,68532,6,13.07,"INR 27,786",salaried,13.0,723,Ranchi,Jharkhand,Tier 3,2,Y,0 (Current),0
APP100600,CUST22306,08 Feb 2024,2024-02-23,Gold Loan,112763,6,10.77,110652,Self-Employed,5.7,714,coimbatore,Tamil Nadu,Tier 2,0,Y,0 (Current),0
APP101762,CUST21659,20-05-2024,,CONSUMER DURABLE LOAN,55748,3,16.32,47104,Salaried,16.2,,HYDERABAD,Telangana,Tier 1,1,Y,0 (Current),0
APP100743,CUST21742,16-12-2025,26-12-2025,PERSONAL LOAN,243095,12,17.77,,SALARIED,4.1,728,  Lucknow  ,Uttar Pradesh,Tier 2,2,Y,0 (Current),0
APP100738,CUST22034,29/12/2024,30 Dec 2024,Gold Loan,135949,12,12.53,56925,self-employed,,681,coimbatore,Tamil Nadu,Tier 2,3,N,0 (Current),0
APP100380,CUST21076,25/11/2025,2025-12-08,Two-Wheeler Loan,96039,12,15.04,69814,Salaried,13.1,722,patna,Bihar,Tier 3,1,Y,31-60,0
APP101377,CUST22182,25/06/2025,11/07/2025,  Consumer Durable Loan  ,47064,12,21.79,196101,Salaried,10.0,785,coimbatore,Tamil Nadu,Tier 2,0,Y,0 (Current),0
APP102276,CUST20197,27 Aug 2024,31/08/2024,BNPL,14278,6,15.83,15836,Salaried,16.5,683,Pune,Maharashtra,Tier 1,1,Y,1-30,0
APP100985,CUST21830,29 Nov 2024,17 Dec 2024,BNPL,7530,1,4.48,17956,  Salaried  ,13.0,701,jaipur,Rajasthan,Tier 2,3,Y,31-60,0
APP100172,CUST20142,07-12-2025,25 Dec 2025,personal loan,166332,24,22.56,61962,salaried,16.0,763,Raipur,Chhattisgarh,Tier 3,0,Y,1-30,0
APP101476,CUST21643,09/11/2025,2025-11-19,consumer durable loan,58619,6,14.05,16883,  Salaried  ,8.1,638,Bangalore,Karnataka,Tier 1,1,Y,0 (Current),0
APP102259,CUST20766,21 Feb 2024,07-03-2024,Personal Loan,182273,36,18.01,"INR 48,488",self-employed,8.1,710,Jaipur,Rajasthan,Tier 2,2,Y,0 (Current),0
APP100863,CUST21713,07/07/2024,19 Jul 2024,Personal Loan,374531,24,18.89,"INR 48,482",Salaried,11.6,662,delhi,Delhi,Tier 1,0,Y,0 (Current),0
APP100284,CUST20049,2025-04-17,30 Apr 2025,  Gold Loan  ,47508,9,10.43,73642,self-employed,4.1,700,Ahmedabad,Gujarat,Tier 2,1,Y,0 (Current),0
APP100411,CUST21232,2024-05-24,24/05/2024,two-wheeler loan,58290,18,14.32,243581,Salaried,17.1,797,AGRA,Uttar Pradesh,Tier 3,0,Y,0 (Current),0
APP100532,CUST20771,30-08-2025,16/09/2025,bnpl,17187,1,2.41,33317,  Self-Employed  ,,725,Mumbai,Maharashtra,Tier 1,0,Y,90+,1
,,,,,,,,,,,,,,,,,,
APP101999,CUST20411,15-03-2025,19-03-2025,GOLD LOAN,86110,12,12.16,"INR 16,152",  Salaried  ,0.7,680,BANGALORE,Karnataka,Tier 1,0,Y,90+,1
APP100248,CUST20870,07-02-2025,17 Feb 2025,Personal Loan,311153,12,22.87,"INR 153,650",  Self-Employed  ,16.6,743,JAIPUR,Rajasthan,Tier 2,0,Y,1-30,0
APP102562,CUST21452,15-08-2025,20-08-2025,  Gold Loan  ,101508,12,10.4,57206,SALARIED,15.1,754,Chennai,Tamil Nadu,Tier 1,3,Y,0 (Current),0
APP100978,CUST21836,2025-11-02,16-11-2025,Consumer Durable Loan,65092,3,13.08,43264,salaried,15.0,738,Hyderabad,Telangana,Tier 1,0,Y,1-30,0
APP101223,CUST22068,13 Oct 2025,29 Oct 2025,  Gold Loan  ,125468,6,11.63,15260,SALARIED,16.9,653,mumbai,Maharashtra,Tier 1,2,Y,0 (Current),0
APP102157,CUST22241,12-07-2024,21/07/2024,TWO-WHEELER LOAN,48128,18,12.11,29780,Salaried,4.9,680,RAIPUR,Chhattisgarh,Tier 3,1,Y,90+,1
APP102481,CUST22302,07/08/2025,,  BNPL  ,12156,6,14.38,"INR 69,643",Salaried,10.9,712,Agra,Uttar Pradesh,Tier 3,0,Y,1-30,0
APP101954,CUST21277,16/04/2025,20-04-2025,BNPL,5132,3,14.92,"18,064",Self-Employed,,588,Nagpur,Maharashtra,Tier 2,3,Y,0 (Current),0
APP101392,CUST21431,12 Nov 2024,02-12-2024,  Consumer Durable Loan  ,29207,9,21.35,22231,salaried,9.0,636,BANGALORE,Karnataka,Tier 1,2,Y,0 (Current),0
APP102229,CUST22024,2025-12-17,,two-wheeler loan,118539,18,15.07,62971,SELF-EMPLOYED,12.2,608,JAIPUR,Rajasthan,Tier 2,1,Y,0 (Current),0
APP100934,CUST21728,22-11-2025,04 Dec 2025,Personal Loan,284094,36,16.8,62889,  Self-Employed  ,4.0,697,mumbai,Maharashtra,Tier 1,1,Y,0 (Current),0
APP101870,CUST20671,2024-08-20,20-08-2024,Personal Loan,417278,12,17.2,43621,Salaried,16.6,706,DELHI,Delhi,Tier 1,1,Y,0 (Current),0
APP100993,CUST22325,03/02/2024,22-02-2024,Personal Loan,137971,48,17.82,53973,SELF-EMPLOYED,8.6,711,CHENNAI,Tamil Nadu,Tier 1,0,Y,0 (Current),0
APP100800,CUST20806,02-04-2024,03/04/2024,CONSUMER DURABLE LOAN,34089,3,13.61,167969,SALARIED,0.5,751,  Hyderabad  ,Telangana,Tier 1,0,Y,0 (Current),0
APP101046,CUST20122,30/10/2024,30/10/2024,BNPL,23269,1,11.81,30041,Salaried,2.7,673,PUNE,Maharashtra,Tier 1,1,Y,0 (Current),0
APP101993,CUST20675,30-03-2024,03-04-2024,BNPL,14904,3,7.83,202599,Salaried,0.1,774,  Ahmedabad  ,Gujarat,Tier 2,1,Y,90+,1
APP101824,CUST21824,25-07-2024,05-08-2024,BNPL,18812,6,15.97,"35,312",SALARIED,9.3,730,Pune,Maharashtra,Tier 1,2,Y,0 (Current),0
APP101326,CUST22150,08-11-2025,08/11/2025,Personal Loan,58027,48,21.56,25162,self-employed,1.4,678,Jaipur,Rajasthan,Tier 2,1,Y,31-60,0
APP101756,CUST20512,2025-06-20,2025-07-04,Personal Loan,158191,60,22.02,140138,SALARIED,0.3,804,RANCHI,Jharkhand,Tier 3,0,Y,0 (Current),0
APP100474,CUST21036,06-10-2024,08-10-2024,personal loan,390475,24,21.01,"31,885",  Self-Employed  ,5.7,647,bangalore,Karnataka,Tier 1,0,Y,0 (Current),0
APP101162,CUST20199,16-11-2025,2025-12-02,Two-Wheeler Loan,71849,36,13.94,"INR 56,214",Self-Employed,3.9,648,  Mumbai  ,Maharashtra,Tier 1,0,N,0 (Current),0
APP100872,CUST21822,20-07-2024,2024-08-05,Personal Loan,256940,48,18.0,"78,248",SELF-EMPLOYED,4.9,,Indore,Madhya Pradesh,Tier 2,2,N,0 (Current),0
APP100095,CUST20893,15 Apr 2025,2025-04-20,Consumer Durable Loan,25117,12,20.09,"107,422",Salaried,14.9,824,Guwahati,Assam,Tier 3,0,Y,61-90,1
APP100365,CUST21109,2024-09-24,2024-10-07,personal loan,298081,36,16.49,103315,SALARIED,1.5,718,Delhi,Delhi,Tier 1,1,Y,0 (Current),0
APP100838,CUST20714,2024-07-09,28/07/2024,Personal Loan,486419,48,20.79,39325,SELF-EMPLOYED,13.2,,Hyderabad,Telangana,Tier 1,0,N,0 (Current),0
APP102070,CUST22296,2025-05-17,23-05-2025,  BNPL  ,15356,1,9.2,"33,953",Self-Employed,10.8,662,Bangalore,Karnataka,Tier 1,1,Y,61-90,1
APP101490,CUST22226,21-08-2024,05 Sep 2024,Gold Loan,45305,6,9.78,245534,salaried,11.6,836,Patna,Bihar,Tier 3,1,Y,0 (Current),0
APP101885,CUST21146,22 Jan 2025,06-02-2025,BNPL,20760,1,3.46,57163,SALARIED,12.8,687,Guwahati,Assam,Tier 3,1,Y,90+,1
APP101899,CUST20219,04-03-2024,2024-03-06,Consumer Durable Loan,42303,3,17.26,"INR 52,169",Salaried,,677,GUWAHATI,Assam,Tier 3,1,N,90+,1
APP100613,CUST21846,10 Oct 2025,19/10/2025,Two-Wheeler Loan,95725,18,12.21,"INR 28,974",Self-Employed,,672,  Coimbatore  ,Tamil Nadu,Tier 2,1,Y,90+,1
APP102331,CUST20878,04 Nov 2025,11-11-2025,TWO-WHEELER LOAN,137720,36,12.12,16204,Salaried,7.9,696,RAIPUR,Chhattisgarh,Tier 3,1,Y,0 (Current),0
APP101578,CUST21581,2025-03-26,2025-03-29,personal loan,188956,12,22.82,116384,  Self-Employed  ,13.3,834,Mumbai,Maharashtra,Tier 1,1,Y,0 (Current),0
APP102545,CUST20347,30 Mar 2025,18-04-2025,BNPL,8005,3,11.06,49868,SALARIED,3.8,650,Coimbatore,Tamil Nadu,Tier 2,3,Y,61-90,1
APP101136,CUST22283,06/12/2025,17/12/2025,GOLD LOAN,49559,9,10.51,68185,  Salaried  ,10.1,819,indore,Madhya Pradesh,Tier 2,3,Y,0 (Current),0
APP101911,CUST21126,22-01-2025,2025-01-30,TWO-WHEELER LOAN,127641,24,11.98,20183,SALARIED,16.5,618,COIMBATORE,Tamil Nadu,Tier 2,2,Y,0 (Current),0
APP101748,CUST21856,2025-06-18,2025-06-29,Consumer Durable Loan,15435,3,16.0,"INR 54,303",SELF-EMPLOYED,3.3,587,Ahmedabad,Gujarat,Tier 2,0,Y,1-30,0
APP102055,CUST21676,14 Jul 2024,17 Jul 2024,Personal Loan,80836,24,22.62,33541,SALARIED,14.3,675,DELHI,Delhi,Tier 1,2,Y,0 (Current),0
APP101100,CUST20239,17-04-2025,18 Apr 2025,BNPL,14164,3,4.01,107163,SELF-EMPLOYED,6.2,726,bangalore,Karnataka,Tier 1,0,Y,1-30,0
APP100568,CUST20830,23 Jan 2025,08 Feb 2025,Consumer Durable Loan,34858,6,19.1,134250,salaried,16.7,786,Hyderabad,Telangana,Tier 1,0,Y,0 (Current),0
APP101809,CUST21264,15-07-2024,2024-07-22,BNPL,21034,1,2.35,52468,Salaried,1.8,658,Bangalore,Karnataka,Tier 1,0,Y,1-30,0
APP100753,CUST22021,2025-02-08,13 Feb 2025,consumer durable loan,14259,9,21.77,67645,Self-Employed,,687,Delhi,Delhi,Tier 1,0,Y,1-30,0
APP100819,CUST22051,2025-10-31,2025-11-18,consumer durable loan,79926,3,21.4,"INR 103,760",Self-Employed,,766,Delhi,Delhi,Tier 1,1,N,0 (Current),0
APP100945,CUST21259,20-02-2025,2025-03-01,BNPL,22206,6,7.33,42460,  Salaried  ,12.8,661,chennai,Tamil Nadu,Tier 1,2,Y,0 (Current),0
APP100596,CUST21426,01 Mar 2024,2024-03-02,PERSONAL LOAN,474719,36,18.62,"INR 25,684",Self-Employed,15.1,680,Hyderabad,Telangana,Tier 1,0,N,0 (Current),0
APP102354,CUST20203,02 Jan 2025,2025-01-21,BNPL,9566,3,9.93,24396,SALARIED,16.7,757,delhi,Delhi,Tier 1,2,Y,0 (Current),0
APP100506,CUST21007,06/02/2025,14 Feb 2025,PERSONAL LOAN,87775,36,15.24,63619,  Salaried  ,6.1,685,  Hyderabad  ,Telangana,Tier 1,1,Y,90+,1
APP102191,CUST20295,26-11-2025,2025-11-28,Consumer Durable Loan,51071,9,14.64,"INR 57,160",SELF-EMPLOYED,1.9,731,Lucknow,Uttar Pradesh,Tier 2,2,Y,0 (Current),0
APP101963,CUST21131,2025-03-17,21-03-2025,Consumer Durable Loan,50764,3,16.12,,Self-Employed,1.0,699,LUCKNOW,Uttar Pradesh,Tier 2,0,N,90+,1
APP100137,CUST21470,19 Jul 2025,2025-07-25,Personal Loan,461202,36,20.93,24443,Self-Employed,10.1,674,Patna,Bihar,Tier 3,1,Y,90+,1
APP100707,CUST20655,14/08/2025,31-08-2025,Personal Loan,65563,24,19.28,,Salaried,3.3,645,Ahmedabad,Gujarat,Tier 2,1,Y,31-60,0
APP102514,CUST20689,11 May 2024,25-05-2024,PERSONAL LOAN,277004,12,15.69,"INR 75,841",Salaried,,788,hyderabad,Telangana,Tier 1,2,Y,0 (Current),0
APP102431,CUST20279,03-06-2025,09-06-2025,Personal Loan,445114,60,17.22,19625,Self-Employed,14.3,702,jaipur,Rajasthan,Tier 2,0,Y,0 (Current),0
APP100410,CUST22240,25-11-2025,02 Dec 2025,  Gold Loan  ,82072,6,10.51,22478,Salaried,12.5,662,BANGALORE,Karnataka,Tier 1,1,Y,0 (Current),0
APP102415,CUST20999,2025-06-30,11/07/2025,Consumer Durable Loan,47079,6,16.19,170344,Self-Employed,10.2,770,NAGPUR,Maharashtra,Tier 2,0,Y,0 (Current),0
APP102169,CUST21955,2025-12-20,2025-12-31,consumer durable loan,63322,12,16.39,50423,SELF-EMPLOYED,7.5,771,lucknow,Uttar Pradesh,Tier 2,4,Y,0 (Current),0
APP100159,CUST20040,17/09/2024,27/09/2024,BNPL,11831,3,10.12,69142,Self-Employed,13.0,666,Delhi,Delhi,Tier 1,2,N,0 (Current),0
APP102515,CUST20286,04-08-2025,15 Aug 2025,PERSONAL LOAN,55922,60,21.78,32769,SALARIED,15.3,658,Mumbai,Maharashtra,Tier 1,1,Y,0 (Current),0
APP102110,CUST20765,04 May 2025,21 May 2025,BNPL,4868,6,6.58,18982,SALARIED,2.3,645,Lucknow,Uttar Pradesh,Tier 2,0,Y,90+,1
APP101965,CUST21250,17/11/2025,23 Nov 2025,BNPL,23872,1,4.58,"INR 35,214",SELF-EMPLOYED,10.0,604,BANGALORE,Karnataka,Tier 1,0,Y,90+,1
APP100077,CUST20324,2025-07-26,04-08-2025,Personal Loan,247744,60,20.03,"81,060",Salaried,14.9,785,jodhpur,Rajasthan,Tier 3,2,Y,0 (Current),0
APP101408,CUST21363,22 Apr 2024,27 Apr 2024,Personal Loan,363577,36,14.87,26266,  Self-Employed  ,7.5,,pune,Maharashtra,Tier 1,2,Y,31-60,0
APP100752,CUST20464,11/02/2025,,BNPL,20193,1,9.72,43455,Salaried,8.0,579,RANCHI,Jharkhand,Tier 3,4,N,0 (Current),0
APP101120,CUST21181,15 Apr 2024,23-04-2024,BNPL,15834,1,9.34,27919,Salaried,13.6,721,HYDERABAD,Telangana,Tier 1,1,Y,1-30,0
APP102053,CUST22225,12/12/2025,29-12-2025,PERSONAL LOAN,116486,48,14.61,17733,salaried,,612,pune,Maharashtra,Tier 1,3,Y,0 (Current),0
APP100623,CUST20253,17-07-2025,04-08-2025,PERSONAL LOAN,94591,60,19.1,43122,Salaried,5.7,725,Jodhpur,Rajasthan,Tier 3,1,Y,0 (Current),0
APP100592,CUST21405,01/08/2024,2024-08-10,BNPL,9015,1,5.29,"219,609",Salaried,4.5,693,INDORE,Madhya Pradesh,Tier 2,0,Y,0 (Current),0
APP101345,CUST20467,10-03-2024,,gold loan,143869,12,12.48,43521,  Salaried  ,6.0,720,Indore,Madhya Pradesh,Tier 2,2,Y,31-60,0
APP101815,CUST20452,03/05/2024,13-05-2024,BNPL,13345,6,9.83,47410,self-employed,10.0,639,  Ahmedabad  ,Gujarat,Tier 2,3,Y,90+,1
APP100031,CUST21700,25 Nov 2024,07-12-2024,two-wheeler loan,126499,36,15.33,"INR 78,540",Self-Employed,5.4,678,Hyderabad,Telangana,Tier 1,0,Y,31-60,0
APP101224,CUST20939,22-03-2024,,  Gold Loan  ,88161,6,11.93,"INR 179,875",SALARIED,14.2,780,patna,Bihar,Tier 3,2,Y,0 (Current),0
APP100389,CUST20863,2024-04-18,24-04-2024,Personal Loan,193575,48,18.39,,Salaried,5.1,703,  Pune  ,Maharashtra,Tier 1,3,Y,0 (Current),0
APP101874,CUST22138,28-06-2024,04 Jul 2024,Gold Loan,23985,12,12.78,27794,self-employed,0.2,,Indore,Madhya Pradesh,Tier 2,0,Y,90+,1
APP100937,CUST20739,21/03/2024,30 Mar 2024,GOLD LOAN,139989,12,12.55,75213,Self-Employed,0.6,726,jodhpur,Rajasthan,Tier 3,1,Y,90+,1
APP100840,CUST20249,2024-10-22,03/11/2024,bnpl,9181,1,7.28,34836,Salaried,8.5,662,Lucknow,Uttar Pradesh,Tier 2,1,Y,0 (Current),0
APP100610,CUST21338,16/07/2025,25/07/2025,Consumer Durable Loan,78569,6,19.29,202129,Salaried,,825,LUCKNOW,Uttar Pradesh,Tier 2,1,Y,1-30,0
APP102584,CUST21542,14 Jun 2025,20-06-2025,Consumer Durable Loan,27499,9,14.06,"INR 54,210",Salaried,14.2,766,Guwahati,Assam,Tier 3,2,Y,90+,1
APP102490,CUST21016,10-10-2025,14-10-2025,BNPL,13179,3,10.46,42781,  Salaried  ,9.3,673,  Bangalore  ,Karnataka,Tier 1,2,Y,0 (Current),0
APP102576,CUST21756,24/11/2024,12 Dec 2024,GOLD LOAN,131952,12,9.53,20092,Salaried,5.8,586,Coimbatore,Tamil Nadu,Tier 2,0,Y,0 (Current),0
APP100129,CUST20162,28 Sep 2025,09 Oct 2025,BNPL,3503,1,15.34,35247,salaried,2.1,654,Ranchi,Jharkhand,Tier 3,1,Y,90+,1
APP101617,CUST20255,20 Feb 2024,21/02/2024,PERSONAL LOAN,271679,48,18.46,"INR 79,823",Self-Employed,5.5,770,AGRA,Uttar Pradesh,Tier 3,2,Y,0 (Current),0
APP100802,CUST21081,2025-04-30,2025-04-30,GOLD LOAN,26445,6,13.38,"57,976",  Salaried  ,0.1,745,LUCKNOW,Uttar Pradesh,Tier 2,4,Y,0 (Current),0
APP100237,CUST21306,2024-09-08,2024-09-21,bnpl,23169,1,4.62,,Salaried,7.4,737,Ranchi,Jharkhand,Tier 3,0,Y,0 (Current),0
APP101591,CUST20076,14 Mar 2025,03-04-2025,two-wheeler loan,139352,12,15.9,"INR 21,707",Salaried,13.0,718,Nagpur,Maharashtra,Tier 2,3,Y,0 (Current),0
APP101973,CUST20566,14 Aug 2025,19 Aug 2025,Two-Wheeler Loan,108411,18,15.41,"INR 45,333",Self-Employed,0.7,665,Nagpur,Maharashtra,Tier 2,1,N,90+,1
APP100705,CUST21395,26/09/2025,10 Oct 2025,consumer durable loan,45681,6,18.85,62705,salaried,11.9,667,Delhi,Delhi,Tier 1,1,Y,1-30,0
APP100210,CUST21541,2025-05-02,18-05-2025,BNPL,23356,6,15.96,22978,Salaried,0.1,578,coimbatore,Tamil Nadu,Tier 2,1,Y,0 (Current),0
APP100723,CUST21658,2025-01-23,31 Jan 2025,Consumer Durable Loan,70779,12,20.12,69003,SALARIED,9.6,764,  Raipur  ,Chhattisgarh,Tier 3,1,Y,1-30,0
APP101980,CUST22298,2024-03-12,14/03/2024,Personal Loan,308128,60,22.6,208053,Self-Employed,3.7,767,DELHI,Delhi,Tier 1,1,N,31-60,0
APP102487,CUST21034,2025-04-17,01 May 2025,BNPL,15613,6,2.73,114737,Self-Employed,17.3,782,Jaipur,Rajasthan,Tier 2,2,N,0 (Current),0
APP101713,CUST21311,05-01-2025,05/01/2025,Personal Loan,-207259,60,17.89,"INR 158,731",salaried,0.9,703,PATNA,Bihar,Tier 3,0,Y,0 (Current),0
APP100128,CUST20827,23-04-2024,25/04/2024,Personal Loan,302006,36,16.35,"30,256",Salaried,8.9,,Hyderabad,Telangana,Tier 1,0,Y,0 (Current),0
APP102332,CUST21317,10/12/2024,2024-12-14,BNPL,9604,6,17.75,49146,SALARIED,12.1,734,Patna,Bihar,Tier 3,3,Y,0 (Current),0
APP102571,CUST21655,31/03/2025,11-04-2025,Gold Loan,61441,6,10.19,"INR 41,452",Salaried,17.8,687,CHENNAI,Tamil Nadu,Tier 1,3,Y,0 (Current),0
APP101103,CUST22108,04 Dec 2025,16/12/2025,two-wheeler loan,111752,12,12.35,41446,self-employed,2.3,655,BANGALORE,Karnataka,Tier 1,1,Y,0 (Current),0
APP101660,CUST21657,2024-04-12,18-04-2024,Gold Loan,136999,9,12.53,34268,  Salaried  ,6.0,,Jaipur,Rajasthan,Tier 2,2,Y,0 (Current),0
APP101786,CUST22212,2024-05-26,07/06/2024,consumer durable loan,47455,9,14.85,"INR 163,877",Self-Employed,12.9,810,Chennai,Tamil Nadu,Tier 1,4,Y,0 (Current),0
APP100643,CUST21898,21-06-2024,26 Jun 2024,Personal Loan,230487,24,16.26,"INR 49,132",Salaried,8.0,716,Agra,Uttar Pradesh,Tier 3,0,Y,90+,1
APP102483,CUST21768,29 Sep 2025,07 Oct 2025,Gold Loan,95738,12,12.25,"INR 148,400",Self-Employed,6.6,670,Raipur,Chhattisgarh,Tier 3,1,Y,0 (Current),0
APP101782,CUST22289,08 Oct 2024,18-10-2024,Personal Loan,147522,12,23.02,74558,Salaried,13.9,759,Bangalore,Karnataka,Tier 1,0,Y,90+,1
APP100306,CUST21507,08-01-2025,27 Jan 2025,personal loan,330810,24,22.47,"37,459",salaried,0.0,747,DELHI,Delhi,Tier 1,4,Y,1-30,0
APP100652,CUST21499,04/12/2024,2024-12-12,personal loan,294792,48,23.16,58293,salaried,17.6,763,ranchi,Jharkhand,Tier 3,1,Y,0 (Current),0
APP101629,CUST22021,02/10/2025,20/10/2025,Personal Loan,69355,36,22.31,97307,salaried,9.5,812,pune,Maharashtra,Tier 1,1,N,0 (Current),0
APP100713,CUST20585,12-08-2025,2025-08-24,TWO-WHEELER LOAN,128661,24,13.27,27290,Self-Employed,1.8,592,Ahmedabad,Gujarat,Tier 2,1,Y,0 (Current),0
APP100880,CUST20033,28 Apr 2024,08 May 2024,PERSONAL LOAN,303640,48,18.69,"INR 89,665",SALARIED,12.9,698,LUCKNOW,Uttar Pradesh,Tier 2,3,Y,0 (Current),0
APP102381,CUST21933,2025-05-28,09 Jun 2025,TWO-WHEELER LOAN,132777,24,15.64,"81,979",SELF-EMPLOYED,17.1,742,hyderabad,Telangana,Tier 1,0,Y,1-30,0
APP102535,CUST20091,2025-06-23,13/07/2025,consumer durable loan,13019,9,13.96,"INR 43,283",  Salaried  ,6.3,664,Mumbai,Maharashtra,Tier 1,4,Y,1-30,0
APP100400,CUST22310,18 May 2024,2024-06-02,CONSUMER DURABLE LOAN,40930,12,17.17,"INR 24,302",Self-Employed,17.1,692,Indore,Madhya Pradesh,Tier 2,3,Y,90+,1
APP100715,CUST20842,2024-04-25,2024-05-15,consumer durable loan,70245,12,13.13,30439,Self-Employed,4.2,655,JAIPUR,Rajasthan,Tier 2,0,N,0 (Current),0
APP100294,CUST20326,21-10-2025,2025-11-03,Two-Wheeler Loan,71203,36,14.7,34720,salaried,6.8,610,Mumbai,Maharashtra,Tier 1,0,Y,0 (Current),0
APP101150,CUST21167,07-09-2024,15 Sep 2024,  Two-Wheeler Loan  ,120522,12,11.95,"INR 19,116",Self-Employed,8.6,574,indore,Madhya Pradesh,Tier 2,3,Y,0 (Current),0
APP101537,CUST20350,2024-08-23,01 Sep 2024,TWO-WHEELER LOAN,40906,24,12.7,220023,  Salaried  ,13.3,784,bangalore,Karnataka,Tier 1,3,Y,0 (Current),0
APP100330,CUST22227,13-03-2025,25 Mar 2025,TWO-WHEELER LOAN,53443,36,11.71,49033,SALARIED,0.8,714,Indore,Madhya Pradesh,Tier 2,3,N,0 (Current),0
APP100064,CUST21499,27/11/2025,2025-12-08,PERSONAL LOAN,314375,48,21.64,24204,Salaried,,631,mumbai,Maharashtra,Tier 1,0,Y,0 (Current),0
APP101368,CUST21701,19/04/2024,2024-05-03,Personal Loan,415779,60,16.05,129435,Salaried,6.8,815,coimbatore,Tamil Nadu,Tier 2,1,Y,0 (Current),0
APP100266,CUST20789,03/07/2024,21 Jul 2024,Personal Loan,299474,60,22.97,69826,Salaried,10.3,779,GUWAHATI,Assam,Tier 3,0,Y,0 (Current),0
APP102178,CUST21746,2024-04-30,2024-05-11,Gold Loan,71973,6,10.32,32295,  Self-Employed  ,13.5,631,Hyderabad,Telangana,Tier 1,1,Y,0 (Current),0
APP102451,CUST20550,08 Dec 2025,17 Dec 2025,Personal Loan,283828,48,17.58,22328,Self-Employed,0.8,565,delhi,Delhi,Tier 1,1,Y,90+,1
APP101096,CUST22296,01 Feb 2024,16 Feb 2024,  BNPL  ,7138,1,13.52,,Salaried,3.1,545,jaipur,Rajasthan,Tier 2,2,Y,0 (Current),0
APP101820,CUST20968,2024-08-24,05 Sep 2024,PERSONAL LOAN,369924,60,14.48,"INR 15,042",  Salaried  ,12.8,750,mumbai,Maharashtra,Tier 1,0,Y,0 (Current),0
APP100603,CUST21838,2024-09-23,07 Oct 2024,Two-Wheeler Loan,122045,24,15.64,87464,Self-Employed,13.2,,AGRA,Uttar Pradesh,Tier 3,3,Y,0 (Current),0
APP100309,CUST20894,30 Dec 2024,,Personal Loan,461827,24,17.77,25300,  Salaried  ,,763,  Patna  ,Bihar,Tier 3,0,N,0 (Current),0
APP100785,CUST20276,12/10/2025,,Two-Wheeler Loan,68537,24,11.59,34208,SELF-EMPLOYED,13.2,696,GUWAHATI,Assam,Tier 3,1,N,0 (Current),0
APP100061,CUST22059,18 Oct 2025,05/11/2025,Gold Loan,99316,9,12.87,64027,salaried,11.9,646,  Lucknow  ,Uttar Pradesh,Tier 2,0,N,0 (Current),0
APP101550,CUST20232,27-03-2024,06-04-2024,  Two-Wheeler Loan  ,78170,24,12.08,24950,salaried,0.4,576,  Ranchi  ,Jharkhand,Tier 3,3,Y,0 (Current),0
APP102294,CUST20388,03/05/2024,2024-05-04,personal loan,243920,12,17.03,201262,Self-Employed,10.8,838,Chennai,Tamil Nadu,Tier 1,0,Y,0 (Current),0
APP100528,CUST21762,09/11/2024,27-11-2024,BNPL,2535,6,15.63,"INR 19,483",salaried,16.2,630,Mumbai,Maharashtra,Tier 1,2,Y,0 (Current),0
APP102566,CUST20756,30-04-2025,2025-05-03,BNPL,13375,6,1.52,22096,  Salaried  ,10.0,694,RANCHI,Jharkhand,Tier 3,3,Y,1-30,0
APP101302,CUST20823,18-02-2024,19 Feb 2024,BNPL,12814,3,8.13,36238,Salaried,12.4,704,Delhi,Delhi,Tier 1,0,Y,1-30,0
APP101167,CUST20275,20-03-2025,28/03/2025,TWO-WHEELER LOAN,118860,24,12.07,"INR 19,711",Self-Employed,7.6,599,RANCHI,Jharkhand,Tier 3,1,Y,61-90,1
APP101070,CUST21925,24 Jan 2024,2024-01-28,Gold Loan,36588,6,11.7,221706,Salaried,13.4,850,bangalore,Karnataka,Tier 1,2,Y,0 (Current),0
APP102429,CUST20446,11-02-2024,17/02/2024,Two-Wheeler Loan,99680,36,14.86,67522,SELF-EMPLOYED,3.9,659,LUCKNOW,Uttar Pradesh,Tier 2,0,Y,61-90,1
APP100151,CUST21674,2024-09-16,05 Oct 2024,Personal Loan,393170,24,20.88,15116,SALARIED,2.1,617,Bangalore,Karnataka,Tier 1,0,Y,0 (Current),0
APP100791,CUST21632,11-09-2024,2024-09-16,Two-Wheeler Loan,148642,12,14.58,"INR 60,493",SALARIED,5.1,693,mumbai,Maharashtra,Tier 1,1,Y,0 (Current),0
APP101051,CUST21717,20 Sep 2024,04/10/2024,  BNPL  ,15662,6,14.79,"INR 41,816",Self-Employed,,,Hyderabad,Telangana,Tier 1,4,Y,31-60,0
APP101541,CUST21593,2025-03-24,29 Mar 2025,BNPL,11075,6,17.71,"INR 24,437",salaried,8.8,681,Ahmedabad,Gujarat,Tier 2,4,Y,61-90,1
APP101401,CUST21380,2025-05-06,26-05-2025,PERSONAL LOAN,465275,24,17.37,"INR 89,909",  Self-Employed  ,17.3,773,  Delhi  ,Delhi,Tier 1,0,Y,1-30,0
APP100702,CUST20833,02 Sep 2024,2024-09-07,Personal Loan,164175,48,14.83,"41,730",salaried,4.0,686,MUMBAI,Maharashtra,Tier 1,2,Y,0 (Current),0
APP100546,CUST20554,22 Sep 2024,2024-09-27,BNPL,19814,1,4.35,"INR 15,679",Self-Employed,0.9,578,  Mumbai  ,Maharashtra,Tier 1,1,Y,90+,1
APP100900,CUST20412,18-07-2025,29/07/2025,  BNPL  ,15143,3,3.32,"INR 36,554",Salaried,4.9,729,delhi,Delhi,Tier 1,1,Y,0 (Current),0
APP101503,CUST20205,22-04-2025,22-04-2025,consumer durable loan,18580,12,21.07,109252,Salaried,17.3,705,Lucknow,Uttar Pradesh,Tier 2,0,Y,1-30,0
APP102087,CUST21250,14 Mar 2024,2024-03-26,Consumer Durable Loan,41516,6,18.44,"INR 55,418",self-employed,2.7,667,  Raipur  ,Chhattisgarh,Tier 3,0,Y,0 (Current),0
APP102427,CUST21010,01/04/2025,2025-04-08,Gold Loan,114377,12,10.48,21209,Self-Employed,10.2,683,Chennai,Tamil Nadu,Tier 1,1,Y,0 (Current),0
APP102505,CUST20492,2025-04-23,07/05/2025,BNPL,3005,6,8.2,129356,  Salaried  ,5.7,801,Raipur,Chhattisgarh,Tier 3,1,Y,61-90,1
APP101851,CUST20426,05/05/2024,22-05-2024,Personal Loan,177349,48,18.11,"INR 20,245",  Salaried  ,12.0,679,  Bangalore  ,Karnataka,Tier 1,2,Y,0 (Current),0
APP102444,CUST21652,20/01/2024,2024-02-01,BNPL,23655,3,2.89,22245,SALARIED,12.8,705,Nagpur,Maharashtra,Tier 2,0,Y,0 (Current),0
APP102349,CUST20035,23-08-2024,2024-08-28,BNPL,9460,1,14.23,66752,Self-Employed,11.9,699,Bangalore,Karnataka,Tier 1,1,N,1-30,0
APP101486,CUST21552,29/10/2025,2025-11-05,personal loan,79293,48,20.92,14419,Self-Employed,3.7,546,hyderabad,Telangana,Tier 1,1,N,61-90,1
APP100357,CUST20993,10-06-2025,2025-06-24,personal loan,401534,24,18.68,68697,Self-Employed,8.9,695,Indore,Madhya Pradesh,Tier 2,0,Y,0 (Current),0
APP100219,CUST22247,13-06-2024,17-06-2024,Personal Loan,244983,36,21.7,"INR 25,138",  Self-Employed  ,14.2,715,Pune,Maharashtra,Tier 1,1,N,0 (Current),0
APP102313,CUST21923,2025-10-11,26-10-2025,Personal Loan,341282,12,19.37,15596,salaried,17.6,622,Guwahati,Assam,Tier 3,0,Y,0 (Current),0
APP102002,CUST21830,2024-06-14,2024-06-20,Personal Loan,491760,36,16.16,46594,SELF-EMPLOYED,3.8,669,hyderabad,Telangana,Tier 1,0,Y,0 (Current),0
APP100387,CUST22169,16 Feb 2024,01/03/2024,Personal Loan,203821,12,17.37,166448,Salaried,12.5,803,Jodhpur,Rajasthan,Tier 3,1,Y,61-90,1
APP101579,CUST20309,18 Jan 2024,20 Jan 2024,BNPL,9540,6,13.92,39128,Self-Employed,,691,Nagpur,Maharashtra,Tier 2,2,Y,0 (Current),0
APP102142,CUST20951,14-09-2025,26 Sep 2025,personal loan,157201,24,22.4,"INR 34,219",Salaried,2.8,,INDORE,Madhya Pradesh,Tier 2,0,N,90+,1
APP101448,CUST22040,06-07-2024,2024-07-21,CONSUMER DURABLE LOAN,29678,12,20.8,,SALARIED,0.3,612,COIMBATORE,Tamil Nadu,Tier 2,4,Y,0 (Current),0
APP101007,CUST20237,30/08/2024,2024-09-02,Personal Loan,345480,60,23.18,"26,028",SALARIED,,723,raipur,Chhattisgarh,Tier 3,1,Y,0 (Current),0
APP101107,CUST21699,2025-10-30,,Personal Loan,341677,60,17.48,"65,156",Salaried,10.7,730,Bangalore,Karnataka,Tier 1,1,Y,0 (Current),0
APP101763,CUST22000,21-07-2024,03-08-2024,consumer durable loan,66519,12,18.66,119390,SALARIED,7.1,668,Bangalore,Karnataka,Tier 1,1,Y,1-30,0
APP101124,CUST21210,04/06/2024,05/06/2024,Personal Loan,127341,36,15.48,"INR 19,369",  Self-Employed  ,2.4,667,MUMBAI,Maharashtra,Tier 1,0,N,90+,1
APP101546,CUST22058,13 Feb 2024,2024-02-24,Consumer Durable Loan,29819,12,20.15,119461,Salaried,2.3,740,Bangalore,Karnataka,Tier 1,1,Y,31-60,0
APP100246,CUST21918,2025-03-16,24/03/2025,Consumer Durable Loan,24760,12,20.85,42381,Salaried,4.7,672,Delhi,Delhi,Tier 1,2,Y,1-30,0
APP100113,CUST20924,05 Apr 2024,2024-04-05,BNPL,4431,3,3.06,15547,Salaried,5.7,589,Delhi,Delhi,Tier 1,1,Y,31-60,0
APP101841,CUST20907,19 Mar 2024,02/04/2024,CONSUMER DURABLE LOAN,8854,12,15.6,"24,952",SALARIED,17.6,729,Hyderabad,Telangana,Tier 1,3,Y,0 (Current),0
APP101618,CUST21762,31-07-2024,08-08-2024,Personal Loan,165687,36,22.68,"INR 89,741",Salaried,7.3,717,Chennai,Tamil Nadu,Tier 1,2,Y,0 (Current),0
APP100494,CUST21470,10 Aug 2025,16-08-2025,Two-Wheeler Loan,121928,18,13.99,50605,Self-Employed,0.8,641,Indore,Madhya Pradesh,Tier 2,1,Y,61-90,1
APP100607,CUST20910,11-03-2025,2025-03-13,consumer durable loan,41886,12,17.32,41444,Salaried,0.7,741,Chennai,Tamil Nadu,Tier 1,1,Y,61-90,1
APP101248,CUST20569,06 Jul 2025,2025-07-11,bnpl,22859,1,10.25,28219,Salaried,4.6,707,Guwahati,Assam,Tier 3,1,Y,0 (Current),0
APP100122,CUST21224,2024-09-22,10/10/2024,Two-Wheeler Loan,126577,24,14.4,54561,Self-Employed,14.4,635,Bangalore,Karnataka,Tier 1,2,Y,0 (Current),0
APP102544,CUST20910,2025-11-30,2025-12-07,Personal Loan,130839,60,17.82,"116,287",Salaried,1.9,666,ranchi,Jharkhand,Tier 3,2,Y,90+,1
APP100504,CUST21399,2025-09-23,01/10/2025,Consumer Durable Loan,25991,12,16.03,58470,self-employed,8.5,672,CHENNAI,Tamil Nadu,Tier 1,2,Y,0 (Current),0
APP100249,CUST20180,2025-09-08,2025-09-20,bnpl,6237,1,15.54,"INR 178,836",Self-Employed,16.3,786,indore,Madhya Pradesh,Tier 2,2,Y,0 (Current),0
APP101101,CUST20513,17/07/2024,23 Jul 2024,PERSONAL LOAN,468671,36,22.41,"57,831",Self-Employed,17.7,750,Hyderabad,Telangana,Tier 1,3,Y,90+,1
APP100290,CUST21793,2024-01-12,18 Jan 2024,Personal Loan,204216,12,19.35,85576,Salaried,0.3,683,Delhi,Delhi,Tier 1,1,Y,0 (Current),0
APP102536,CUST21571,03 Jan 2024,14-01-2024,consumer durable loan,35374,3,21.22,"INR 65,241",Salaried,10.1,755,Coimbatore,Tamil Nadu,Tier 2,0,Y,0 (Current),0
APP101517,CUST20684,2024-02-13,15/02/2024,BNPL,7487,3,1.61,33576,Salaried,6.2,693,MUMBAI,Maharashtra,Tier 1,1,Y,61-90,1
APP100316,CUST21021,22-08-2024,04-09-2024,BNPL,18457,3,4.96,40001,SALARIED,17.8,727,Indore,Madhya Pradesh,Tier 2,1,Y,1-30,0
APP101360,CUST20723,02/04/2025,2025-04-09,TWO-WHEELER LOAN,117050,18,12.84,19675,SALARIED,16.2,712,  Patna  ,Bihar,Tier 3,1,Y,0 (Current),0
APP101997,CUST20437,25 Oct 2025,,gold loan,93362,6,13.18,69142,Salaried,6.9,740,HYDERABAD,Telangana,Tier 1,2,Y,0 (Current),0
APP100566,CUST20300,12/01/2025,12 Jan 2025,TWO-WHEELER LOAN,65676,36,14.21,39849,  Salaried  ,3.2,775,Ranchi,Jharkhand,Tier 3,1,N,90+,1
APP101891,CUST20915,07/03/2025,,Gold Loan,55202,9,9.68,"68,574",SELF-EMPLOYED,17.9,740,Ahmedabad,Gujarat,Tier 2,1,Y,0 (Current),0
APP102466,CUST20607,02-12-2025,2025-12-09,consumer durable loan,61750,3,18.62,121219,Salaried,4.0,722,Ahmedabad,Gujarat,Tier 2,4,Y,0 (Current),0
APP100737,CUST22163,17-04-2024,06/05/2024,GOLD LOAN,134333,12,11.04,,salaried,1.8,768,pune,Maharashtra,Tier 1,0,Y,0 (Current),0
APP100180,CUST21306,2024-07-08,2024-07-27,bnpl,22868,6,4.93,,SALARIED,13.4,715,Agra,Uttar Pradesh,Tier 3,2,Y,61-90,1
APP100576,CUST21535,2024-05-16,28-05-2024,personal loan,235084,60,16.94,42157,SALARIED,10.7,744,Chennai,Tamil Nadu,Tier 1,1,Y,0 (Current),0
APP100388,CUST22087,09 Apr 2024,,consumer durable loan,50000,12,14.59,113900,Salaried,12.1,,Mumbai,Maharashtra,Tier 1,2,Y,0 (Current),0
APP102416,CUST20054,07 Nov 2025,25-11-2025,BNPL,4253,1,12.65,43211,Salaried,0.5,613,coimbatore,Tamil Nadu,Tier 2,0,Y,90+,1
APP100939,CUST20065,2025-08-11,11 Aug 2025,TWO-WHEELER LOAN,42198,12,12.38,57087,salaried,17.6,752,NAGPUR,Maharashtra,Tier 2,0,Y,0 (Current),0
APP101431,CUST20348,03/09/2025,05-09-2025,bnpl,2315,6,14.17,,Self-Employed,8.7,828,  Raipur  ,Chhattisgarh,Tier 3,1,Y,0 (Current),0
APP102039,CUST22246,21-01-2024,07/02/2024,PERSONAL LOAN,295906,48,20.34,"110,781",Self-Employed,11.0,712,Pune,Maharashtra,Tier 1,4,N,0 (Current),0
APP102198,CUST21360,15-05-2024,28-05-2024,GOLD LOAN,123048,6,11.11,"INR 75,497",Salaried,6.5,771,  Mumbai  ,Maharashtra,Tier 1,3,Y,0 (Current),0
APP102555,CUST20860,06 Oct 2025,15/10/2025,Consumer Durable Loan,13643,6,16.35,"INR 23,592",  Salaried  ,0.1,640,jaipur,Rajasthan,Tier 2,0,Y,0 (Current),0
APP100040,CUST22155,20 Oct 2025,01-11-2025,Two-Wheeler Loan,120623,12,14.64,"20,771",SELF-EMPLOYED,2.0,693,Delhi,Delhi,Tier 1,3,Y,0 (Current),0
APP100455,CUST21637,17 May 2024,03/06/2024,BNPL,10636,3,6.66,"100,105",self-employed,17.7,838,Lucknow,Uttar Pradesh,Tier 2,0,Y,1-30,0
APP100751,CUST20756,2024-07-17,2024-07-17,BNPL,16764,3,15.9,27538,SALARIED,9.8,690,indore,Madhya Pradesh,Tier 2,2,Y,0 (Current),0
APP101554,CUST20617,02 Apr 2024,2024-04-10,BNPL,7344,6,8.55,"26,996",SALARIED,4.5,772,Ahmedabad,Gujarat,Tier 2,3,Y,0 (Current),0
APP102062,CUST22155,2024-01-03,2024-01-22,BNPL,22468,3,3.82,25194,Self-Employed,12.3,620,Ahmedabad,Gujarat,Tier 2,0,Y,90+,1
APP101405,CUST20992,2024-02-25,28/02/2024,Two-Wheeler Loan,110734,36,12.8,"31,358",SELF-EMPLOYED,16.5,753,Ahmedabad,Gujarat,Tier 2,2,Y,0 (Current),0
APP101472,CUST21322,09-01-2024,10/01/2024,Personal Loan,199676,12,20.66,23636,Self-Employed,10.7,558,AHMEDABAD,Gujarat,Tier 2,1,Y,90+,1
APP101960,CUST22051,25/05/2025,2025-06-10,  Two-Wheeler Loan  ,74426,36,14.75,86326,salaried,14.5,778,  Mumbai  ,Maharashtra,Tier 1,1,N,90+,1
APP100051,CUST20679,2025-08-07,2025-08-19,Consumer Durable Loan,66841,6,17.81,17469,self-employed,8.0,598,Nagpur,Maharashtra,Tier 2,1,Y,0 (Current),0
APP100885,CUST20984,27-09-2024,12-10-2024,Consumer Durable Loan,26180,12,16.81,18402,Salaried,,698,PATNA,Bihar,Tier 3,0,Y,0 (Current),0
APP102432,CUST21172,2024-10-03,21 Oct 2024,  Two-Wheeler Loan  ,140782,12,13.36,126451,Self-Employed,0.7,716,jaipur,Rajasthan,Tier 2,1,Y,0 (Current),0
APP100915,CUST21545,14 Dec 2025,15/12/2025,Personal Loan,319254,24,16.81,63973,salaried,9.8,740,NAGPUR,Maharashtra,Tier 2,0,Y,31-60,0
APP101479,CUST21599,26-11-2024,03 Dec 2024,Personal Loan,499391,12,14.06,"INR 22,109",Salaried,10.9,612,  Lucknow  ,Uttar Pradesh,Tier 2,1,Y,31-60,0
APP101619,CUST21496,15 Nov 2025,05-12-2025,  Personal Loan  ,454400,48,16.76,106164,SELF-EMPLOYED,17.8,,BANGALORE,Karnataka,Tier 1,1,Y,0 (Current),0
APP100069,CUST21170,09-07-2024,10/07/2024,bnpl,3222,1,7.52,"INR 109,500",Self-Employed,13.3,823,Indore,Madhya Pradesh,Tier 2,0,Y,31-60,0
APP100965,CUST20394,12-02-2024,23 Feb 2024,BNPL,24725,1,17.54,207745,salaried,,815,Bangalore,Karnataka,Tier 1,0,Y,0 (Current),0
APP101720,CUST20551,20/11/2025,2025-12-07,Two-Wheeler Loan,74544,36,14.15,27913,self-employed,15.7,723,Agra,Uttar Pradesh,Tier 3,0,N,0 (Current),0
APP101371,CUST20522,02/07/2025,2025-07-06,Two-Wheeler Loan,65563,36,15.08,28437,SALARIED,2.3,646,Jaipur,Rajasthan,Tier 2,0,Y,0 (Current),0
APP100854,CUST21138,21-07-2025,2025-08-01,two-wheeler loan,78949,12,11.01,,Salaried,18.0,652,Ahmedabad,Gujarat,Tier 2,0,Y,0 (Current),0
APP100097,CUST20420,2025-03-26,08-04-2025,Gold Loan,37451,12,13.47,34806,SALARIED,13.9,727,  Delhi  ,Delhi,Tier 1,0,Y,0 (Current),0
APP100004,CUST22300,04 Oct 2025,23 Oct 2025,BNPL,18696,3,1.64,"INR 91,717",Self-Employed,,645,Jaipur,Rajasthan,Tier 2,0,N,90+,1
APP100218,CUST20448,2024-05-15,15/05/2024,  Two-Wheeler Loan  ,122218,12,12.47,"17,424",Salaried,15.7,704,Delhi,Delhi,Tier 1,4,Y,0 (Current),0
APP101559,CUST21734,14 Nov 2024,22-11-2024,  BNPL  ,20698,6,15.3,107239,Self-Employed,8.1,768,Ahmedabad,Gujarat,Tier 2,2,Y,0 (Current),0
APP101933,CUST20360,2025-08-08,12 Aug 2025,Personal Loan,485105,36,14.28,23552,Self-Employed,17.5,728,Lucknow,Uttar Pradesh,Tier 2,0,Y,0 (Current),0
APP100704,CUST21629,25-09-2024,13-10-2024,PERSONAL LOAN,366985,60,16.57,"20,085",salaried,14.6,,Jaipur,Rajasthan,Tier 2,1,Y,0 (Current),0
APP101985,CUST20482,2025-03-14,26-03-2025,Consumer Durable Loan,55936,9,18.63,70470,SELF-EMPLOYED,4.8,,  Indore  ,Madhya Pradesh,Tier 2,1,Y,0 (Current),0
APP102342,CUST20440,19-08-2025,2025-08-21,Two-Wheeler Loan,120271,12,13.17,39386,self-employed,0.8,772,Lucknow,Uttar Pradesh,Tier 2,0,Y,0 (Current),0
APP101098,CUST21781,31 May 2025,13 Jun 2025,BNPL,3150,6,17.35,149465,  Salaried  ,9.0,775,coimbatore,Tamil Nadu,Tier 2,3,Y,0 (Current),0
APP101509,CUST20248,21/07/2024,21-07-2024,BNPL,23770,1,17.5,64607,Self-Employed,13.6,752,Hyderabad,Telangana,Tier 1,0,N,0 (Current),0
APP100745,CUST21892,28 Jan 2024,2024-01-31,  Consumer Durable Loan  ,56471,9,16.81,76237,salaried,14.2,739,delhi,Delhi,Tier 1,1,Y,0 (Current),0
APP100418,CUST20201,20/02/2025,28-02-2025,personal loan,312963,12,20.05,,self-employed,12.4,704,Hyderabad,Telangana,Tier 1,3,Y,0 (Current),0
APP101859,CUST21487,11 Dec 2025,24/12/2025,GOLD LOAN,140935,12,9.7,72601,salaried,16.9,751,  Coimbatore  ,Tamil Nadu,Tier 2,2,Y,1-30,0
APP100522,CUST20623,30-03-2024,09-04-2024,BNPL,24240,6,16.53,"INR 17,909",SALARIED,5.2,659,Raipur,Chhattisgarh,Tier 3,2,Y,61-90,1
APP100025,CUST20187,2024-04-26,,Personal Loan,56430,60,16.84,"66,038",SELF-EMPLOYED,13.6,668,  Raipur  ,Chhattisgarh,Tier 3,4,Y,0 (Current),0
APP102143,CUST22228,03-05-2025,05-05-2025,Consumer Durable Loan,20017,9,14.43,"INR 74,451",Salaried,12.2,730,delhi,Delhi,Tier 1,0,Y,0 (Current),0
APP102286,CUST21356,06-12-2025,2025-12-25,Consumer Durable Loan,47336,12,18.48,"INR 51,016",Self-Employed,16.3,654,Nagpur,Maharashtra,Tier 2,4,Y,0 (Current),0
APP100030,CUST20981,2024-10-25,09 Nov 2024,BNPL,5717,3,17.05,"INR 25,449",Salaried,1.7,,Nagpur,Maharashtra,Tier 2,1,Y,0 (Current),0
APP100886,CUST21246,2025-02-14,,two-wheeler loan,84291,24,12.04,25573,Salaried,10.6,729,Indore,Madhya Pradesh,Tier 2,0,Y,0 (Current),0
APP102250,CUST22143,16 Oct 2024,28-10-2024,Personal Loan,496669,48,22.76,"INR 34,115",SELF-EMPLOYED,14.4,655,Indore,Madhya Pradesh,Tier 2,0,N,90+,1
APP101347,CUST22238,09/01/2025,27-01-2025,BNPL,10077,3,7.76,55420,Salaried,10.7,784,JAIPUR,Rajasthan,Tier 2,0,Y,61-90,1
APP101955,CUST20929,28-09-2024,15/10/2024,BNPL,18640,3,10.54,43382,Salaried,1.5,739,Lucknow,Uttar Pradesh,Tier 2,0,Y,61-90,1
APP101734,CUST20337,23 Sep 2024,08-10-2024,Personal Loan,457298,48,21.03,"50,088",SALARIED,16.9,763,ahmedabad,Gujarat,Tier 2,1,Y,0 (Current),0
APP101970,CUST21006,06-12-2024,21-12-2024,Gold Loan,143542,6,9.75,"INR 26,782",salaried,15.3,680,Agra,Uttar Pradesh,Tier 3,1,Y,0 (Current),0
APP101855,CUST20387,29-06-2025,17-07-2025,Consumer Durable Loan,20105,9,19.64,67848,  Salaried  ,9.2,793,bangalore,Karnataka,Tier 1,0,Y,0 (Current),0
APP100244,CUST21091,29/05/2024,05 Jun 2024,PERSONAL LOAN,482059,36,21.27,49267,Salaried,3.7,695,chennai,Tamil Nadu,Tier 1,0,Y,61-90,1
APP102377,CUST20174,09 Dec 2025,21/12/2025,BNPL,14516,1,5.38,57756,SALARIED,13.1,676,JAIPUR,Rajasthan,Tier 2,4,Y,90+,1
APP101269,CUST22090,09/07/2025,12/07/2025,BNPL,3835,3,13.29,"INR 163,606",Self-Employed,17.2,745,JAIPUR,Rajasthan,Tier 2,0,Y,0 (Current),0
APP101158,CUST21788,31 Jan 2024,08/02/2024,BNPL,5847,1,5.94,43470,Salaried,7.6,621,  Pune  ,Maharashtra,Tier 1,1,Y,0 (Current),0
APP101077,CUST21166,09-02-2024,24-02-2024,consumer durable loan,45953,3,18.18,30665,Salaried,18.0,768,Agra,Uttar Pradesh,Tier 3,0,Y,1-30,0
APP101903,CUST21812,2025-06-21,2025-07-06,gold loan,123847,12,11.53,"INR 40,204",Salaried,8.7,731,  Indore  ,Madhya Pradesh,Tier 2,0,Y,0 (Current),0
APP102190,CUST21531,18 Nov 2025,18-11-2025,  Personal Loan  ,173524,36,14.89,193008,Salaried,9.5,723,  Ranchi  ,Jharkhand,Tier 3,0,Y,0 (Current),0
APP100580,CUST20500,23 Jun 2025,27 Jun 2025,PERSONAL LOAN,300616,12,16.72,63399,Salaried,13.2,721,  Nagpur  ,Maharashtra,Tier 2,0,Y,0 (Current),0
APP102204,CUST20130,15/01/2024,24-01-2024,  Personal Loan  ,412346,60,21.79,28112,  Salaried  ,5.9,657,jodhpur,Rajasthan,Tier 3,1,Y,0 (Current),0
APP101848,CUST21672,23 Nov 2025,2025-12-11,PERSONAL LOAN,261253,24,22.2,"29,566",Self-Employed,8.3,,CHENNAI,Tamil Nadu,Tier 1,1,N,1-30,0
APP102436,CUST20091,24-07-2024,10-08-2024,Personal Loan,323647,36,19.01,"19,563",Salaried,14.8,663,lucknow,Uttar Pradesh,Tier 2,0,Y,0 (Current),0
APP100866,CUST22241,2024-03-14,23 Mar 2024,CONSUMER DURABLE LOAN,25758,6,14.79,34544,SELF-EMPLOYED,7.7,,INDORE,Madhya Pradesh,Tier 2,1,Y,0 (Current),0
APP100198,CUST21704,30 Aug 2024,17/09/2024,CONSUMER DURABLE LOAN,66988,12,16.2,110960,Self-Employed,8.2,689,Ranchi,Jharkhand,Tier 3,0,Y,0 (Current),0
APP102457,CUST21513,01 Jan 2024,12 Jan 2024,Gold Loan,27485,12,11.94,110121,salaried,3.2,725,AHMEDABAD,Gujarat,Tier 2,3,Y,0 (Current),0
APP102058,CUST21193,2025-06-03,22/06/2025,Personal Loan,58443,60,16.47,"INR 41,073",Salaried,17.0,732,Lucknow,Uttar Pradesh,Tier 2,0,Y,0 (Current),0
APP100520,CUST21658,2025-12-15,2025-12-28,Personal Loan,460767,24,22.81,56109,Self-Employed,2.7,634,MUMBAI,Maharashtra,Tier 1,0,Y,0 (Current),0
APP101642,CUST20614,30 Mar 2025,14-04-2025,bnpl,7120,6,4.76,"25,155",SELF-EMPLOYED,13.8,623,LUCKNOW,Uttar Pradesh,Tier 2,0,Y,0 (Current),0
APP100899,CUST20118,2024-08-02,2024-08-06,Personal Loan,415534,12,17.0,19049,Self-Employed,0.7,576,Mumbai,Maharashtra,Tier 1,4,N,61-90,1
APP101413,CUST21192,2025-02-09,25-02-2025,Personal Loan,396445,12,22.36,"INR 34,181",Salaried,13.7,688,MUMBAI,Maharashtra,Tier 1,0,Y,0 (Current),0
APP101018,CUST21145,06-05-2025,13/05/2025,Consumer Durable Loan,52884,9,21.46,42007,Salaried,10.2,745,bangalore,Karnataka,Tier 1,0,Y,0 (Current),0
APP100168,CUST21326,08-07-2024,27 Jul 2024,PERSONAL LOAN,205017,36,19.42,"INR 42,123",Self-Employed,1.2,626,  Nagpur  ,Maharashtra,Tier 2,1,Y,0 (Current),0
APP100966,CUST20128,25/06/2025,2025-06-29,Consumer Durable Loan,43351,3,17.4,"INR 16,718",Salaried,0.6,660,indore,Madhya Pradesh,Tier 2,1,Y,0 (Current),0
APP102393,CUST21927,16-07-2024,19/07/2024,Personal Loan,482386,48,19.08,16729,Salaried,9.3,,Chennai,Tamil Nadu,Tier 1,1,Y,0 (Current),0
APP101796,CUST21552,17/05/2025,04 Jun 2025,BNPL,21765,6,11.37,"91,350",salaried,8.8,732,Hyderabad,Telangana,Tier 1,0,Y,0 (Current),0
APP101270,CUST21386,09-05-2025,13/05/2025,Two-Wheeler Loan,143566,12,13.25,69177,salaried,8.7,693,  Delhi  ,Delhi,Tier 1,0,Y,0 (Current),0
APP102330,CUST21059,14/04/2025,2025-04-22,PERSONAL LOAN,248191,24,15.96,67747,Salaried,12.2,761,Agra,Uttar Pradesh,Tier 3,2,Y,0 (Current),0
APP101211,CUST21504,19/03/2025,03 Apr 2025,  Personal Loan  ,413885,36,19.52,"INR 38,586",SELF-EMPLOYED,17.0,700,Indore,Madhya Pradesh,Tier 2,1,Y,90+,1
APP101341,CUST20586,20-09-2024,01/10/2024,PERSONAL LOAN,219771,24,21.15,46461,  Self-Employed  ,8.9,763,hyderabad,Telangana,Tier 1,1,Y,61-90,1
APP101188,CUST22069,13-01-2025,22-01-2025,TWO-WHEELER LOAN,68066,18,14.81,58621,SALARIED,16.9,755,jaipur,Rajasthan,Tier 2,3,Y,31-60,0
APP101751,CUST21884,03-04-2025,04 Apr 2025,Consumer Durable Loan,38687,12,14.95,"INR 40,037",Salaried,9.9,,Delhi,Delhi,Tier 1,2,Y,0 (Current),0
APP102177,CUST21377,03 Jan 2024,2024-01-04,BNPL,14311,1,2.54,32824,Salaried,10.1,738,guwahati,Assam,Tier 3,2,Y,0 (Current),0
APP101610,CUST20782,03-08-2025,08 Aug 2025,Personal Loan,397232,24,17.33,64779,salaried,11.9,701,  Delhi  ,Delhi,Tier 1,1,Y,1-30,0
APP101551,CUST21023,2024-08-29,2024-09-13,BNPL,16485,6,1.33,58733,Salaried,15.5,721,MUMBAI,Maharashtra,Tier 1,2,Y,0 (Current),0
APP100248,CUST20870,07-02-2025,17 Feb 2025,Personal Loan,-311153,12,22.87,"INR 153,650",  Self-Employed  ,16.6,743,JAIPUR,Rajasthan,Tier 2,0,Y,1-30,0
APP100712,CUST20337,02/07/2025,10-07-2025,BNPL,22429,6,8.31,"INR 26,952",Self-Employed,1.4,635,HYDERABAD,Telangana,Tier 1,3,Y,0 (Current),0
APP100847,CUST20617,21-09-2024,2024-10-08,two-wheeler loan,44322,12,15.38,109921,SELF-EMPLOYED,7.3,704,AHMEDABAD,Gujarat,Tier 2,0,Y,0 (Current),0
APP102508,CUST20761,2025-03-11,18 Mar 2025,Personal Loan,427701,24,19.4,"39,297",SALARIED,9.7,666,  Lucknow  ,Uttar Pradesh,Tier 2,3,Y,0 (Current),0
APP100311,CUST20408,2025-10-29,01-11-2025,Personal Loan,341535,60,21.83,"INR 59,680",SELF-EMPLOYED,14.6,695,CHENNAI,Tamil Nadu,Tier 1,2,Y,90+,1
APP100519,CUST22022,2025-11-14,2025-11-22,BNPL,10456,6,10.05,69155,self-employed,17.6,780,Delhi,Delhi,Tier 1,0,Y,0 (Current),0
APP100889,CUST20903,30 May 2025,2025-06-02,  Two-Wheeler Loan  ,67799,18,11.04,"80,786",Salaried,6.3,707,MUMBAI,Maharashtra,Tier 1,0,Y,0 (Current),0
APP100733,CUST22191,31-01-2025,04 Feb 2025,BNPL,23894,1,7.1,219204,Salaried,12.2,837,Delhi,Delhi,Tier 1,2,Y,1-30,0
APP102518,CUST21999,30-01-2025,01/02/2025,BNPL,22793,1,5.86,,Self-Employed,13.8,629,Pune,Maharashtra,Tier 1,1,Y,0 (Current),0
APP101780,CUST20852,2024-09-29,,Consumer Durable Loan,62804,12,19.21,57237,Salaried,12.7,652,chennai,Tamil Nadu,Tier 1,0,Y,1-30,0
APP101705,CUST21645,2024-01-21,02-02-2024,Consumer Durable Loan,12324,9,13.2,33179,Self-Employed,17.1,685,  Pune  ,Maharashtra,Tier 1,2,Y,0 (Current),0
APP100821,CUST22285,02-12-2025,14/12/2025,BNPL,8884,6,4.74,43571,Self-Employed,3.0,606,Jaipur,Rajasthan,Tier 2,1,Y,0 (Current),0
APP101002,CUST22070,12 May 2025,29-05-2025,consumer durable loan,62735,3,20.65,"77,487",Salaried,1.4,688,Mumbai,Maharashtra,Tier 1,2,Y,0 (Current),0
APP102452,CUST22252,2024-09-15,15/09/2024,Consumer Durable Loan,72698,12,19.96,23274,Self-Employed,4.7,660,agra,Uttar Pradesh,Tier 3,1,Y,90+,1
APP100486,CUST22096,03 Jan 2025,05 Jan 2025,Personal Loan,103610,60,15.63,49322,SALARIED,16.7,796,Mumbai,Maharashtra,Tier 1,2,Y,0 (Current),0
APP101450,CUST20897,2025-05-26,2025-06-09,Consumer Durable Loan,32976,3,21.15,"INR 53,118",Self-Employed,,702,Ahmedabad,Gujarat,Tier 2,1,N,0 (Current),0
APP100961,CUST21002,19 Sep 2025,28 Sep 2025,Consumer Durable Loan,53941,12,20.02,"INR 66,724",Salaried,4.9,699,AHMEDABAD,Gujarat,Tier 2,0,Y,0 (Current),0
APP101139,CUST20053,01 Apr 2024,01 Apr 2024,BNPL,10194,3,12.67,85757,SELF-EMPLOYED,,836,MUMBAI,Maharashtra,Tier 1,4,Y,1-30,0
APP100362,CUST21445,24 Feb 2025,11/03/2025,two-wheeler loan,54779,24,14.43,"INR 44,064",Self-Employed,16.2,681,chennai,Tamil Nadu,Tier 1,2,N,0 (Current),0
APP102450,CUST20045,25-01-2024,08 Feb 2024,Two-Wheeler Loan,105436,24,14.21,"39,860",salaried,15.8,636,mumbai,Maharashtra,Tier 1,1,Y,0 (Current),0
APP102321,CUST21833,26 Apr 2024,08/05/2024,Personal Loan,361551,24,23.78,,  Salaried  ,6.1,827,lucknow,Uttar Pradesh,Tier 2,4,Y,1-30,0
APP102210,CUST20279,19/03/2024,2024-03-20,consumer durable loan,64080,12,19.96,17420,self-employed,9.8,613,Coimbatore,Tamil Nadu,Tier 2,0,N,0 (Current),0
APP100476,CUST20040,22-12-2025,23-12-2025,  Two-Wheeler Loan  ,100393,24,14.93,"INR 94,057",self-employed,2.8,740,Nagpur,Maharashtra,Tier 2,0,N,61-90,1
APP100272,CUST20906,2024-04-23,10-05-2024,Gold Loan,99433,6,9.53,"INR 56,895",SALARIED,8.9,783,Bangalore,Karnataka,Tier 1,4,Y,0 (Current),0
APP101846,CUST20321,04-12-2024,08 Dec 2024,PERSONAL LOAN,172870,60,20.25,18482,Salaried,15.2,678,BANGALORE,Karnataka,Tier 1,4,Y,1-30,0
APP101875,CUST20957,2024-02-24,,Gold Loan,115929,9,12.14,21351,SELF-EMPLOYED,0.8,542,nagpur,Maharashtra,Tier 2,3,Y,0 (Current),0
APP100130,CUST20684,30 Jan 2024,03 Feb 2024,BNPL,17816,6,12.21,49058,self-employed,1.9,662,Delhi,Delhi,Tier 1,0,Y,1-30,0
APP101369,CUST21643,30/12/2025,2025-12-30,BNPL,3763,3,12.22,"INR 21,453",  Salaried  ,2.6,623,bangalore,Karnataka,Tier 1,1,Y,0 (Current),0
APP102574,CUST21060,2024-07-15,15 Jul 2024,Personal Loan,432361,48,23.39,"20,105",SALARIED,14.4,695,Delhi,Delhi,Tier 1,1,Y,0 (Current),0
APP102365,CUST21980,2025-01-02,02 Jan 2025,BNPL,20250,1,5.74,241713,salaried,,,Delhi,Delhi,Tier 1,1,Y,0 (Current),0
APP101042,CUST22113,19 Nov 2025,06/12/2025,Two-Wheeler Loan,142605,36,12.82,"INR 68,920",self-employed,,633,Chennai,Tamil Nadu,Tier 1,3,Y,0 (Current),0
APP100984,CUST22178,2024-05-26,09/06/2024,two-wheeler loan,140226,12,12.28,,Salaried,17.3,814,Ahmedabad,Gujarat,Tier 2,1,Y,0 (Current),0
APP101744,CUST21807,19/05/2025,,Gold Loan,36473,6,11.14,177277,salaried,15.6,724,delhi,Delhi,Tier 1,2,Y,0 (Current),0
APP102240,CUST20185,18-03-2025,04 Apr 2025,BNPL,23514,3,5.75,"16,512",Salaried,7.0,603,  Chennai  ,Tamil Nadu,Tier 1,0,Y,0 (Current),0
APP102075,CUST21941,04 Apr 2025,05/04/2025,consumer durable loan,34777,3,13.35,48741,Salaried,0.9,679,PATNA,Bihar,Tier 3,4,Y,90+,1
APP101529,CUST22166,2024-05-05,06-05-2024,BNPL,24039,6,9.75,20465,SALARIED,4.4,567,INDORE,Madhya Pradesh,Tier 2,0,Y,0 (Current),0
APP102230,CUST21551,26-10-2025,04/11/2025,BNPL,7834,1,16.84,36917,self-employed,,661,Bangalore,Karnataka,Tier 1,3,Y,0 (Current),0
APP100747,CUST20590,01 May 2025,2025-05-01,BNPL,17593,3,12.45,15127,Self-Employed,9.9,617,ahmedabad,Gujarat,Tier 2,3,Y,0 (Current),0
APP100662,CUST21383,27-04-2024,12 May 2024,Two-Wheeler Loan,134641,36,15.32,74499,Salaried,15.0,726,Bangalore,Karnataka,Tier 1,0,Y,0 (Current),0
APP100001,CUST20457,28-07-2025,2025-08-04,Gold Loan,91482,6,11.86,32315,SALARIED,1.8,688,MUMBAI,Maharashtra,Tier 1,0,Y,0 (Current),0
APP100839,CUST21461,04-04-2024,16/04/2024,  Personal Loan  ,397011,60,19.5,113080,Self-Employed,15.6,728,Bangalore,Karnataka,Tier 1,1,Y,0 (Current),0
APP101508,CUST21336,27 Mar 2025,2025-04-10,Personal Loan,499796,60,15.59,"INR 16,189",Self-Employed,16.1,669,NAGPUR,Maharashtra,Tier 2,1,Y,0 (Current),0
APP101863,CUST20191,2024-07-16,02 Aug 2024,Personal Loan,254949,24,17.95,"INR 45,281",SELF-EMPLOYED,10.8,752,  Lucknow  ,Uttar Pradesh,Tier 2,2,Y,0 (Current),0
APP102560,CUST20062,2024-08-01,04 Aug 2024,Two-Wheeler Loan,71944,24,11.55,"INR 23,365",salaried,7.8,649,RANCHI,Jharkhand,Tier 3,0,N,90+,1
APP100255,CUST22271,01 Oct 2024,16 Oct 2024,TWO-WHEELER LOAN,128954,36,12.16,21548,SALARIED,10.6,659,raipur,Chhattisgarh,Tier 3,1,Y,0 (Current),0
APP100026,CUST20925,07-11-2025,24 Nov 2025,  Consumer Durable Loan  ,15894,3,21.53,"INR 39,508",salaried,10.6,691,Coimbatore,Tamil Nadu,Tier 2,0,Y,90+,1
APP100647,CUST20795,2025-09-01,2025-09-12,BNPL,15341,3,7.13,83562,Salaried,7.5,879,Mumbai,Maharashtra,Tier 1,0,Y,1-30,0
APP101975,CUST22065,2025-12-08,2025-12-19,BNPL,2540,1,2.9,49443,salaried,5.4,698,coimbatore,Tamil Nadu,Tier 2,3,Y,0 (Current),0
APP100459,CUST20084,12-03-2024,2024-03-17,Personal Loan,327411,12,14.05,24127,Salaried,6.7,635,AGRA,Uttar Pradesh,Tier 3,3,Y,0 (Current),0
APP100034,CUST21046,22/07/2024,03-08-2024,Consumer Durable Loan,53293,9,18.75,104136,self-employed,2.8,631,Indore,Madhya Pradesh,Tier 2,1,Y,1-30,0
APP101451,CUST20401,16 Jan 2024,28 Jan 2024,BNPL,20074,6,15.35,194145,salaried,2.8,788,indore,Madhya Pradesh,Tier 2,2,Y,0 (Current),0
APP102372,CUST21292,26-05-2024,06-06-2024,Consumer Durable Loan,59558,3,19.52,"135,429",SALARIED,12.7,,  Hyderabad  ,Telangana,Tier 1,1,Y,0 (Current),0
APP102441,CUST21992,30/12/2024,06-01-2025,  Two-Wheeler Loan  ,84950,24,13.37,65593,Salaried,14.8,790,Pune,Maharashtra,Tier 1,2,Y,0 (Current),0
APP101458,CUST20953,07-01-2025,21-01-2025,TWO-WHEELER LOAN,59797,12,12.81,91971,salaried,17.1,785,chennai,Tamil Nadu,Tier 1,1,Y,0 (Current),0
APP100012,CUST20209,2024-01-10,14 Jan 2024,PERSONAL LOAN,187340,24,21.41,34067,Salaried,6.0,641,Delhi,Delhi,Tier 1,1,Y,61-90,1
APP100630,CUST21073,2025-10-18,05 Nov 2025,Two-Wheeler Loan,144181,24,11.03,"22,846",Self-Employed,16.9,637,NAGPUR,Maharashtra,Tier 2,0,Y,31-60,0
APP100944,CUST21516,02/04/2024,08/04/2024,gold loan,33317,6,9.75,"INR 95,091",Self-Employed,15.1,,JAIPUR,Rajasthan,Tier 2,0,Y,0 (Current),0
APP102231,CUST20612,01 Jul 2024,10 Jul 2024,consumer durable loan,31012,9,14.73,94214,Self-Employed,1.7,666,bangalore,Karnataka,Tier 1,2,Y,0 (Current),0
APP101732,CUST21337,31/08/2025,04 Sep 2025,consumer durable loan,41630,9,15.44,24231,Salaried,14.9,609,mumbai,Maharashtra,Tier 1,3,Y,0 (Current),0
APP101556,CUST20275,02 May 2024,15/05/2024,CONSUMER DURABLE LOAN,60920,6,20.16,"INR 38,592",self-employed,15.3,714,  Ahmedabad  ,Gujarat,Tier 2,2,Y,1-30,0
APP100814,CUST21854,2024-06-26,27-06-2024,BNPL,10774,1,16.49,31357,salaried,11.2,631,Mumbai,Maharashtra,Tier 1,1,Y,90+,1
APP102554,CUST20900,23 Jul 2025,06/08/2025,Personal Loan,218411,24,21.86,16132,Self-Employed,3.3,652,Coimbatore,Tamil Nadu,Tier 2,4,Y,90+,1
APP101772,CUST21804,20/04/2025,04-05-2025,Two-Wheeler Loan,129340,24,15.77,32572,  Self-Employed  ,12.1,689,nagpur,Maharashtra,Tier 2,0,N,0 (Current),0
APP101475,CUST21163,11 Jul 2025,12 Jul 2025,  Personal Loan  ,301906,60,20.02,,self-employed,,789,Patna,Bihar,Tier 3,0,N,90+,1
APP100319,CUST21223,2025-11-03,14/11/2025,CONSUMER DURABLE LOAN,33892,3,17.76,18050,Salaried,0.2,667,  Hyderabad  ,Telangana,Tier 1,3,N,90+,1
APP101412,CUST22140,13/01/2024,2024-02-02,BNPL,17405,6,6.85,59912,Salaried,16.9,793,Lucknow,Uttar Pradesh,Tier 2,4,Y,90+,1
APP100935,CUST21175,2024-09-02,11-09-2024,Two-Wheeler Loan,64937,36,14.75,"INR 230,011",  Salaried  ,6.0,793,indore,Madhya Pradesh,Tier 2,3,Y,0 (Current),0
APP100818,CUST20128,2024-04-11,23-04-2024,personal loan,290777,48,22.39,42978,Salaried,11.2,726,  Nagpur  ,Maharashtra,Tier 2,0,Y,0 (Current),0
APP101175,CUST20780,24/02/2024,2024-03-04,  Gold Loan  ,20853,9,11.43,"INR 91,241",Salaried,7.5,759,CHENNAI,Tamil Nadu,Tier 1,0,Y,61-90,1
APP100769,CUST20066,01 Jun 2025,15-06-2025,Gold Loan,26541,9,11.45,"INR 18,610",Salaried,1.4,605,patna,Bihar,Tier 3,0,Y,0 (Current),0
APP100101,CUST20121,18-09-2024,21-09-2024,Two-Wheeler Loan,50101,36,13.28,,SALARIED,12.8,656,CHENNAI,Tamil Nadu,Tier 1,1,Y,1-30,0
APP100664,CUST21402,01 Jan 2024,06-01-2024,TWO-WHEELER LOAN,67724,24,13.25,"34,143",SELF-EMPLOYED,13.0,628,chennai,Tamil Nadu,Tier 1,1,Y,0 (Current),0
APP102329,CUST20108,09/09/2025,,BNPL,24052,3,15.19,47736,self-employed,12.1,631,  Chennai  ,Tamil Nadu,Tier 1,0,N,0 (Current),0
APP101675,CUST21047,02 May 2024,,Consumer Durable Loan,64068,3,15.58,"INR 32,572",salaried,14.9,650,  Delhi  ,Delhi,Tier 1,4,Y,0 (Current),0
APP102306,CUST21125,2025-03-23,10-04-2025,Consumer Durable Loan,19128,3,17.6,"INR 109,206",salaried,17.6,824,Mumbai,Maharashtra,Tier 1,1,Y,0 (Current),0
APP102389,CUST20416,2024-10-09,2024-10-14,PERSONAL LOAN,169241,12,17.45,26614,Salaried,15.2,762,Indore,Madhya Pradesh,Tier 2,1,Y,0 (Current),0
APP101420,CUST20476,2025-12-17,18-12-2025,Gold Loan,84823,6,10.08,31209,  Salaried  ,3.1,653,GUWAHATI,Assam,Tier 3,0,Y,0 (Current),0
APP100833,CUST21111,2025-01-04,2025-01-15,two-wheeler loan,110247,18,13.86,136606,Self-Employed,2.5,723,  Coimbatore  ,Tamil Nadu,Tier 2,4,N,0 (Current),0
APP101686,CUST21658,03 Jul 2024,08/07/2024,Consumer Durable Loan,17343,3,13.69,32711,SALARIED,3.4,742,chennai,Tamil Nadu,Tier 1,1,Y,0 (Current),0
APP101969,CUST20230,2025-10-09,,BNPL,7530,3,16.9,49607,Self-Employed,13.7,726,  Chennai  ,Tamil Nadu,Tier 1,2,Y,0 (Current),0
APP100836,CUST20051,21 May 2024,24 May 2024,  Consumer Durable Loan  ,51940,9,21.19,18198,SALARIED,17.3,608,HYDERABAD,Telangana,Tier 1,0,Y,90+,1
APP102084,CUST20234,25-12-2025,30/12/2025,consumer durable loan,10687,3,14.42,31636,SELF-EMPLOYED,0.2,605,CHENNAI,Tamil Nadu,Tier 1,1,Y,1-30,0
APP102217,CUST21071,09 Jul 2024,27/07/2024,gold loan,103064,12,11.03,"INR 205,995",Salaried,10.3,769,chennai,Tamil Nadu,Tier 1,2,Y,0 (Current),0
APP101946,CUST21373,2025-09-27,,personal loan,266665,48,18.41,88632,SALARIED,15.1,770,Nagpur,Maharashtra,Tier 2,3,Y,0 (Current),0
APP100379,CUST20963,26/01/2025,31-01-2025,Personal Loan,358407,48,17.0,45347,SELF-EMPLOYED,15.1,727,Nagpur,Maharashtra,Tier 2,3,N,0 (Current),0
APP100212,CUST20178,29-11-2024,2024-12-06,Consumer Durable Loan,23212,3,21.06,23804,salaried,14.1,592,  Delhi  ,Delhi,Tier 1,2,Y,0 (Current),0
APP100174,CUST21339,10 Dec 2024,11 Dec 2024,Gold Loan,95399,12,9.86,29297,SELF-EMPLOYED,17.5,718,Ahmedabad,Gujarat,Tier 2,1,Y,90+,1
APP100561,CUST20679,12 Apr 2025,2025-04-16,TWO-WHEELER LOAN,89265,24,15.15,61798,self-employed,13.8,661,Hyderabad,Telangana,Tier 1,2,Y,90+,1
APP100435,CUST21480,02/05/2024,03-05-2024,Consumer Durable Loan,51648,6,19.1,"32,039",Salaried,8.4,671,Agra,Uttar Pradesh,Tier 3,2,N,0 (Current),0
APP101260,CUST22258,04-10-2025,2025-10-15,personal loan,162754,12,19.01,"INR 17,584",Salaried,14.4,653,patna,Bihar,Tier 3,1,N,90+,1
APP102253,CUST20052,02 Dec 2024,2024-12-19,bnpl,2310,3,3.48,"28,797",Salaried,13.8,693,BANGALORE,Karnataka,Tier 1,2,Y,90+,1
APP100708,CUST20684,01 Apr 2024,18-04-2024,Two-Wheeler Loan,95735,36,13.93,43911,SALARIED,5.7,,Patna,Bihar,Tier 3,0,Y,0 (Current),0
APP101862,CUST22229,03/11/2025,12 Nov 2025,personal loan,476370,48,17.45,,Salaried,0.1,697,Jaipur,Rajasthan,Tier 2,0,Y,1-30,0
APP100533,CUST20561,01/12/2024,17-12-2024,BNPL,19398,3,1.35,85030,salaried,15.3,751,nagpur,Maharashtra,Tier 2,0,Y,0 (Current),0
APP101199,CUST20324,23 Apr 2025,13/05/2025,GOLD LOAN,109350,12,11.87,"INR 63,967",Salaried,14.8,699,Ahmedabad,Gujarat,Tier 2,0,Y,0 (Current),0
APP102290,CUST21251,04-12-2025,2025-12-23,GOLD LOAN,141077,6,11.89,76899,Salaried,9.1,827,Nagpur,Maharashtra,Tier 2,0,Y,90+,1
APP100107,CUST21359,13/10/2024,01 Nov 2024,  BNPL  ,14943,3,0.53,"INR 126,638",SALARIED,10.3,769,DELHI,Delhi,Tier 1,0,Y,0 (Current),0
APP102001,CUST20887,11/07/2024,2024-07-21,PERSONAL LOAN,249171,36,20.8,"INR 106,291",SELF-EMPLOYED,8.4,718,NAGPUR,Maharashtra,Tier 2,0,Y,0 (Current),0
APP101304,CUST20549,29 Jul 2025,06 Aug 2025,Consumer Durable Loan,43244,3,21.0,100345,Salaried,10.2,697,  Nagpur  ,Maharashtra,Tier 2,4,Y,0 (Current),0
APP100614,CUST20765,03/02/2025,11/02/2025,BNPL,24739,6,8.53,"18,493",self-employed,7.7,593,Delhi,Delhi,Tier 1,1,Y,90+,1
APP100689,CUST20931,26 Apr 2024,08-05-2024,two-wheeler loan,90510,18,12.07,"INR 74,149",Salaried,15.7,635,DELHI,Delhi,Tier 1,0,Y,31-60,0
APP101135,CUST20151,10 Oct 2024,26/10/2024,CONSUMER DURABLE LOAN,38357,3,14.64,38012,SALARIED,,673,agra,Uttar Pradesh,Tier 3,0,Y,31-60,0
APP101372,CUST21938,2025-07-23,2025-08-05,Personal Loan,413185,36,17.62,"INR 167,788",SALARIED,10.8,794,pune,Maharashtra,Tier 1,0,Y,0 (Current),0
APP100955,CUST22157,20 Feb 2025,12 Mar 2025,Personal Loan,442268,12,21.9,85256,Salaried,,711,Hyderabad,Telangana,Tier 1,0,Y,0 (Current),0
APP101365,CUST20843,28 Jun 2025,30-06-2025,gold loan,85235,9,10.35,"INR 29,738",  Self-Employed  ,12.2,736,COIMBATORE,Tamil Nadu,Tier 2,0,Y,0 (Current),0
APP100975,CUST20045,2024-01-26,2024-02-03,BNPL,6539,3,17.15,"15,809",self-employed,4.5,617,Pune,Maharashtra,Tier 1,0,Y,0 (Current),0
APP100516,CUST21436,10-03-2024,2024-03-15,BNPL,20075,3,0.73,"INR 39,202",SALARIED,5.3,610,pune,Maharashtra,Tier 1,4,Y,0 (Current),0
APP101869,CUST20283,31/10/2024,12 Nov 2024,Personal Loan,287833,60,23.74,"202,030",  Salaried  ,2.6,759,MUMBAI,Maharashtra,Tier 1,2,Y,0 (Current),0
APP101172,CUST21859,10 Apr 2025,,Personal Loan,176853,48,20.29,38795,Salaried,2.5,681,Chennai,Tamil Nadu,Tier 1,1,N,0 (Current),0
APP101074,CUST21843,29-10-2024,17/11/2024,consumer durable loan,64556,9,17.16,60100,Salaried,5.7,758,Ahmedabad,Gujarat,Tier 2,3,Y,0 (Current),0
APP101749,CUST21902,2025-07-26,,PERSONAL LOAN,467750,60,23.61,"INR 28,458",salaried,0.2,623,CHENNAI,Tamil Nadu,Tier 1,1,Y,0 (Current),0
APP100421,CUST20892,05 Apr 2025,2025-04-05,Gold Loan,102984,12,10.77,53836,Self-Employed,12.0,662,PUNE,Maharashtra,Tier 1,3,Y,1-30,0
APP100149,CUST21931,2025-08-27,31 Aug 2025,BNPL,7959,6,11.87,"INR 21,730",SALARIED,14.3,652,Ranchi,Jharkhand,Tier 3,0,Y,90+,1
APP102214,CUST20778,19-05-2025,2025-06-01,Two-Wheeler Loan,69789,12,11.39,36397,salaried,14.5,652,JODHPUR,Rajasthan,Tier 3,2,Y,90+,1
APP100048,CUST21896,2024-04-15,17 Apr 2024,Gold Loan,62143,12,11.4,196772,Self-Employed,14.6,752,jaipur,Rajasthan,Tier 2,0,N,1-30,0
APP101768,CUST20500,16-08-2025,2025-09-02,bnpl,20452,6,3.17,56956,Salaried,7.4,773,Ahmedabad,Gujarat,Tier 2,0,Y,0 (Current),0
APP100293,CUST22332,10-03-2024,2024-03-22,CONSUMER DURABLE LOAN,25423,9,14.58,198626,SALARIED,11.4,787,delhi,Delhi,Tier 1,4,Y,0 (Current),0
APP100777,CUST22162,2024-01-02,,  Personal Loan  ,454959,60,23.21,78396,  Salaried  ,,,Jaipur,Rajasthan,Tier 2,2,Y,0 (Current),0
APP102080,CUST20180,07-11-2024,11/11/2024,Two-Wheeler Loan,110763,24,14.11,18937,Salaried,9.9,676,Hyderabad,Telangana,Tier 1,2,Y,1-30,0
APP101066,CUST20195,2024-03-22,08-04-2024,Two-Wheeler Loan,107318,36,12.88,30296,Self-Employed,11.2,702,AGRA,Uttar Pradesh,Tier 3,1,Y,0 (Current),0
APP100670,CUST21059,06/03/2025,12-03-2025,consumer durable loan,10251,6,14.31,52420,SALARIED,4.9,724,CHENNAI,Tamil Nadu,Tier 1,0,Y,0 (Current),0
APP101600,CUST21253,12/11/2025,2025-11-22,TWO-WHEELER LOAN,50681,36,14.16,"41,934",Salaried,3.8,,Coimbatore,Tamil Nadu,Tier 2,0,Y,0 (Current),0
APP102263,CUST21191,22/12/2024,2025-01-07,PERSONAL LOAN,321693,24,17.72,92614,salaried,11.9,-100,ranchi,Jharkhand,Tier 3,3,Y,0 (Current),0
APP101597,CUST21642,28 Sep 2025,18-10-2025,personal loan,230042,36,16.61,181994,Salaried,0.8,735,Chennai,Tamil Nadu,Tier 1,0,Y,0 (Current),0
APP100160,CUST22206,28-05-2024,10-06-2024,BNPL,16645,1,6.86,98273,salaried,9.2,734,Delhi,Delhi,Tier 1,0,Y,0 (Current),0
APP100444,CUST20975,2024-09-26,12/10/2024,personal loan,478337,60,18.06,43747,Salaried,15.4,763,Delhi,Delhi,Tier 1,4,Y,0 (Current),0
APP102485,CUST20314,28 Dec 2024,2024-12-29,Two-Wheeler Loan,85247,18,11.83,,SALARIED,11.5,742,PUNE,Maharashtra,Tier 1,0,Y,0 (Current),0
APP101977,CUST22065,10 Jul 2025,,Personal Loan,98947,48,18.8,"INR 30,723",SELF-EMPLOYED,2.8,679,AHMEDABAD,Gujarat,Tier 2,0,Y,0 (Current),0
APP100726,CUST20011,18 Aug 2025,01-09-2025,Gold Loan,39958,6,10.06,231463,salaried,10.2,780,Mumbai,Maharashtra,Tier 1,1,Y,31-60,0
APP102370,CUST20482,25 Dec 2024,11 Jan 2025,two-wheeler loan,48680,18,13.64,15243,  Self-Employed  ,17.9,629,Chennai,Tamil Nadu,Tier 1,0,Y,90+,1
APP102379,CUST20341,10 Mar 2025,11 Mar 2025,Two-Wheeler Loan,83907,18,15.75,128371,SALARIED,14.1,793,Nagpur,Maharashtra,Tier 2,4,Y,0 (Current),0
APP102112,CUST22214,23-06-2024,,Consumer Durable Loan,23574,9,14.97,,  Self-Employed  ,14.5,739,Hyderabad,Telangana,Tier 1,2,Y,0 (Current),0
,,,,,,,,,,,,,,,,,,
APP102494,CUST20633,09 May 2025,2025-05-19,CONSUMER DURABLE LOAN,37439,3,19.95,17163,self-employed,13.0,665,mumbai,Maharashtra,Tier 1,1,Y,0 (Current),0
APP101282,CUST21679,30 Mar 2024,03/04/2024,Consumer Durable Loan,69342,12,13.15,184408,SELF-EMPLOYED,,770,Lucknow,Uttar Pradesh,Tier 2,1,Y,90+,1
APP102134,CUST22243,20 Dec 2025,23 Dec 2025,personal loan,424992,24,23.6,"68,838",Salaried,3.8,733,Indore,Madhya Pradesh,Tier 2,0,N,0 (Current),0
APP101581,CUST20085,20/08/2025,06/09/2025,personal loan,326964,24,21.29,"34,877",salaried,11.5,678,lucknow,Uttar Pradesh,Tier 2,2,Y,0 (Current),0
APP101242,CUST21014,29 Nov 2025,2025-12-18,gold loan,77326,12,10.5,40697,Self-Employed,12.8,656,Indore,Madhya Pradesh,Tier 2,1,Y,0 (Current),0
APP102132,CUST21519,12 Jan 2025,24 Jan 2025,bnpl,15160,3,7.83,127435,Salaried,17.2,769,LUCKNOW,Uttar Pradesh,Tier 2,1,Y,0 (Current),0
APP100957,CUST22130,12 Aug 2024,28-08-2024,BNPL,10997,1,14.29,27456,self-employed,15.7,690,Coimbatore,Tamil Nadu,Tier 2,0,Y,0 (Current),0
APP101685,CUST21087,06 Apr 2025,14-04-2025,consumer durable loan,12309,9,13.1,46086,Salaried,11.9,689,Bangalore,Karnataka,Tier 1,2,Y,31-60,0
APP101403,CUST21398,2025-07-01,,Consumer Durable Loan,31235,9,17.43,"INR 100,635",Salaried,14.3,723,ranchi,Jharkhand,Tier 3,2,Y,0 (Current),0
APP101314,CUST20138,31/08/2025,15/09/2025,Personal Loan,268966,12,17.78,74759,SALARIED,12.2,723,  Hyderabad  ,Telangana,Tier 1,1,Y,0 (Current),0
APP101520,CUST21816,05/03/2025,12 Mar 2025,bnpl,17655,3,1.68,117913,SELF-EMPLOYED,2.7,702,Bangalore,Karnataka,Tier 1,2,Y,0 (Current),0
APP101349,CUST21842,05-11-2025,2025-11-14,Gold Loan,41996,12,12.38,36120,  Self-Employed  ,4.9,743,Mumbai,Maharashtra,Tier 1,0,Y,0 (Current),0
APP101810,CUST20054,27-02-2025,09/03/2025,Two-Wheeler Loan,145266,24,13.08,"25,556",self-employed,8.0,601,Bangalore,Karnataka,Tier 1,1,Y,0 (Current),0
APP100412,CUST22275,2025-12-24,30 Dec 2025,Two-Wheeler Loan,91648,18,15.56,"INR 40,642",Salaried,1.8,654,ranchi,Jharkhand,Tier 3,2,Y,61-90,1
APP101198,CUST22257,15-04-2025,,bnpl,20892,1,16.34,44575,self-employed,3.0,657,Chennai,Tamil Nadu,Tier 1,1,Y,0 (Current),0
APP102517,CUST20749,24/12/2025,25/12/2025,bnpl,7643,3,6.43,22422,SALARIED,0.9,616,  Mumbai  ,Maharashtra,Tier 1,4,N,61-90,1
APP100976,CUST20339,2024-06-15,2024-06-17,CONSUMER DURABLE LOAN,41255,12,18.17,"INR 28,381",Self-Employed,1.5,652,Mumbai,Maharashtra,Tier 1,2,Y,0 (Current),0
APP102317,CUST21139,06 Aug 2024,2024-08-14,Consumer Durable Loan,78332,9,14.91,"65,906",  Self-Employed  ,13.6,808,Agra,Uttar Pradesh,Tier 3,1,Y,0 (Current),0
APP100167,CUST21019,21-12-2024,02 Jan 2025,Personal Loan,387942,24,21.01,"22,576",Self-Employed,11.3,640,Delhi,Delhi,Tier 1,0,Y,0 (Current),0
APP101332,CUST22287,15-10-2024,2024-10-22,two-wheeler loan,86607,18,14.95,"22,149",salaried,3.8,630,Delhi,Delhi,Tier 1,2,Y,90+,1
APP101177,CUST22306,04/08/2024,04/08/2024,BNPL,21322,1,13.94,78737,Self-Employed,13.0,698,Bangalore,Karnataka,Tier 1,0,Y,0 (Current),0
APP101812,CUST21752,24/05/2024,2024-06-04,Consumer Durable Loan,12657,3,20.81,118111,salaried,4.5,735,  Hyderabad  ,Telangana,Tier 1,1,Y,0 (Current),0
APP101767,CUST20035,14/05/2025,25 May 2025,Consumer Durable Loan,33602,9,20.75,"INR 74,321",Salaried,6.2,738,  Mumbai  ,Maharashtra,Tier 1,1,Y,0 (Current),0
APP100342,CUST21481,11/03/2024,2024-03-25,BNPL,24402,3,4.86,147974,Salaried,15.6,755,COIMBATORE,Tamil Nadu,Tier 2,1,Y,0 (Current),0
APP102520,CUST20909,17 Dec 2025,22-12-2025,PERSONAL LOAN,482289,36,20.42,34375,Self-Employed,2.7,,Ahmedabad,Gujarat,Tier 2,1,Y,0 (Current),0
APP101145,CUST21583,25 Oct 2024,02 Nov 2024,Gold Loan,38501,9,10.94,79014,Self-Employed,0.8,725,BANGALORE,Karnataka,Tier 1,1,Y,0 (Current),0
APP101564,CUST20676,2025-12-01,,BNPL,17472,6,8.94,88809,SALARIED,6.4,,coimbatore,Tamil Nadu,Tier 2,0,Y,0 (Current),0
APP101992,CUST21137,12-12-2025,19/12/2025,Two-Wheeler Loan,113941,18,15.31,"INR 125,122",salaried,12.4,874,Jodhpur,Rajasthan,Tier 3,0,Y,0 (Current),0
APP100466,CUST21795,13 Sep 2024,2024-10-03,Gold Loan,115015,9,9.68,"INR 24,403",self-employed,17.5,757,Nagpur,Maharashtra,Tier 2,0,N,0 (Current),0
APP102358,CUST20147,2024-10-24,04-11-2024,BNPL,18220,6,4.07,42566,SELF-EMPLOYED,16.9,674,Ahmedabad,Gujarat,Tier 2,2,Y,0 (Current),0
APP101243,CUST20803,19-02-2024,05/03/2024,BNPL,5831,3,17.39,110172,Salaried,7.8,704,Hyderabad,Telangana,Tier 1,1,Y,1-30,0
APP102013,CUST20026,31-03-2024,07 Apr 2024,BNPL,14602,6,2.34,84230,Self-Employed,11.7,715,pune,Maharashtra,Tier 1,1,N,0 (Current),0
APP100277,CUST21466,26-07-2025,01/08/2025,CONSUMER DURABLE LOAN,56343,3,17.66,84544,Salaried,5.6,732,Chennai,Tamil Nadu,Tier 1,0,Y,0 (Current),0
APP102184,CUST21263,2024-01-25,08/02/2024,PERSONAL LOAN,229250,12,22.52,245554,SALARIED,13.1,772,Patna,Bihar,Tier 3,0,Y,0 (Current),0
APP102495,CUST20004,01/06/2024,14 Jun 2024,TWO-WHEELER LOAN,141902,24,14.42,23795,SELF-EMPLOYED,0.1,,  Hyderabad  ,Telangana,Tier 1,0,Y,0 (Current),0
APP100416,CUST21214,2024-02-07,24 Feb 2024,  Personal Loan  ,220200,36,20.36,"INR 19,378",Salaried,6.4,629,Coimbatore,Tamil Nadu,Tier 2,1,Y,0 (Current),0
APP100734,CUST21202,06/11/2024,10/11/2024,Personal Loan,57887,12,18.13,"INR 118,411",salaried,1.1,732,ahmedabad,Gujarat,Tier 2,3,Y,0 (Current),0
APP101657,CUST21410,2024-03-09,22-03-2024,Consumer Durable Loan,22124,12,20.58,29262,Salaried,13.7,755,Chennai,Tamil Nadu,Tier 1,2,Y,0 (Current),0
APP100337,CUST22310,2024-05-12,28-05-2024,Personal Loan,236986,36,23.59,"INR 46,575",Salaried,17.0,694,RAIPUR,Chhattisgarh,Tier 3,1,Y,0 (Current),0
APP102223,CUST21731,23-11-2024,28-11-2024,  Personal Loan  ,126161,48,22.94,"INR 23,299",Salaried,13.4,663,  Nagpur  ,Maharashtra,Tier 2,0,Y,0 (Current),0
APP100188,CUST20047,2024-01-30,14 Feb 2024,CONSUMER DURABLE LOAN,8803,3,19.17,45748,Self-Employed,9.1,665,Lucknow,Uttar Pradesh,Tier 2,0,Y,0 (Current),0
APP100189,CUST20230,01/07/2025,20/07/2025,Two-Wheeler Loan,83479,24,11.33,"INR 35,339",SALARIED,0.3,716,Patna,Bihar,Tier 3,0,Y,0 (Current),0
APP101802,CUST20985,25/02/2024,15/03/2024,BNPL,4305,1,13.71,35178,Self-Employed,7.8,674,Ranchi,Jharkhand,Tier 3,3,Y,90+,1
APP100911,CUST22168,09 Jul 2024,2024-07-23,Consumer Durable Loan,42018,9,16.78,109632,self-employed,14.4,684,Hyderabad,Telangana,Tier 1,0,Y,0 (Current),0
APP100783,CUST21573,09 Sep 2025,19 Sep 2025,Personal Loan,230749,48,20.1,21293,SELF-EMPLOYED,7.3,546,pune,Maharashtra,Tier 1,1,Y,0 (Current),0
APP102007,CUST22197,17-10-2025,02/11/2025,BNPL,22382,6,17.78,18864,Self-Employed,14.6,605,Hyderabad,Telangana,Tier 1,1,Y,90+,1
APP101569,CUST20803,05/02/2025,2025-02-05,  Personal Loan  ,256981,60,22.05,50892,SALARIED,17.5,,coimbatore,Tamil Nadu,Tier 2,1,Y,0 (Current),0
APP100776,CUST22173,11 Dec 2025,28-12-2025,bnpl,23583,1,14.61,"INR 150,409",Salaried,9.2,818,delhi,Delhi,Tier 1,2,Y,0 (Current),0
APP100425,CUST21084,08/10/2024,17/10/2024,Gold Loan,119218,9,10.87,"INR 47,428",Salaried,12.8,710,Delhi,Delhi,Tier 1,1,Y,0 (Current),0
APP100952,CUST21482,05/12/2024,20 Dec 2024,Personal Loan,435570,48,18.74,"INR 43,377",Salaried,6.5,700,Bangalore,Karnataka,Tier 1,1,Y,0 (Current),0
APP101218,CUST21149,2025-03-13,25 Mar 2025,bnpl,20530,3,4.76,61013,Salaried,5.1,774,nagpur,Maharashtra,Tier 2,1,N,0 (Current),0
APP101814,CUST20245,30/03/2025,14 Apr 2025,Two-Wheeler Loan,50123,18,12.73,"INR 88,158",SALARIED,6.5,728,Indore,Madhya Pradesh,Tier 2,0,Y,0 (Current),0
APP101480,CUST21222,13-04-2025,,  Personal Loan  ,424385,24,17.4,37665,Self-Employed,11.6,677,RANCHI,Jharkhand,Tier 3,2,Y,1-30,0
APP101423,CUST21066,12/09/2024,2024-09-27,BNPL,7587,1,2.51,"INR 64,351",self-employed,,703,hyderabad,Telangana,Tier 1,3,Y,0 (Current),0
APP102462,CUST21537,2025-05-02,09 May 2025,personal loan,330218,24,17.22,15078,Salaried,14.6,689,Jodhpur,Rajasthan,Tier 3,2,Y,0 (Current),0
APP101829,CUST21456,10 Apr 2025,21 Apr 2025,  BNPL  ,20436,6,3.39,26332,Salaried,,780,coimbatore,Tamil Nadu,Tier 2,0,Y,0 (Current),0
APP101801,CUST21822,16 Apr 2025,01 May 2025,Gold Loan,31085,9,13.24,14850,Self-Employed,,645,pune,Maharashtra,Tier 1,0,N,0 (Current),0
APP102200,CUST20168,22/11/2024,09-12-2024,BNPL,12453,6,14.59,179154,SALARIED,,746,Bangalore,Karnataka,Tier 1,2,Y,0 (Current),0
APP101646,CUST21828,2025-06-14,22 Jun 2025,Personal Loan,322350,48,14.63,"INR 108,518",salaried,16.3,744,Mumbai,Maharashtra,Tier 1,3,Y,0 (Current),0
APP101909,CUST21670,2024-11-04,16 Nov 2024,PERSONAL LOAN,179669,24,23.34,"INR 34,832",Salaried,14.5,661,PATNA,Bihar,Tier 3,1,Y,0 (Current),0
APP100544,CUST21228,2024-06-10,13/06/2024,Personal Loan,68417,60,15.75,21812,Self-Employed,6.8,635,Patna,Bihar,Tier 3,2,Y,90+,1
APP100196,CUST22177,19-08-2025,31/08/2025,Consumer Durable Loan,47917,12,19.46,59653,SALARIED,12.3,719,CHENNAI,Tamil Nadu,Tier 1,3,Y,61-90,1
APP100725,CUST20040,19-01-2024,31-01-2024,Personal Loan,57625,36,23.03,134737,Self-Employed,16.9,806,DELHI,Delhi,Tier 1,0,N,0 (Current),0
APP102122,CUST20101,04 Jan 2025,10/01/2025,Two-Wheeler Loan,61218,24,15.82,"INR 51,312",salaried,11.8,612,coimbatore,Tamil Nadu,Tier 2,0,Y,31-60,0
APP101774,CUST20079,2025-01-29,01/02/2025,CONSUMER DURABLE LOAN,61707,9,16.12,29850,salaried,17.1,762,Ahmedabad,Gujarat,Tier 2,2,Y,0 (Current),0
APP102025,CUST20117,29-08-2024,05-09-2024,BNPL,18431,6,11.58,16566,Self-Employed,5.9,678,Chennai,Tamil Nadu,Tier 1,0,N,90+,1
APP101878,CUST21599,14 Aug 2025,22-08-2025,Two-Wheeler Loan,108730,24,12.95,77195,SELF-EMPLOYED,10.6,731,jaipur,Rajasthan,Tier 2,1,Y,0 (Current),0
APP101949,CUST21213,17-06-2025,23/06/2025,Consumer Durable Loan,8432,3,14.13,"INR 90,999",Salaried,5.8,757,BANGALORE,Karnataka,Tier 1,1,Y,0 (Current),0
APP101788,CUST20998,08 Jun 2025,13/06/2025,Two-Wheeler Loan,80805,12,12.46,89270,Salaried,5.4,,PATNA,Bihar,Tier 3,1,Y,0 (Current),0
APP101236,CUST22145,2025-09-10,2025-09-18,consumer durable loan,55388,6,18.65,107734,Salaried,4.9,737,Delhi,Delhi,Tier 1,0,Y,0 (Current),0
APP101753,CUST21622,02 Oct 2024,16-10-2024,PERSONAL LOAN,486330,12,21.61,26371,salaried,15.2,772,Jaipur,Rajasthan,Tier 2,2,Y,0 (Current),0
APP102274,CUST20098,2024-09-20,25-09-2024,Personal Loan,117000,12,17.16,22660,Salaried,11.0,,AHMEDABAD,Gujarat,Tier 2,4,Y,0 (Current),0
APP100092,CUST20904,2025-07-10,11 Jul 2025,TWO-WHEELER LOAN,141259,36,13.75,42617,Salaried,14.1,723,  Chennai  ,Tamil Nadu,Tier 1,0,Y,0 (Current),0
APP100089,CUST20472,17-10-2025,2025-10-23,personal loan,141463,60,15.6,23082,Self-Employed,17.7,576,Mumbai,Maharashtra,Tier 1,0,Y,0 (Current),0
APP101571,CUST20870,28-06-2025,15 Jul 2025,PERSONAL LOAN,249638,12,21.91,"INR 142,558",Self-Employed,5.1,798,Delhi,Delhi,Tier 1,1,Y,0 (Current),0
APP100152,CUST21411,14 Dec 2025,14 Dec 2025,CONSUMER DURABLE LOAN,-29206,3,14.93,28956,self-employed,13.5,713,Coimbatore,Tamil Nadu,Tier 2,1,Y,0 (Current),0
APP100496,CUST21256,27 Nov 2025,30-11-2025,BNPL,2770,1,0.56,31857,salaried,1.7,708,Bangalore,Karnataka,Tier 1,0,Y,90+,1
APP102327,CUST22177,06/11/2025,2025-11-06,Personal Loan,290918,24,15.18,112755,SELF-EMPLOYED,12.5,774,CHENNAI,Tamil Nadu,Tier 1,1,Y,0 (Current),0
APP102464,CUST20984,25-05-2024,2024-06-01,Two-Wheeler Loan,135986,36,12.07,36281,Self-Employed,1.5,627,Hyderabad,Telangana,Tier 1,0,N,0 (Current),0
APP102461,CUST21485,07-11-2024,15-11-2024,TWO-WHEELER LOAN,93485,36,12.74,42899,Self-Employed,13.3,741,HYDERABAD,Telangana,Tier 1,3,Y,0 (Current),0
APP100611,CUST20740,22-07-2025,04/08/2025,bnpl,3457,3,2.04,50722,self-employed,,,Mumbai,Maharashtra,Tier 1,2,Y,0 (Current),0
APP102270,CUST21006,15 Apr 2024,04-05-2024,BNPL,18037,3,17.28,51012,salaried,3.4,658,  Delhi  ,Delhi,Tier 1,2,Y,0 (Current),0
APP102185,CUST20898,29-11-2025,10/12/2025,bnpl,22221,6,11.85,"INR 187,422",SALARIED,4.3,830,RAIPUR,Chhattisgarh,Tier 3,0,Y,0 (Current),0
APP101463,CUST21166,11/04/2025,11-04-2025,BNPL,3890,3,8.46,84725,Self-Employed,13.5,789,  Chennai  ,Tamil Nadu,Tier 1,1,N,0 (Current),0
APP101038,CUST20585,22 Dec 2024,28-12-2024,TWO-WHEELER LOAN,86746,36,15.56,"INR 28,411",salaried,7.0,662,PUNE,Maharashtra,Tier 1,0,Y,31-60,0
APP101296,CUST20478,17 Jan 2025,19 Jan 2025,Personal Loan,119048,36,23.06,18392,Salaried,7.5,680,Ranchi,Jharkhand,Tier 3,3,Y,0 (Current),0
APP102260,CUST20926,2024-09-08,2024-09-08,gold loan,34810,9,13.01,242190,SALARIED,1.3,724,  Chennai  ,Tamil Nadu,Tier 1,1,Y,0 (Current),0
APP102345,CUST20075,25/03/2024,07-04-2024,TWO-WHEELER LOAN,141162,36,12.52,50360,  Self-Employed  ,13.4,705,Coimbatore,Tamil Nadu,Tier 2,0,Y,0 (Current),0
APP102519,CUST20257,18/04/2025,26-04-2025,Two-Wheeler Loan,101823,24,11.81,34742,Salaried,4.2,647,coimbatore,Tamil Nadu,Tier 2,2,Y,61-90,1
APP101190,CUST20939,21/02/2024,23-02-2024,bnpl,10493,3,12.33,"INR 27,858",SELF-EMPLOYED,16.7,812,Chennai,Tamil Nadu,Tier 1,2,N,0 (Current),0
APP100650,CUST20692,01-11-2025,04 Nov 2025,Personal Loan,462001,48,20.65,28850,Salaried,17.4,696,  Hyderabad  ,Telangana,Tier 1,3,Y,0 (Current),0
APP101524,CUST21210,2024-10-30,,Personal Loan,355158,48,23.38,"29,637",Self-Employed,13.4,715,  Mumbai  ,Maharashtra,Tier 1,0,N,0 (Current),0
APP101706,CUST20316,21-08-2024,22 Aug 2024,GOLD LOAN,146642,6,11.99,15461,SALARIED,11.8,627,indore,Madhya Pradesh,Tier 2,0,Y,0 (Current),0
APP101305,CUST21393,08/01/2025,20-01-2025,CONSUMER DURABLE LOAN,53439,12,19.7,73667,  Self-Employed  ,1.6,695,Mumbai,Maharashtra,Tier 1,0,Y,0 (Current),0
APP102150,CUST21173,11-10-2024,27/10/2024,PERSONAL LOAN,479175,12,23.94,"INR 16,310",salaried,9.8,704,Hyderabad,Telangana,Tier 1,2,Y,1-30,0
APP102145,CUST20785,2024-05-15,,gold loan,127101,6,13.2,64920,Salaried,1.1,715,ranchi,Jharkhand,Tier 3,3,Y,0 (Current),0
APP101195,CUST20700,2025-05-03,08/05/2025,bnpl,6108,1,15.87,"INR 30,998",Salaried,16.8,771,  Agra  ,Uttar Pradesh,Tier 3,1,Y,0 (Current),0
APP102478,CUST22219,20-08-2025,23 Aug 2025,TWO-WHEELER LOAN,131709,36,15.01,"INR 32,512",Salaried,15.1,594,AGRA,Uttar Pradesh,Tier 3,2,Y,90+,1
APP101634,CUST21633,2025-10-25,06/11/2025,Consumer Durable Loan,66184,6,16.88,"INR 29,631",Salaried,3.0,661,Nagpur,Maharashtra,Tier 2,0,Y,31-60,0
APP102596,CUST20463,2025-01-11,2025-01-19,Consumer Durable Loan,22219,9,18.28,37565,Salaried,6.0,773,raipur,Chhattisgarh,Tier 3,0,Y,0 (Current),0
APP102011,CUST20147,29 Mar 2025,2025-03-30,BNPL,4013,3,7.37,34808,SALARIED,10.1,684,Patna,Bihar,Tier 3,4,Y,61-90,1
APP100414,CUST21728,22 Nov 2024,06 Dec 2024,Gold Loan,33291,12,12.95,"INR 38,291",self-employed,1.5,649,Delhi,Delhi,Tier 1,2,N,90+,1
APP101461,CUST20607,2024-07-28,12/08/2024,BNPL,2642,3,11.06,98566,Salaried,9.9,802,delhi,Delhi,Tier 1,2,Y,1-30,0
APP102445,CUST20364,2024-01-10,2024-01-11,BNPL,11811,3,5.92,"INR 15,877",Salaried,9.7,682,jaipur,Rajasthan,Tier 2,0,Y,0 (Current),0
APP102195,CUST20111,04/08/2025,09/08/2025,Two-Wheeler Loan,75891,36,11.26,33795,Salaried,7.3,655,NAGPUR,Maharashtra,Tier 2,0,Y,0 (Current),0
APP101626,CUST22317,2025-01-29,,personal loan,273381,48,18.71,"INR 22,673",Salaried,4.9,669,Lucknow,Uttar Pradesh,Tier 2,1,Y,0 (Current),0
APP100141,CUST21783,06-04-2025,,Personal Loan,88403,12,15.78,165234,Self-Employed,12.9,767,INDORE,Madhya Pradesh,Tier 2,2,Y,0 (Current),0
APP102123,CUST20506,15 Jul 2025,27/07/2025,BNPL,17791,1,13.68,60682,self-employed,8.9,663,Pune,Maharashtra,Tier 1,4,Y,0 (Current),0
APP100144,CUST21991,22/03/2025,01/04/2025,  BNPL  ,16034,1,0.09,44197,Self-Employed,10.2,775,Pune,Maharashtra,Tier 1,0,Y,0 (Current),0
APP102065,CUST22116,02-07-2024,04 Jul 2024,BNPL,20096,6,0.07,27249,  Salaried  ,4.7,718,  Delhi  ,Delhi,Tier 1,0,Y,0 (Current),0
APP101300,CUST20620,26-02-2025,04-03-2025,BNPL,24039,6,12.96,42697,Salaried,15.2,644,Mumbai,Maharashtra,Tier 1,0,Y,0 (Current),0
APP101250,CUST21094,27/02/2024,2024-03-12,  Two-Wheeler Loan  ,73145,18,11.78,28657,Self-Employed,14.3,658,Chennai,Tamil Nadu,Tier 1,2,N,0 (Current),0
APP101719,CUST20028,2025-10-06,11-10-2025,BNPL,18532,3,0.57,"52,222",Salaried,14.1,714,Indore,Madhya Pradesh,Tier 2,2,Y,0 (Current),0
APP100417,CUST22145,08 Mar 2025,28-03-2025,BNPL,22899,1,6.87,"20,350",Salaried,2.6,653,Jaipur,Rajasthan,Tier 2,3,Y,0 (Current),0
APP102171,CUST21972,27-08-2025,2025-09-06,Consumer Durable Loan,78635,6,19.89,39985,SALARIED,0.6,713,pune,Maharashtra,Tier 1,1,N,0 (Current),0
APP101262,CUST21897,26-04-2024,11 May 2024,Consumer Durable Loan,39255,9,21.92,25923,Self-Employed,5.3,,  Hyderabad  ,Telangana,Tier 1,2,Y,0 (Current),0
APP101240,CUST21251,13-07-2024,13/07/2024,BNPL,4874,3,4.45,"146,499",salaried,4.4,743,  Pune  ,Maharashtra,Tier 1,0,Y,1-30,0
APP100143,CUST21409,16 Jul 2025,18/07/2025,personal loan,487648,36,15.94,231603,salaried,2.9,,BANGALORE,Karnataka,Tier 1,3,Y,0 (Current),0
APP101411,CUST21081,2025-10-27,29-10-2025,BNPL,12403,6,0.96,66842,  Self-Employed  ,5.8,684,Delhi,Delhi,Tier 1,0,Y,0 (Current),0
APP100102,CUST20145,20 Nov 2025,21/11/2025,BNPL,12483,3,14.87,"179,869",SELF-EMPLOYED,4.5,791,jaipur,Rajasthan,Tier 2,1,N,0 (Current),0
APP100498,CUST21863,22/11/2025,08 Dec 2025,BNPL,16784,1,11.05,"INR 34,123",Self-Employed,5.6,624,Hyderabad,Telangana,Tier 1,0,Y,1-30,0
APP100447,CUST21229,05/09/2024,23-09-2024,two-wheeler loan,48757,12,14.78,"INR 35,566",SELF-EMPLOYED,13.2,706,Mumbai,Maharashtra,Tier 1,0,Y,0 (Current),0
APP100038,CUST20633,06-01-2025,23 Jan 2025,bnpl,3072,6,6.67,72319,Salaried,7.3,747,agra,Uttar Pradesh,Tier 3,1,Y,90+,1
APP100348,CUST20518,23-03-2025,27 Mar 2025,BNPL,20117,1,17.08,"INR 70,700",Salaried,13.7,825,AHMEDABAD,Gujarat,Tier 2,0,Y,90+,1
APP102403,CUST20136,13/08/2024,01/09/2024,PERSONAL LOAN,385463,60,16.72,36028,  Salaried  ,2.6,728,mumbai,Maharashtra,Tier 1,3,Y,0 (Current),0
APP101095,CUST20335,17 Nov 2025,27 Nov 2025,Two-Wheeler Loan,87610,24,11.86,232232,Salaried,1.1,772,GUWAHATI,Assam,Tier 3,1,Y,0 (Current),0
APP100264,CUST21674,26 Aug 2025,04-09-2025,CONSUMER DURABLE LOAN,57081,9,15.65,"INR 34,490",Salaried,2.8,693,Delhi,Delhi,Tier 1,0,Y,1-30,0
APP102109,CUST21980,2025-12-12,15-12-2025,Consumer Durable Loan,73835,3,21.76,18183,Salaried,1.8,591,  Patna  ,Bihar,Tier 3,1,N,90+,1
APP102523,CUST21843,05-03-2024,21 Mar 2024,BNPL,18333,6,12.26,26837,  Salaried  ,9.0,,Bangalore,Karnataka,Tier 1,0,Y,0 (Current),0
APP100637,CUST21392,21 Oct 2025,23/10/2025,Personal Loan,117704,48,19.95,"INR 41,133",Salaried,8.0,,Mumbai,Maharashtra,Tier 1,2,Y,90+,1
APP100697,CUST20485,07 Sep 2025,17/09/2025,PERSONAL LOAN,245224,12,14.48,15572,salaried,11.4,647,jaipur,Rajasthan,Tier 2,3,Y,0 (Current),0
APP100921,CUST22136,29-06-2024,05 Jul 2024,  Consumer Durable Loan  ,78566,12,14.22,23861,Self-Employed,11.9,658,INDORE,Madhya Pradesh,Tier 2,1,Y,0 (Current),0
APP100512,CUST20762,20-06-2024,22/06/2024,Two-Wheeler Loan,115053,18,12.44,"INR 42,057",SALARIED,15.7,615,Bangalore,Karnataka,Tier 1,1,Y,0 (Current),0
APP102522,CUST20753,2025-05-06,15 May 2025,GOLD LOAN,36817,6,10.85,38486,Salaried,12.0,693,guwahati,Assam,Tier 3,0,Y,0 (Current),0
APP100088,CUST22125,2024-04-17,21 Apr 2024,bnpl,21286,6,9.01,52243,Salaried,7.0,,JAIPUR,Rajasthan,Tier 2,0,N,1-30,0
APP100994,CUST21885,17/09/2025,2025-10-03,CONSUMER DURABLE LOAN,9670,3,18.71,29571,self-employed,17.3,950,Bangalore,Karnataka,Tier 1,1,N,0 (Current),0
APP101254,CUST20811,2025-04-28,13-05-2025,PERSONAL LOAN,125456,48,17.07,"INR 22,940",salaried,0.8,644,Pune,Maharashtra,Tier 1,0,Y,90+,1
APP102314,CUST20480,25-08-2024,,Consumer Durable Loan,46737,3,13.6,"INR 68,440",Salaried,3.3,745,JAIPUR,Rajasthan,Tier 2,1,N,0 (Current),0
APP101713,CUST21311,05-01-2025,05/01/2025,Personal Loan,207259,60,17.89,"INR 158,731",salaried,0.9,703,PATNA,Bihar,Tier 3,0,Y,0 (Current),0
APP102503,CUST20340,30 Aug 2024,07 Sep 2024,Personal Loan,305872,12,16.41,63382,salaried,16.1,,GUWAHATI,Assam,Tier 3,2,Y,0 (Current),0
APP100721,CUST20540,20-08-2025,2025-09-04,Personal Loan,358130,36,21.55,21509,Salaried,6.2,688,DELHI,Delhi,Tier 1,3,Y,0 (Current),0
APP101140,CUST20743,30 Sep 2024,2024-10-20,PERSONAL LOAN,316819,48,19.68,59168,  Salaried  ,12.1,734,coimbatore,Tamil Nadu,Tier 2,1,Y,0 (Current),0
APP100366,CUST21889,2025-03-06,06/03/2025,Gold Loan,86036,12,12.35,39317,salaried,9.5,643,Jaipur,Rajasthan,Tier 2,1,Y,0 (Current),0
APP101118,CUST20538,21-07-2025,,BNPL,16068,3,8.83,"INR 44,940",Self-Employed,14.9,617,Nagpur,Maharashtra,Tier 2,0,N,1-30,0
APP101370,CUST21703,21 Aug 2025,26-08-2025,two-wheeler loan,97759,36,13.34,16939,SELF-EMPLOYED,10.5,642,HYDERABAD,Telangana,Tier 1,0,Y,0 (Current),0
APP100426,CUST21208,2024-01-13,29/01/2024,Consumer Durable Loan,37873,3,20.66,83425,Salaried,5.3,708,Delhi,Delhi,Tier 1,1,Y,0 (Current),0
APP102152,CUST20466,11-04-2024,23-04-2024,BNPL,6112,6,17.33,18478,SELF-EMPLOYED,17.4,700,Ahmedabad,Gujarat,Tier 2,2,Y,0 (Current),0
APP101678,CUST21503,27/10/2025,2025-11-04,Personal Loan,295967,36,20.35,"INR 116,057",SALARIED,15.3,,HYDERABAD,Telangana,Tier 1,1,Y,1-30,0
APP101464,CUST21224,18/12/2024,22/12/2024,Consumer Durable Loan,58175,6,17.59,175323,self-employed,3.2,795,Ahmedabad,Gujarat,Tier 2,1,Y,0 (Current),0
APP101261,CUST20020,07-09-2024,22-09-2024,Personal Loan,361848,48,18.84,17751,Salaried,3.3,658,LUCKNOW,Uttar Pradesh,Tier 2,1,Y,90+,1
APP101380,CUST21665,09/07/2024,09 Jul 2024,Consumer Durable Loan,79001,3,18.13,27583,SELF-EMPLOYED,17.0,719,CHENNAI,Tamil Nadu,Tier 1,4,N,0 (Current),0
APP102271,CUST20489,23/04/2024,25/04/2024,PERSONAL LOAN,466331,48,15.42,20175,Salaried,3.6,632,Hyderabad,Telangana,Tier 1,2,Y,90+,1
APP100050,CUST22157,20-05-2024,05/06/2024,Personal Loan,162298,36,23.48,61663,Salaried,6.5,631,Delhi,Delhi,Tier 1,1,Y,0 (Current),0
APP102035,CUST20256,2024-01-12,2024-01-16,BNPL,15782,1,16.31,47509,Salaried,15.9,721,Chennai,Tamil Nadu,Tier 1,1,Y,31-60,0
APP100928,CUST21927,04 Jun 2025,13 Jun 2025,Personal Loan,69731,60,21.98,22502,  Salaried  ,9.9,592,  Hyderabad  ,Telangana,Tier 1,0,Y,0 (Current),0
APP102380,CUST22110,02 Apr 2024,10-04-2024,Personal Loan,119008,12,14.9,79498,SALARIED,1.4,761,Jaipur,Rajasthan,Tier 2,0,Y,0 (Current),0
APP100230,CUST21949,21 Jun 2024,01-07-2024,consumer durable loan,19141,3,14.29,"INR 23,438",  Self-Employed  ,1.9,644,Guwahati,Assam,Tier 3,1,Y,61-90,1
APP101725,CUST20539,22/06/2024,,bnpl,21596,1,7.83,"INR 25,357",Self-Employed,12.1,725,Agra,Uttar Pradesh,Tier 3,0,N,0 (Current),0
APP100835,CUST21972,10 Apr 2025,2025-04-10,personal loan,289131,12,14.45,"INR 12,612",SELF-EMPLOYED,14.4,610,Jaipur,Rajasthan,Tier 2,0,Y,0 (Current),0
APP100423,CUST20544,05-12-2024,07 Dec 2024,Gold Loan,78150,6,12.69,"INR 88,567",Salaried,8.3,803,chennai,Tamil Nadu,Tier 1,0,Y,1-30,0
APP100391,CUST21858,03 Oct 2025,2025-10-03,BNPL,3256,3,1.81,"INR 70,463",SALARIED,12.4,709,lucknow,Uttar Pradesh,Tier 2,0,Y,90+,1
APP102438,CUST21028,22-04-2025,23 Apr 2025,Personal Loan,313606,60,14.09,"INR 19,132",Salaried,8.9,608,JAIPUR,Rajasthan,Tier 2,1,Y,0 (Current),0
APP102338,CUST21574,19 Mar 2025,20/03/2025,PERSONAL LOAN,253943,48,22.92,57002,SALARIED,13.4,727,bangalore,Karnataka,Tier 1,1,Y,0 (Current),0
APP100604,CUST22213,10 Jun 2024,2024-06-18,  Personal Loan  ,345399,12,17.0,62934,Self-Employed,3.2,684,  Mumbai  ,Maharashtra,Tier 1,1,Y,0 (Current),0
APP101853,CUST21169,26 Apr 2024,03 May 2024,BNPL,15015,6,2.93,21073,salaried,6.1,0,Hyderabad,Telangana,Tier 1,0,N,0 (Current),0
APP102222,CUST21906,22/04/2024,2024-04-28,Personal Loan,420601,48,14.54,33218,  Salaried  ,5.4,627,Pune,Maharashtra,Tier 1,0,Y,0 (Current),0
APP101462,CUST21200,19 Dec 2025,19-12-2025,bnpl,9583,1,13.62,258700,Self-Employed,13.6,774,Ahmedabad,Gujarat,Tier 2,0,N,1-30,0
APP102050,CUST20898,01-09-2024,2024-09-09,BNPL,6685,6,7.0,"28,658",SALARIED,10.2,,Bangalore,Karnataka,Tier 1,1,Y,1-30,0
APP101632,CUST21811,25-07-2024,,  Consumer Durable Loan  ,17831,9,15.23,"INR 111,090",Self-Employed,,708,RANCHI,Jharkhand,Tier 3,2,Y,0 (Current),0
APP100700,CUST21898,24/06/2024,05-07-2024,  Personal Loan  ,231668,60,17.21,"INR 33,871",salaried,9.8,701,AHMEDABAD,Gujarat,Tier 2,2,Y,0 (Current),0
APP102111,CUST21018,26/09/2024,2024-10-09,Two-Wheeler Loan,145523,18,11.8,49092,Salaried,16.9,731,Guwahati,Assam,Tier 3,3,Y,90+,1
APP101544,CUST21279,25 Dec 2024,2024-12-29,BNPL,3229,3,2.35,"INR 50,446",Salaried,11.2,720,jaipur,Rajasthan,Tier 2,0,N,0 (Current),0
APP101978,CUST21674,01/10/2025,16/10/2025,gold loan,47233,6,10.24,47317,Salaried,8.7,789,  Bangalore  ,Karnataka,Tier 1,0,Y,0 (Current),0
APP102293,CUST20506,2024-06-19,29 Jun 2024,  Gold Loan  ,59686,6,10.16,"INR 78,217",Self-Employed,5.8,740,MUMBAI,Maharashtra,Tier 1,0,N,0 (Current),0
APP102589,CUST20689,23 Apr 2025,11-05-2025,BNPL,17729,6,2.39,107492,Salaried,7.1,692,  Chennai  ,Tamil Nadu,Tier 1,1,Y,90+,1
APP101267,CUST20098,20/05/2024,06-06-2024,CONSUMER DURABLE LOAN,9019,3,17.48,"30,097",Self-Employed,9.2,679,INDORE,Madhya Pradesh,Tier 2,1,Y,0 (Current),0
APP101029,CUST20599,29/12/2024,01/01/2025,Gold Loan,149451,9,13.35,"INR 67,354",salaried,1.2,672,bangalore,Karnataka,Tier 1,1,Y,0 (Current),0
APP101547,CUST20014,29-04-2024,01 May 2024,two-wheeler loan,149852,24,11.58,,Self-Employed,9.4,661,coimbatore,Tamil Nadu,Tier 2,0,Y,31-60,0
APP101613,CUST20807,04/12/2025,2025-12-06,PERSONAL LOAN,125784,48,20.82,"INR 118,256",self-employed,10.8,775,AHMEDABAD,Gujarat,Tier 2,0,Y,90+,1
APP100020,CUST20745,06-07-2025,13-07-2025,BNPL,11117,3,4.54,31936,SALARIED,6.1,596,Mumbai,Maharashtra,Tier 1,0,N,61-90,1
APP101939,CUST21507,27 Dec 2025,2025-12-30,personal loan,57978,12,18.69,23948,Salaried,16.0,648,DELHI,Delhi,Tier 1,0,Y,0 (Current),0
APP100722,CUST21676,21-08-2025,,bnpl,24188,1,4.87,"INR 71,816",Salaried,10.0,776,  Mumbai  ,Maharashtra,Tier 1,0,Y,0 (Current),0
APP100367,CUST20220,02-08-2025,,Two-Wheeler Loan,149995,12,11.42,34841,Self-Employed,13.7,657,Coimbatore,Tamil Nadu,Tier 2,0,Y,0 (Current),0
APP102044,CUST20014,2024-09-14,20 Sep 2024,Two-Wheeler Loan,44378,24,14.06,"INR 44,737",salaried,17.1,656,Ranchi,Jharkhand,Tier 3,4,Y,0 (Current),0
APP102201,CUST21938,29 Nov 2025,17-12-2025,two-wheeler loan,50677,12,13.62,73240,Self-Employed,16.7,695,Delhi,Delhi,Tier 1,3,Y,90+,1
APP101327,CUST21044,03/07/2024,2024-07-14,PERSONAL LOAN,469242,60,20.95,98386,salaried,,744,PUNE,Maharashtra,Tier 1,0,N,0 (Current),0
APP100658,CUST20356,28/01/2024,12/02/2024,Two-Wheeler Loan,86014,18,13.59,15574,Salaried,3.6,612,AHMEDABAD,Gujarat,Tier 2,1,Y,0 (Current),0
APP100083,CUST20951,2025-11-07,14 Nov 2025,Personal Loan,193302,48,18.91,"44,517",Salaried,13.9,626,RANCHI,Jharkhand,Tier 3,1,Y,0 (Current),0
APP102120,CUST20620,13-12-2025,16/12/2025,Consumer Durable Loan,34415,3,16.77,"58,438",Self-Employed,14.1,618,Delhi,Delhi,Tier 1,2,Y,0 (Current),0
APP102209,CUST20991,15-10-2024,27-10-2024,  Consumer Durable Loan  ,39400,3,16.09,"INR 88,133",Self-Employed,2.1,725,Agra,Uttar Pradesh,Tier 3,1,Y,61-90,1
APP100997,CUST20079,07/06/2025,2025-06-07,BNPL,13362,1,9.24,119032,salaried,3.3,711,chennai,Tamil Nadu,Tier 1,1,Y,90+,1
APP101246,CUST20870,2024-07-26,2024-07-26,Two-Wheeler Loan,114056,36,11.12,"31,033",salaried,15.4,697,  Nagpur  ,Maharashtra,Tier 2,0,N,61-90,1
APP101189,CUST20379,2024-05-06,2024-05-18,Personal Loan,486296,36,23.09,,Self-Employed,2.9,694,Ranchi,Jharkhand,Tier 3,0,N,0 (Current),0
APP102156,CUST21685,07-07-2024,2024-07-19,Personal Loan,150671,12,23.88,42643,Self-Employed,5.7,,PUNE,Maharashtra,Tier 1,4,Y,0 (Current),0
APP101611,CUST22000,2024-02-25,26-02-2024,Consumer Durable Loan,55566,6,16.38,"INR 45,352",  Self-Employed  ,10.7,671,  Patna  ,Bihar,Tier 3,0,N,1-30,0
APP100079,CUST22334,09-07-2025,11 Jul 2025,CONSUMER DURABLE LOAN,72303,12,14.51,57689,SELF-EMPLOYED,13.7,717,  Patna  ,Bihar,Tier 3,2,Y,31-60,0
APP101342,CUST21968,24-02-2025,10/03/2025,gold loan,110247,9,9.91,"INR 17,792",SELF-EMPLOYED,10.4,633,coimbatore,Tamil Nadu,Tier 2,1,Y,0 (Current),0
APP100808,CUST21291,26 Dec 2025,28-12-2025,BNPL,24904,6,12.23,51845,salaried,16.7,777,Lucknow,Uttar Pradesh,Tier 2,2,Y,31-60,0
APP101015,CUST21657,10 Feb 2025,,Gold Loan,79103,9,10.43,"INR 21,312",Salaried,3.0,695,GUWAHATI,Assam,Tier 3,0,Y,0 (Current),0
APP101089,CUST20614,2024-02-26,11/03/2024,PERSONAL LOAN,101896,48,21.44,"INR 154,952",Self-Employed,4.8,766,guwahati,Assam,Tier 3,1,Y,0 (Current),0
APP100695,CUST20075,07-07-2025,15/07/2025,  Personal Loan  ,341651,60,19.73,20800,SELF-EMPLOYED,1.9,640,ranchi,Jharkhand,Tier 3,0,Y,0 (Current),0
APP100792,CUST21523,2025-12-15,2025-12-28,gold loan,106516,9,11.64,49230,self-employed,17.5,752,  Jodhpur  ,Rajasthan,Tier 3,0,Y,31-60,0
APP102307,CUST22268,31 Mar 2025,07 Apr 2025,PERSONAL LOAN,256387,60,19.85,34499,SALARIED,0.1,615,NAGPUR,Maharashtra,Tier 2,0,Y,31-60,0
APP101291,CUST20938,27-03-2024,05 Apr 2024,Consumer Durable Loan,22635,6,16.37,98674,Salaried,3.7,757,nagpur,Maharashtra,Tier 2,4,Y,1-30,0
APP100183,CUST20224,2025-08-27,29-08-2025,PERSONAL LOAN,458279,60,23.38,164149,Self-Employed,13.0,759,Indore,Madhya Pradesh,Tier 2,1,Y,1-30,0
APP101056,CUST20609,26/09/2025,2025-10-15,Two-Wheeler Loan,132186,18,11.16,40518,Salaried,13.7,710,hyderabad,Telangana,Tier 1,0,Y,0 (Current),0
APP101440,CUST20542,16/11/2025,29/11/2025,Personal Loan,441284,60,16.69,,Salaried,17.1,712,Hyderabad,Telangana,Tier 1,0,Y,0 (Current),0
APP100894,CUST20701,28 Jul 2025,2025-07-29,PERSONAL LOAN,169045,24,18.08,"INR 165,764",self-employed,2.7,775,Jaipur,Rajasthan,Tier 2,0,N,90+,1
APP100983,CUST20113,05-02-2025,09-02-2025,Gold Loan,109135,6,11.1,169526,salaried,17.5,781,patna,Bihar,Tier 3,0,Y,0 (Current),0
APP101482,CUST21311,16/07/2025,2025-08-05,CONSUMER DURABLE LOAN,28573,9,19.31,34586,Self-Employed,1.5,648,Raipur,Chhattisgarh,Tier 3,3,N,0 (Current),0
APP101882,CUST20254,07 May 2025,24/05/2025,BNPL,13599,3,4.37,"INR 138,394",Salaried,4.2,718,patna,Bihar,Tier 3,2,Y,0 (Current),0
APP101917,CUST20427,10-03-2025,,bnpl,11178,3,6.25,242404,Salaried,8.7,812,Chennai,Tamil Nadu,Tier 1,0,Y,0 (Current),0
APP102236,CUST20734,25-10-2025,12 Nov 2025,  BNPL  ,10087,6,5.83,,SALARIED,14.4,794,Patna,Bihar,Tier 3,0,Y,0 (Current),0
APP101384,CUST20099,20/07/2025,2025-08-04,  Personal Loan  ,458673,24,19.35,77979,Salaried,7.5,742,Hyderabad,Telangana,Tier 1,0,Y,0 (Current),0
APP102197,CUST20276,2025-12-15,22/12/2025,  Gold Loan  ,81967,12,9.72,22494,Self-Employed,12.5,,Mumbai,Maharashtra,Tier 1,0,Y,0 (Current),0
APP100448,CUST20622,16-09-2025,26 Sep 2025,Consumer Durable Loan,21449,12,15.09,14708,Self-Employed,2.1,655,Bangalore,Karnataka,Tier 1,1,Y,0 (Current),0
APP102531,CUST21933,25 Dec 2024,2025-01-13,consumer durable loan,10119,6,17.0,"72,541",  Salaried  ,12.1,818,ranchi,Jharkhand,Tier 3,0,Y,0 (Current),0
APP101941,CUST21457,22/09/2025,2025-10-05,PERSONAL LOAN,86024,36,15.33,112258,Self-Employed,2.9,749,  Jodhpur  ,Rajasthan,Tier 3,2,N,0 (Current),0
APP102367,CUST22148,2024-08-08,12-08-2024,Personal Loan,466813,60,15.74,21220,Salaried,13.6,635,MUMBAI,Maharashtra,Tier 1,1,N,31-60,0
APP100095,CUST20893,15 Apr 2025,2025-04-20,Consumer Durable Loan,25117,12,20.09,"107,422",Salaried,14.9,824,Guwahati,Assam,Tier 3,0,Y,61-90,1
APP101295,CUST21455,2025-02-28,01 Mar 2025,consumer durable loan,69354,3,19.23,37821,salaried,9.1,652,Indore,Madhya Pradesh,Tier 2,1,Y,0 (Current),0
APP102463,CUST21788,25-09-2025,14 Oct 2025,BNPL,4638,6,8.48,58040,Salaried,18.0,720,  Nagpur  ,Maharashtra,Tier 2,1,Y,0 (Current),0
APP101539,CUST20633,07/05/2025,2025-05-14,Gold Loan,52882,12,11.54,25471,Salaried,7.4,749,Ahmedabad,Gujarat,Tier 2,0,Y,0 (Current),0
APP101214,CUST20331,2025-11-30,10/12/2025,GOLD LOAN,55495,6,12.42,"INR 45,707",SALARIED,4.4,762,agra,Uttar Pradesh,Tier 3,0,Y,0 (Current),0
APP100119,CUST21985,24 Jul 2024,04 Aug 2024,Consumer Durable Loan,74426,12,14.22,78684,SALARIED,2.9,795,COIMBATORE,Tamil Nadu,Tier 2,0,Y,0 (Current),0
APP101601,CUST22312,05-11-2024,2024-11-19,  BNPL  ,2650,3,5.73,37543,SELF-EMPLOYED,1.2,705,nagpur,Maharashtra,Tier 2,0,Y,0 (Current),0
APP101850,CUST20681,29-03-2024,11/04/2024,BNPL,23294,3,13.72,75392,Salaried,9.4,749,jaipur,Rajasthan,Tier 2,0,Y,0 (Current),0
APP100035,CUST20201,09/04/2024,2024-04-23,PERSONAL LOAN,149683,60,16.51,"INR 77,869",Self-Employed,14.4,748,Jodhpur,Rajasthan,Tier 3,2,N,0 (Current),0
APP101003,CUST21444,05-02-2024,20-02-2024,Consumer Durable Loan,12611,12,16.01,"INR 105,592",self-employed,0.8,672,mumbai,Maharashtra,Tier 1,2,Y,61-90,1
APP102083,CUST21234,09/09/2024,24-09-2024,Gold Loan,111506,6,9.57,"INR 31,614",Self-Employed,,655,  Indore  ,Madhya Pradesh,Tier 2,1,Y,0 (Current),0
APP101323,CUST21660,22 Aug 2024,25 Aug 2024,PERSONAL LOAN,97345,48,22.07,19330,SELF-EMPLOYED,5.1,627,chennai,Tamil Nadu,Tier 1,2,Y,0 (Current),0
APP100124,CUST21935,2025-04-13,18/04/2025,BNPL,6940,1,17.86,,self-employed,7.4,758,Agra,Uttar Pradesh,Tier 3,0,Y,61-90,1
APP102117,CUST21880,20 Jun 2025,,Consumer Durable Loan,56267,6,16.36,"INR 40,413",Self-Employed,10.9,710,LUCKNOW,Uttar Pradesh,Tier 2,1,N,0 (Current),0
APP102263,CUST21191,22/12/2024,2025-01-07,PERSONAL LOAN,321693,24,17.72,92614,salaried,11.9,723,ranchi,Jharkhand,Tier 3,3,Y,0 (Current),0
APP100967,CUST20811,28-03-2024,31/03/2024,CONSUMER DURABLE LOAN,77099,12,13.41,52870,Salaried,12.1,746,coimbatore,Tamil Nadu,Tier 2,1,Y,0 (Current),0
APP101653,CUST21089,19/03/2025,28-03-2025,BNPL,14977,3,11.09,35048,Salaried,14.5,613,Patna,Bihar,Tier 3,4,Y,90+,1
APP101738,CUST21822,02 Feb 2024,2024-02-16,personal loan,202589,24,16.77,"INR 16,698",self-employed,12.1,616,Delhi,Delhi,Tier 1,0,Y,0 (Current),0
APP102077,CUST21681,2025-07-09,21 Jul 2025,Two-Wheeler Loan,148300,12,14.07,"70,282",Salaried,2.2,635,Delhi,Delhi,Tier 1,1,Y,0 (Current),0
APP102292,CUST22300,02-02-2024,03-02-2024,TWO-WHEELER LOAN,137829,36,12.75,105091,  Self-Employed  ,2.5,,Indore,Madhya Pradesh,Tier 2,0,Y,0 (Current),0
APP102458,CUST20407,05-07-2025,,personal loan,193798,12,23.28,"INR 109,002",Salaried,10.1,718,  Raipur  ,Chhattisgarh,Tier 3,3,Y,0 (Current),0
APP101359,CUST21475,2024-10-15,,Consumer Durable Loan,52443,3,14.48,54374,Self-Employed,4.5,754,Agra,Uttar Pradesh,Tier 3,1,Y,0 (Current),0
APP100278,CUST22319,23 Aug 2024,2024-09-02,BNPL,3382,3,3.95,,SALARIED,1.9,682,GUWAHATI,Assam,Tier 3,0,Y,0 (Current),0
APP102097,CUST21621,07 Jun 2025,,Consumer Durable Loan,18108,12,21.28,128458,Salaried,5.9,735,Pune,Maharashtra,Tier 1,2,Y,0 (Current),0
APP100874,CUST20546,05-04-2024,25-04-2024,BNPL,5726,1,2.62,240223,SALARIED,10.2,733,Mumbai,Maharashtra,Tier 1,1,Y,1-30,0
APP101057,CUST20685,05 Apr 2024,24 Apr 2024,Consumer Durable Loan,22811,9,20.01,27029,Self-Employed,5.1,666,Hyderabad,Telangana,Tier 1,3,Y,31-60,0
APP101592,CUST20496,27-06-2024,09 Jul 2024,Two-Wheeler Loan,103392,24,13.93,19580,Salaried,9.3,585,ahmedabad,Gujarat,Tier 2,0,N,0 (Current),0
APP102512,CUST22104,21/07/2024,2024-08-01,  Gold Loan  ,93192,9,11.18,104407,Self-Employed,0.2,779,DELHI,Delhi,Tier 1,1,Y,0 (Current),0
APP102051,CUST20288,21 Oct 2024,29/10/2024,Consumer Durable Loan,65271,6,13.65,,Salaried,17.5,672,Delhi,Delhi,Tier 1,1,Y,0 (Current),0
APP101339,CUST21252,2024-02-11,29/02/2024,Consumer Durable Loan,27529,6,19.97,19452,  Salaried  ,8.0,660,Mumbai,Maharashtra,Tier 1,1,Y,31-60,0
APP101683,CUST20617,2025-07-17,18 Jul 2025,CONSUMER DURABLE LOAN,13798,9,15.58,"45,974",self-employed,3.8,678,Guwahati,Assam,Tier 3,2,Y,0 (Current),0
APP102410,CUST20812,2025-03-01,07 Mar 2025,CONSUMER DURABLE LOAN,12469,6,18.23,"INR 116,951",Salaried,6.6,757,Hyderabad,Telangana,Tier 1,0,Y,0 (Current),0
APP100505,CUST21373,20/07/2025,2025-07-25,personal loan,371416,24,22.02,"INR 33,648",Salaried,12.1,678,  Ahmedabad  ,Gujarat,Tier 2,2,Y,0 (Current),0
APP100739,CUST21793,24-04-2025,07 May 2025,Two-Wheeler Loan,128604,36,13.61,"INR 23,062",Self-Employed,16.6,704,Hyderabad,Telangana,Tier 1,1,Y,90+,1
APP100848,CUST20409,23 Dec 2025,23-12-2025,PERSONAL LOAN,417992,12,21.91,46926,Salaried,14.2,708,BANGALORE,Karnataka,Tier 1,0,Y,0 (Current),0
APP100084,CUST21263,2025-09-03,2025-09-12,Consumer Durable Loan,75166,12,13.93,81700,salaried,3.4,826,PUNE,Maharashtra,Tier 1,0,Y,0 (Current),0
APP101733,CUST20946,20/11/2024,06 Dec 2024,consumer durable loan,47998,12,19.24,,Self-Employed,15.7,,jaipur,Rajasthan,Tier 2,0,Y,61-90,1
APP101961,CUST20706,08 Aug 2025,15-08-2025,Consumer Durable Loan,61174,12,18.46,116242,Salaried,14.3,824,Hyderabad,Telangana,Tier 1,1,Y,0 (Current),0
APP100622,CUST22109,09 Dec 2025,10 Dec 2025,BNPL,2488,1,4.14,51155,Self-Employed,2.2,741,JODHPUR,Rajasthan,Tier 3,3,N,0 (Current),0
APP100558,CUST21383,19 Jan 2024,20 Jan 2024,Personal Loan,413691,12,15.17,176187,Salaried,,755,  Bangalore  ,Karnataka,Tier 1,0,Y,31-60,0
APP100864,CUST21267,04 Oct 2025,06/10/2025,BNPL,9117,1,13.37,29674,Salaried,5.1,680,Mumbai,Maharashtra,Tier 1,0,Y,1-30,0
APP100806,CUST20139,21/09/2025,30-09-2025,Personal Loan,342820,36,14.52,,  Self-Employed  ,14.4,677,GUWAHATI,Assam,Tier 3,1,N,90+,1
APP102371,CUST21785,13 Apr 2025,25 Apr 2025,  BNPL  ,8623,3,11.85,"INR 104,008",Salaried,1.6,676,INDORE,Madhya Pradesh,Tier 2,0,Y,90+,1
APP100575,CUST20531,02 Oct 2024,14-10-2024,CONSUMER DURABLE LOAN,76732,3,16.59,46706,self-employed,11.6,729,chennai,Tamil Nadu,Tier 1,0,N,0 (Current),0
APP100106,CUST21853,14-02-2025,04-03-2025,Personal Loan,56268,12,22.3,48104,Salaried,14.5,751,Jaipur,Rajasthan,Tier 2,4,Y,0 (Current),0
APP101263,CUST22184,04-08-2025,07/08/2025,Personal Loan,434185,60,14.1,230595,salaried,0.8,833,guwahati,Assam,Tier 3,0,Y,0 (Current),0
APP101132,CUST20220,2025-05-17,,PERSONAL LOAN,368245,36,16.17,178673,Self-Employed,10.3,,Guwahati,Assam,Tier 3,1,Y,0 (Current),0
APP102047,CUST21473,07/11/2025,2025-11-27,  Personal Loan  ,221623,24,22.17,"121,449",Self-Employed,5.8,780,BANGALORE,Karnataka,Tier 1,0,N,31-60,0
APP102089,CUST20600,2025-02-06,,CONSUMER DURABLE LOAN,41604,12,15.67,37295,Salaried,1.3,738,indore,Madhya Pradesh,Tier 2,1,Y,31-60,0
APP100545,CUST21352,21-01-2024,2024-02-07,BNPL,15922,1,11.0,"24,736",Salaried,10.2,660,  Agra  ,Uttar Pradesh,Tier 3,0,Y,90+,1
APP101313,CUST20502,08-04-2025,2025-04-25,PERSONAL LOAN,105280,12,22.13,"27,617",Salaried,2.1,653,  Hyderabad  ,Telangana,Tier 1,1,Y,0 (Current),0
APP100597,CUST22230,08/04/2025,15/04/2025,Personal Loan,427378,12,23.74,21000,  Salaried  ,2.7,621,MUMBAI,Maharashtra,Tier 1,0,N,90+,1
APP100994,CUST21885,17/09/2025,2025-10-03,CONSUMER DURABLE LOAN,9670,3,18.71,29571,self-employed,17.3,613,Bangalore,Karnataka,Tier 1,1,N,0 (Current),0
APP101192,CUST21309,21/08/2025,30-08-2025,two-wheeler loan,132260,24,11.89,"INR 28,366",Self-Employed,9.9,650,jaipur,Rajasthan,Tier 2,2,Y,0 (Current),0
APP101668,CUST20686,2025-10-20,,Personal Loan,339244,36,15.42,"INR 35,402",  Salaried  ,1.7,618,LUCKNOW,Uttar Pradesh,Tier 2,2,Y,0 (Current),0
APP102443,CUST20243,25/01/2024,2024-02-09,Consumer Durable Loan,16012,12,20.62,216627,salaried,1.0,818,indore,Madhya Pradesh,Tier 2,1,Y,0 (Current),0
APP101086,CUST21121,21-06-2024,,Gold Loan,37074,6,11.1,92417,Salaried,4.2,795,  Ahmedabad  ,Gujarat,Tier 2,0,Y,0 (Current),0
APP100996,CUST21850,05/09/2025,06/09/2025,Personal Loan,198971,24,20.41,35646,SALARIED,11.9,662,  Ahmedabad  ,Gujarat,Tier 2,0,Y,90+,1
APP102467,CUST21146,2024-01-22,2024-01-24,  BNPL  ,13029,1,4.34,"INR 103,949",Salaried,,,indore,Madhya Pradesh,Tier 2,1,Y,0 (Current),0
APP100816,CUST20059,21/06/2024,2024-06-22,bnpl,21152,6,13.7,62683,Self-Employed,,841,jaipur,Rajasthan,Tier 2,0,Y,0 (Current),0
APP101207,CUST20314,15 Sep 2024,2024-10-01,personal loan,289322,24,14.42,"42,598",Salaried,,667,Delhi,Delhi,Tier 1,0,Y,0 (Current),0
APP102040,CUST20734,01/06/2025,14 Jun 2025,Personal Loan,489900,36,22.96,28169,SALARIED,7.4,690,Bangalore,Karnataka,Tier 1,0,Y,31-60,0
APP100068,CUST20877,2025-02-27,03 Mar 2025,Two-Wheeler Loan,71779,12,14.35,"INR 50,609",  Self-Employed  ,11.1,655,bangalore,Karnataka,Tier 1,1,N,0 (Current),0
APP101208,CUST21650,18/04/2024,30/04/2024,Personal Loan,303996,36,19.1,"77,625",Salaried,11.4,756,coimbatore,Tamil Nadu,Tier 2,1,Y,0 (Current),0
APP102133,CUST20336,10/04/2024,2024-04-14,personal loan,96928,36,14.26,"30,858",Salaried,15.9,642,Coimbatore,Tamil Nadu,Tier 2,2,Y,90+,1
APP100036,CUST21499,18/03/2024,30-03-2024,BNPL,11671,6,15.67,,Salaried,16.5,716,Jaipur,Rajasthan,Tier 2,2,Y,31-60,0
APP101126,CUST21136,20/07/2024,04-08-2024,BNPL,17908,6,4.0,47462,SALARIED,0.6,697,JODHPUR,Rajasthan,Tier 3,2,Y,0 (Current),0
APP100741,CUST20796,2024-01-21,23/01/2024,Consumer Durable Loan,12987,12,18.42,17325,Self-Employed,14.8,,PATNA,Bihar,Tier 3,2,Y,0 (Current),0
APP102548,CUST20642,24 Jul 2024,27/07/2024,BNPL,13343,3,0.76,18793,  Salaried  ,,641,ranchi,Jharkhand,Tier 3,2,Y,0 (Current),0
APP102569,CUST20084,2025-05-26,27-05-2025,  Consumer Durable Loan  ,74903,3,16.36,121455,Self-Employed,8.5,,Chennai,Tamil Nadu,Tier 1,2,N,0 (Current),0
APP101536,CUST21084,23 Jun 2024,2024-07-05,Personal Loan,199072,48,22.06,"INR 65,344",salaried,17.1,740,AGRA,Uttar Pradesh,Tier 3,0,Y,0 (Current),0
APP102594,CUST20952,2025-03-15,29-03-2025,  Gold Loan  ,131395,9,10.47,"INR 111,368",SELF-EMPLOYED,3.7,601,  Lucknow  ,Uttar Pradesh,Tier 2,3,Y,90+,1
APP101666,CUST21007,2025-06-01,20-06-2025,consumer durable loan,46460,6,15.77,72466,SELF-EMPLOYED,7.0,674,Bangalore,Karnataka,Tier 1,1,N,90+,1
APP100268,CUST22020,2024-01-20,27/01/2024,Two-Wheeler Loan,48579,36,11.14,48771,Salaried,5.7,691,AHMEDABAD,Gujarat,Tier 2,1,Y,31-60,0
APP100601,CUST22280,06 Dec 2025,24-12-2025,BNPL,17893,3,10.28,"17,047",self-employed,8.7,630,Coimbatore,Tamil Nadu,Tier 2,2,Y,0 (Current),0
APP102527,CUST20911,2024-11-25,2024-12-03,two-wheeler loan,63083,18,15.75,"INR 21,419",Salaried,12.6,643,Hyderabad,Telangana,Tier 1,1,Y,0 (Current),0
APP102252,CUST20521,07/07/2024,09 Jul 2024,Consumer Durable Loan,42952,9,18.35,"INR 45,621",Self-Employed,6.1,659,PATNA,Bihar,Tier 3,0,Y,0 (Current),0
APP100165,CUST21401,2025-01-25,01-02-2025,CONSUMER DURABLE LOAN,27148,3,15.4,98219,SELF-EMPLOYED,14.2,701,pune,Maharashtra,Tier 1,0,Y,0 (Current),0
APP101421,CUST22082,18 Oct 2025,29 Oct 2025,BNPL,23709,3,17.93,65200,Salaried,6.2,787,PUNE,Maharashtra,Tier 1,2,Y,0 (Current),0
APP100053,CUST20157,31 Aug 2024,19-09-2024,BNPL,2622,3,3.88,"76,879",Self-Employed,11.1,,chennai,Tamil Nadu,Tier 1,1,Y,0 (Current),0
APP101930,CUST20105,21 Mar 2025,08-04-2025,Gold Loan,113427,12,10.28,41345,  Salaried  ,4.9,675,JAIPUR,Rajasthan,Tier 2,0,Y,0 (Current),0
APP102067,CUST20687,27 Sep 2025,07 Oct 2025,Personal Loan,407626,48,14.26,112217,Salaried,4.7,759,Pune,Maharashtra,Tier 1,1,N,0 (Current),0
APP100499,CUST20713,29 Jun 2024,2024-07-09,Consumer Durable Loan,28289,3,14.79,30333,Salaried,10.8,681,AGRA,Uttar Pradesh,Tier 3,2,Y,0 (Current),0
APP100812,CUST21709,2025-11-12,23/11/2025,  BNPL  ,16733,6,9.12,25243,SALARIED,5.8,636,Mumbai,Maharashtra,Tier 1,4,Y,31-60,0
APP101030,CUST21021,24 Jun 2024,2024-07-10,Two-Wheeler Loan,123557,18,13.56,"211,676",Salaried,17.4,803,MUMBAI,Maharashtra,Tier 1,0,Y,0 (Current),0
APP101325,CUST20073,2025-02-02,17-02-2025,  Two-Wheeler Loan  ,147849,36,15.46,35994,SALARIED,14.9,720,lucknow,Uttar Pradesh,Tier 2,0,N,0 (Current),0
APP101000,CUST20915,2024-05-04,09/05/2024,  BNPL  ,5606,3,12.46,,Self-Employed,11.1,679,Nagpur,Maharashtra,Tier 2,3,Y,0 (Current),0
APP101329,CUST20982,2024-06-07,23-06-2024,BNPL,24255,1,8.67,"INR 54,232",Salaried,13.7,700,jaipur,Rajasthan,Tier 2,1,Y,0 (Current),0
APP100483,CUST21896,04 Jan 2024,08/01/2024,Personal Loan,453673,36,21.12,92434,Salaried,7.0,697,Lucknow,Uttar Pradesh,Tier 2,1,Y,1-30,0
APP101233,CUST20757,01 Feb 2025,2025-02-01,  Consumer Durable Loan  ,74315,9,20.09,19082,Salaried,9.9,674,Raipur,Chhattisgarh,Tier 3,2,Y,0 (Current),0
APP101588,CUST21628,2024-03-13,2024-03-15,bnpl,7065,1,16.35,116264,  Salaried  ,13.0,792,RANCHI,Jharkhand,Tier 3,4,N,61-90,1
APP100531,CUST21402,2025-02-16,06 Mar 2025,Gold Loan,66056,6,10.86,"110,050",salaried,17.8,712,DELHI,Delhi,Tier 1,0,Y,0 (Current),0
APP100609,CUST21647,2025-07-13,,GOLD LOAN,121239,12,10.01,69260,salaried,16.4,729,Ranchi,Jharkhand,Tier 3,2,Y,1-30,0
APP100312,CUST22304,27/10/2024,2024-11-06,Two-Wheeler Loan,95450,12,12.24,74678,SELF-EMPLOYED,,726,Bangalore,Karnataka,Tier 1,0,Y,0 (Current),0
APP100057,CUST20174,14 Sep 2025,21-09-2025,BNPL,4458,6,11.48,169718,Self-Employed,17.6,724,Nagpur,Maharashtra,Tier 2,2,Y,0 (Current),0
APP101021,CUST22283,2025-05-12,31 May 2025,BNPL,19534,6,10.73,149673,Self-Employed,7.2,862,Lucknow,Uttar Pradesh,Tier 2,2,Y,61-90,1
APP102425,CUST22270,12/07/2025,29/07/2025,GOLD LOAN,28193,6,11.09,"INR 17,464",Salaried,0.2,523,AGRA,Uttar Pradesh,Tier 3,2,Y,0 (Current),0
APP101491,CUST20084,03 May 2024,2024-05-23,BNPL,13690,6,12.07,"INR 23,656",salaried,11.9,656,Coimbatore,Tamil Nadu,Tier 2,0,N,31-60,0
APP100773,CUST21973,08 Mar 2025,20 Mar 2025,bnpl,22866,3,10.28,19618,Self-Employed,15.3,657,Raipur,Chhattisgarh,Tier 3,1,Y,0 (Current),0
APP101715,CUST21994,27-02-2024,2024-03-18,CONSUMER DURABLE LOAN,52769,12,15.94,83949,self-employed,15.9,674,Delhi,Delhi,Tier 1,0,N,0 (Current),0
APP102176,CUST21153,12 Jul 2024,25/07/2024,PERSONAL LOAN,301413,36,19.16,,SALARIED,7.7,601,Bangalore,Karnataka,Tier 1,3,Y,0 (Current),0
APP102022,CUST21223,21 Sep 2025,2025-10-10,Gold Loan,46829,12,11.85,"INR 42,765",Self-Employed,10.5,662,bangalore,Karnataka,Tier 1,1,N,90+,1
APP101217,CUST20129,22-10-2025,06 Nov 2025,Personal Loan,232354,60,14.56,31385,Salaried,6.7,696,delhi,Delhi,Tier 1,3,Y,0 (Current),0
APP101656,CUST20973,2025-12-18,22 Dec 2025,GOLD LOAN,111355,9,12.98,"INR 77,019",salaried,17.5,715,MUMBAI,Maharashtra,Tier 1,1,Y,0 (Current),0
APP101736,CUST22006,13-07-2025,20/07/2025,Two-Wheeler Loan,109395,18,15.84,"INR 37,217",salaried,17.9,,Jodhpur,Rajasthan,Tier 3,1,Y,0 (Current),0
APP102227,CUST21851,11 Jan 2025,23 Jan 2025,bnpl,13017,6,9.6,"INR 45,664",salaried,1.9,676,Pune,Maharashtra,Tier 1,0,Y,1-30,0
APP100178,CUST21367,31-01-2024,10 Feb 2024,Two-Wheeler Loan,70959,24,15.06,76205,Salaried,6.3,771,Ahmedabad,Gujarat,Tier 2,1,Y,31-60,0
APP100621,CUST21544,17 Jun 2025,20-06-2025,gold loan,42941,9,10.03,114205,Salaried,17.3,786,Bangalore,Karnataka,Tier 1,0,Y,0 (Current),0
APP101113,CUST20003,09 Jul 2024,10/07/2024,Consumer Durable Loan,68234,12,19.61,46921,  Salaried  ,7.2,657,AGRA,Uttar Pradesh,Tier 3,3,Y,61-90,1
APP100126,CUST21192,17-02-2025,2025-02-21,BNPL,13230,3,6.47,"INR 62,175",Salaried,16.0,716,Pune,Maharashtra,Tier 1,0,Y,90+,1
APP101908,CUST20651,11-02-2025,20 Feb 2025,gold loan,22929,6,10.19,17153,Self-Employed,9.9,671,NAGPUR,Maharashtra,Tier 2,0,Y,90+,1
APP101073,CUST21004,2025-07-15,2025-07-15,  Consumer Durable Loan  ,57272,6,17.9,16922,SALARIED,17.0,,Jaipur,Rajasthan,Tier 2,1,Y,0 (Current),0
APP102368,CUST21652,04-04-2024,2024-04-14,BNPL,22350,1,9.97,44509,Self-Employed,15.0,675,coimbatore,Tamil Nadu,Tier 2,0,Y,0 (Current),0
APP101220,CUST21036,07/02/2025,2025-02-27,Gold Loan,137015,6,12.33,29697,Salaried,2.4,672,PUNE,Maharashtra,Tier 1,0,Y,0 (Current),0
APP101552,CUST21728,2024-06-16,25 Jun 2024,Personal Loan,489083,60,17.06,"INR 39,797",Salaried,2.1,649,ahmedabad,Gujarat,Tier 2,0,N,0 (Current),0
APP102129,CUST21122,11/04/2024,2024-04-18,BNPL,17625,1,4.47,20311,Salaried,15.1,672,Chennai,Tamil Nadu,Tier 1,2,Y,0 (Current),0
APP100888,CUST20208,25/03/2024,14 Apr 2024,Personal Loan,453866,48,17.94,"32,650",Self-Employed,7.5,681,Lucknow,Uttar Pradesh,Tier 2,1,Y,90+,1
APP101968,CUST21997,20-11-2024,2024-11-27,two-wheeler loan,116226,36,15.52,37512,Salaried,6.5,767,Bangalore,Karnataka,Tier 1,4,Y,0 (Current),0
APP101956,CUST22123,09-10-2025,,consumer durable loan,29049,6,18.32,76073,  Self-Employed  ,12.6,,Pune,Maharashtra,Tier 1,3,N,0 (Current),0
APP102048,CUST20185,2024-09-24,14 Oct 2024,two-wheeler loan,104359,24,15.9,69457,salaried,17.6,712,Bangalore,Karnataka,Tier 1,1,Y,1-30,0
APP100822,CUST22212,2025-09-02,2025-09-16,bnpl,23261,3,0.13,28221,salaried,2.4,666,Ahmedabad,Gujarat,Tier 2,1,Y,90+,1
APP100468,CUST20145,10/04/2025,2025-04-21,Two-Wheeler Loan,98939,18,14.41,"INR 22,250",self-employed,5.1,579,  Jaipur  ,Rajasthan,Tier 2,1,Y,1-30,0
APP102000,CUST20248,24-09-2025,04 Oct 2025,BNPL,16203,6,9.31,55280,Salaried,6.2,712,AHMEDABAD,Gujarat,Tier 2,2,Y,90+,1
APP102475,CUST20157,14 Jul 2025,19 Jul 2025,BNPL,20845,6,15.27,17441,Salaried,11.8,627,indore,Madhya Pradesh,Tier 2,2,Y,90+,1
APP102553,CUST21866,18 Nov 2025,03-12-2025,  Two-Wheeler Loan  ,129610,36,12.76,32986,Self-Employed,2.1,636,Lucknow,Uttar Pradesh,Tier 2,1,N,90+,1
APP101967,CUST22017,05-08-2024,12-08-2024,  BNPL  ,8574,1,3.93,,Self-Employed,11.0,,Patna,Bihar,Tier 3,1,N,0 (Current),0
APP100156,CUST21286,28-09-2024,17-10-2024,BNPL,-8231,3,13.27,92635,Salaried,13.4,722,HYDERABAD,Telangana,Tier 1,0,Y,0 (Current),0
APP101279,CUST22286,29 Oct 2024,12/11/2024,PERSONAL LOAN,120078,12,23.26,63707,Self-Employed,9.2,742,jodhpur,Rajasthan,Tier 3,0,Y,90+,1
APP100856,CUST20317,2025-10-05,07-10-2025,bnpl,10606,3,8.45,77335,  Self-Employed  ,16.3,686,Lucknow,Uttar Pradesh,Tier 2,1,Y,90+,1
APP100041,CUST21332,07 Apr 2025,19/04/2025,Personal Loan,417934,12,22.53,"54,664",SALARIED,10.9,,Hyderabad,Telangana,Tier 1,2,Y,0 (Current),0
APP101212,CUST20946,02-08-2025,2025-08-10,Gold Loan,80762,6,10.04,26033,Self-Employed,4.0,665,Bangalore,Karnataka,Tier 1,2,Y,1-30,0
APP102468,CUST20983,2024-07-12,13-07-2024,Consumer Durable Loan,37733,6,18.2,"33,217",Self-Employed,12.6,664,chennai,Tamil Nadu,Tier 1,0,Y,0 (Current),0
APP102446,CUST20516,2024-12-01,16-12-2024,Personal Loan,167424,48,20.56,"INR 50,774",Self-Employed,12.2,742,ahmedabad,Gujarat,Tier 2,1,Y,0 (Current),0
APP100740,CUST21574,08/01/2024,,  BNPL  ,3321,3,15.81,48953,SALARIED,8.7,717,Bangalore,Karnataka,Tier 1,1,Y,0 (Current),0
APP102590,CUST21931,29-07-2024,,Two-Wheeler Loan,136761,24,15.05,95226,  Self-Employed  ,10.7,740,Lucknow,Uttar Pradesh,Tier 2,0,N,0 (Current),0
APP100197,CUST21156,03-01-2025,07-01-2025,CONSUMER DURABLE LOAN,58012,12,17.91,"INR 44,339",Salaried,5.7,649,RANCHI,Jharkhand,Tier 3,0,Y,0 (Current),0
APP101457,CUST20155,11-01-2025,24 Jan 2025,  Consumer Durable Loan  ,22533,3,13.05,45456,SALARIED,15.0,681,MUMBAI,Maharashtra,Tier 1,0,Y,0 (Current),0
APP101682,CUST20588,2025-05-12,27-05-2025,GOLD LOAN,83784,9,10.16,47671,self-employed,10.2,576,Jaipur,Rajasthan,Tier 2,2,N,31-60,0
APP100304,CUST20357,06/11/2025,06 Nov 2025,BNPL,17799,6,9.73,"INR 57,526",self-employed,16.1,765,CHENNAI,Tamil Nadu,Tier 1,0,N,0 (Current),0
APP100938,CUST21288,05 Apr 2024,20 Apr 2024,bnpl,11066,3,7.67,14356,Self-Employed,3.9,610,Raipur,Chhattisgarh,Tier 3,0,Y,0 (Current),0
APP101648,CUST22200,05 Mar 2024,07 Mar 2024,  Consumer Durable Loan  ,57556,12,20.6,74007,SELF-EMPLOYED,1.2,656,Mumbai,Maharashtra,Tier 1,0,Y,0 (Current),0
APP100529,CUST20059,16-06-2024,25-06-2024,Gold Loan,53841,6,12.13,14405,Self-Employed,,594,Indore,Madhya Pradesh,Tier 2,3,N,90+,1
APP100690,CUST22072,25 Jun 2025,25 Jun 2025,BNPL,9333,3,16.16,26022,Self-Employed,12.1,681,COIMBATORE,Tamil Nadu,Tier 2,1,Y,0 (Current),0
APP100080,CUST20248,29-05-2025,2025-06-03,two-wheeler loan,93914,12,11.08,"INR 63,947",self-employed,0.3,656,LUCKNOW,Uttar Pradesh,Tier 2,2,Y,0 (Current),0
APP101754,CUST21744,2024-05-29,13/06/2024,personal loan,120841,60,23.37,"INR 15,306",Self-Employed,10.2,571,Bangalore,Karnataka,Tier 1,1,Y,61-90,1
APP101615,CUST20133,14 Jul 2024,31/07/2024,Consumer Durable Loan,74685,6,16.11,97301,Salaried,6.5,767,Jaipur,Rajasthan,Tier 2,0,Y,90+,1
APP102282,CUST20922,2024-10-15,24/10/2024,BNPL,19362,3,0.89,72609,  Salaried  ,5.5,,  Lucknow  ,Uttar Pradesh,Tier 2,3,Y,61-90,1
APP102534,CUST20925,14 Mar 2025,14 Mar 2025,Consumer Durable Loan,8193,6,18.54,48789,salaried,,781,PATNA,Bihar,Tier 3,1,N,1-30,0
APP101777,CUST20330,15 May 2025,26 May 2025,Gold Loan,80409,9,11.78,47546,Salaried,15.2,760,Ahmedabad,Gujarat,Tier 2,2,Y,0 (Current),0
APP100980,CUST21475,25 Dec 2024,2025-01-08,personal loan,303816,60,18.73,"INR 49,027",Self-Employed,2.1,686,Patna,Bihar,Tier 3,0,Y,0 (Current),0
APP101965,CUST21250,17/11/2025,23 Nov 2025,BNPL,23872,1,4.58,"INR 35,214",SELF-EMPLOYED,10.0,604,BANGALORE,Karnataka,Tier 1,0,Y,90+,1
APP100759,CUST21360,2025-08-28,2025-09-01,Personal Loan,385464,12,17.0,33878,salaried,13.9,685,Hyderabad,Telangana,Tier 1,3,Y,0 (Current),0
APP102480,CUST20665,2025-05-26,03-06-2025,Consumer Durable Loan,55942,3,19.78,45668,Self-Employed,10.8,632,indore,Madhya Pradesh,Tier 2,4,N,0 (Current),0
APP100644,CUST20867,2025-06-13,23-06-2025,Consumer Durable Loan,68784,12,14.51,43043,Salaried,10.6,681,Jaipur,Rajasthan,Tier 2,2,Y,90+,1
APP101798,CUST22329,23-07-2025,26 Jul 2025,Personal Loan,184368,24,17.88,15718,SELF-EMPLOYED,12.0,651,Bangalore,Karnataka,Tier 1,0,Y,0 (Current),0
APP100746,CUST20066,22/09/2024,26-09-2024,  Consumer Durable Loan  ,68164,6,16.45,98604,SELF-EMPLOYED,9.1,740,Coimbatore,Tamil Nadu,Tier 2,0,N,0 (Current),0
APP102199,CUST21726,13-07-2024,24 Jul 2024,personal loan,143717,60,17.69,95205,Salaried,16.1,811,Chennai,Tamil Nadu,Tier 1,1,Y,0 (Current),0
APP101984,CUST22211,08/04/2025,13 Apr 2025,Personal Loan,102025,12,22.36,"INR 62,723",self-employed,3.9,578,Chennai,Tamil Nadu,Tier 1,1,N,31-60,0
APP100269,CUST22214,08/05/2025,19-05-2025,PERSONAL LOAN,476059,48,23.61,119759,SELF-EMPLOYED,10.0,689,Raipur,Chhattisgarh,Tier 3,0,N,0 (Current),0
APP102504,CUST20534,23 Jun 2024,,  Consumer Durable Loan  ,56351,9,21.13,222640,  Self-Employed  ,16.5,747,ahmedabad,Gujarat,Tier 2,1,N,1-30,0
APP101538,CUST21946,30-05-2025,2025-06-05,personal loan,89422,36,17.45,"88,437",Self-Employed,14.1,742,  Indore  ,Madhya Pradesh,Tier 2,0,Y,0 (Current),0
APP100649,CUST21711,2024-09-17,2024-09-29,Personal Loan,256570,24,14.84,190632,self-employed,0.7,698,RANCHI,Jharkhand,Tier 3,1,Y,0 (Current),0
APP100338,CUST21897,15 Sep 2025,19-09-2025,Gold Loan,38463,12,10.14,68543,salaried,3.9,707,MUMBAI,Maharashtra,Tier 1,4,Y,1-30,0
APP101489,CUST21781,06 Jun 2024,25/06/2024,PERSONAL LOAN,106428,60,19.45,"INR 45,008",Self-Employed,5.4,666,  Patna  ,Bihar,Tier 3,1,Y,0 (Current),0
APP101382,CUST20112,23-10-2024,25-10-2024,  Gold Loan  ,39341,9,10.92,22232,Salaried,12.8,686,Indore,Madhya Pradesh,Tier 2,1,Y,0 (Current),0
APP100634,CUST21221,2024-12-26,31-12-2024,BNPL,11066,6,0.9,"INR 15,777",salaried,1.0,608,  Hyderabad  ,Telangana,Tier 1,1,Y,61-90,1
APP100786,CUST20047,2025-03-14,22-03-2025,Personal Loan,486024,24,14.31,205062,  Salaried  ,9.3,,  Chennai  ,Tamil Nadu,Tier 1,3,Y,0 (Current),0
APP102108,CUST21819,2025-01-12,2025-01-31,BNPL,12182,3,5.13,"181,397",salaried,15.4,800,Chennai,Tamil Nadu,Tier 1,0,Y,1-30,0
APP100371,CUST21141,27-11-2024,2024-12-09,consumer durable loan,69833,6,18.18,"INR 57,909",  Salaried  ,15.1,800,coimbatore,Tamil Nadu,Tier 2,1,Y,0 (Current),0
APP102213,CUST20327,18 Sep 2024,2024-09-20,PERSONAL LOAN,217426,36,15.56,23945,Self-Employed,15.9,751,bangalore,Karnataka,Tier 1,0,Y,0 (Current),0
APP100731,CUST22301,25-12-2024,02 Jan 2025,Gold Loan,43039,6,13.43,16419,salaried,13.0,707,Bangalore,Karnataka,Tier 1,3,Y,90+,1
APP102304,CUST21069,21 Aug 2024,22 Aug 2024,Personal Loan,381778,60,14.78,18449,  Salaried  ,6.2,703,Jaipur,Rajasthan,Tier 2,1,Y,0 (Current),0
APP100582,CUST20941,14-12-2024,27/12/2024,bnpl,5792,3,15.63,63486,Self-Employed,15.8,768,Jaipur,Rajasthan,Tier 2,0,N,0 (Current),0
APP101258,CUST21630,2025-07-16,01/08/2025,Personal Loan,75269,48,22.7,34774,Salaried,13.4,663,Delhi,Delhi,Tier 1,1,Y,0 (Current),0
APP102561,CUST21846,2024-04-08,14 Apr 2024,Gold Loan,142326,6,11.51,"INR 21,763",salaried,17.4,615,bangalore,Karnataka,Tier 1,1,Y,1-30,0
APP101180,CUST20099,02 Jun 2025,12/06/2025,  Consumer Durable Loan  ,72980,3,13.76,110883,  Self-Employed  ,8.4,727,hyderabad,Telangana,Tier 1,2,Y,31-60,0
APP100692,CUST21636,29 Nov 2024,19/12/2024,Consumer Durable Loan,34757,9,18.55,"INR 109,464",Self-Employed,1.7,787,JAIPUR,Rajasthan,Tier 2,1,Y,0 (Current),0
APP101146,CUST22337,31-03-2024,13/04/2024,GOLD LOAN,119340,12,10.63,"INR 36,000",Salaried,14.1,748,Lucknow,Uttar Pradesh,Tier 2,2,N,90+,1
APP101650,CUST20578,12/07/2024,19 Jul 2024,BNPL,21583,6,0.99,67671,SALARIED,17.2,761,Chennai,Tamil Nadu,Tier 1,4,Y,0 (Current),0
APP101828,CUST21082,2024-02-03,2024-02-23,  Consumer Durable Loan  ,59480,12,17.89,133947,SALARIED,0.7,773,CHENNAI,Tamil Nadu,Tier 1,1,Y,31-60,0
APP101276,CUST22031,2025-10-28,12-11-2025,personal loan,293645,36,22.1,71608,Salaried,4.3,777,HYDERABAD,Telangana,Tier 1,0,Y,0 (Current),0
,,,,,,,,,,,,,,,,,,
APP101312,CUST20291,2025-10-30,12 Nov 2025,Two-Wheeler Loan,101654,18,13.67,"INR 95,300",Salaried,3.8,691,AGRA,Uttar Pradesh,Tier 3,0,Y,0 (Current),0
APP100139,CUST20299,25/09/2025,15 Oct 2025,personal loan,334730,60,18.03,"INR 30,024",Self-Employed,14.2,,Coimbatore,Tamil Nadu,Tier 2,2,Y,31-60,0
APP100222,CUST21752,29-03-2025,2025-04-11,consumer durable loan,19481,6,19.55,34328,Salaried,5.5,,Hyderabad,Telangana,Tier 1,1,Y,0 (Current),0
APP100790,CUST20979,28/12/2024,30 Dec 2024,consumer durable loan,33242,9,13.33,23818,Salaried,1.4,613,Guwahati,Assam,Tier 3,2,Y,0 (Current),0
APP102336,CUST22140,11 Jun 2024,2024-06-12,personal loan,200856,48,21.48,67129,Salaried,15.8,,Mumbai,Maharashtra,Tier 1,0,Y,90+,1
APP101545,CUST20445,10 Jan 2024,13-01-2024,Consumer Durable Loan,37201,3,15.74,"INR 146,010",Self-Employed,,728,Nagpur,Maharashtra,Tier 2,0,Y,0 (Current),0
APP101726,CUST20842,12 Dec 2025,29-12-2025,TWO-WHEELER LOAN,95459,18,12.02,73863,Salaried,6.2,719,Nagpur,Maharashtra,Tier 2,1,Y,0 (Current),0
APP100757,CUST22034,03 Apr 2025,07-04-2025,Personal Loan,57805,48,15.82,"INR 22,533",salaried,6.7,648,  Hyderabad  ,Telangana,Tier 1,0,Y,31-60,0
APP100424,CUST22201,13/02/2025,26-02-2025,BNPL,3959,3,14.61,"117,427",Self-Employed,7.9,723,  Delhi  ,Delhi,Tier 1,2,N,0 (Current),0
APP100045,CUST21047,20 Jan 2024,02/02/2024,GOLD LOAN,85570,12,12.83,,self-employed,6.8,631,Chennai,Tamil Nadu,Tier 1,3,N,0 (Current),0
APP102085,CUST20654,06-04-2024,24 Apr 2024,Consumer Durable Loan,60347,6,16.45,38922,SALARIED,7.9,725,Ahmedabad,Gujarat,Tier 2,0,Y,1-30,0
APP101687,CUST22238,2025-06-16,16/06/2025,PERSONAL LOAN,262449,36,20.8,51216,Self-Employed,16.7,750,bangalore,Karnataka,Tier 1,3,Y,1-30,0
APP102366,CUST21630,16 Apr 2024,29 Apr 2024,Two-Wheeler Loan,52522,36,13.81,86192,Salaried,3.1,716,Ranchi,Jharkhand,Tier 3,3,Y,0 (Current),0
APP102305,CUST22090,19 Jul 2024,05/08/2024,Gold Loan,79070,6,10.03,"INR 115,224",Self-Employed,7.6,689,agra,Uttar Pradesh,Tier 3,3,Y,0 (Current),0
APP102164,CUST20105,2025-02-10,22 Feb 2025,Gold Loan,149946,6,12.84,21120,Self-Employed,11.5,672,MUMBAI,Maharashtra,Tier 1,0,N,0 (Current),0
APP102456,CUST22178,04/11/2024,2024-11-05,personal loan,169036,24,15.23,157965,SALARIED,4.4,715,  Hyderabad  ,Telangana,Tier 1,2,Y,0 (Current),0
APP101776,CUST21693,2024-11-23,2024-12-12,Consumer Durable Loan,9043,3,17.6,21541,Self-Employed,6.5,623,Chennai,Tamil Nadu,Tier 1,4,Y,0 (Current),0
APP102414,CUST20027,21 Feb 2025,,Personal Loan,238398,12,17.75,"INR 69,790",salaried,2.3,673,MUMBAI,Maharashtra,Tier 1,4,Y,0 (Current),0
APP102144,CUST21318,2025-03-29,,Consumer Durable Loan,26305,9,14.35,67894,self-employed,6.5,671,Indore,Madhya Pradesh,Tier 2,0,N,0 (Current),0
APP102453,CUST21529,25-04-2025,2025-05-02,Gold Loan,36312,12,10.26,217401,self-employed,2.5,789,Pune,Maharashtra,Tier 1,0,Y,0 (Current),0
APP101090,CUST22227,30/04/2025,05/05/2025,Personal Loan,477948,60,20.28,33969,Self-Employed,17.0,638,delhi,Delhi,Tier 1,1,N,0 (Current),0
APP101640,CUST21031,2024-05-28,06-06-2024,Two-Wheeler Loan,54162,24,14.25,"INR 108,290",Salaried,14.0,742,HYDERABAD,Telangana,Tier 1,2,Y,0 (Current),0
APP101651,CUST20761,14/11/2025,17/11/2025,personal loan,98275,60,23.68,193056,  Salaried  ,10.2,770,Ranchi,Jharkhand,Tier 3,1,Y,1-30,0
APP100558,CUST21383,19 Jan 2024,20 Jan 2024,Personal Loan,413691,0,15.17,176187,Salaried,,755,  Bangalore  ,Karnataka,Tier 1,0,Y,31-60,0
APP100758,CUST21123,22/08/2024,27/08/2024,BNPL,6648,6,0.46,20756,SELF-EMPLOYED,6.9,,Ahmedabad,Gujarat,Tier 2,1,N,90+,1
APP100868,CUST21397,2024-10-26,02 Nov 2024,PERSONAL LOAN,65903,48,22.04,138280,Salaried,1.8,774,agra,Uttar Pradesh,Tier 3,0,Y,90+,1
APP102384,CUST20608,2025-12-01,11/12/2025,  BNPL  ,14659,1,0.89,15147,  Salaried  ,16.7,670,Delhi,Delhi,Tier 1,2,Y,1-30,0
APP101194,CUST20511,2024-06-02,,CONSUMER DURABLE LOAN,43797,3,21.97,"INR 38,680",SELF-EMPLOYED,16.4,606,Bangalore,Karnataka,Tier 1,4,N,0 (Current),0
APP101871,CUST20577,16-10-2024,02 Nov 2024,  BNPL  ,14317,3,15.58,54530,Self-Employed,8.6,660,Bangalore,Karnataka,Tier 1,0,Y,90+,1
APP101831,CUST21885,10 Aug 2024,16-08-2024,PERSONAL LOAN,124459,36,14.91,"INR 14,681",Self-Employed,12.5,609,Chennai,Tamil Nadu,Tier 1,3,Y,1-30,0
APP101285,CUST22310,2024-11-23,10 Dec 2024,personal loan,343743,36,21.6,16221,SELF-EMPLOYED,0.7,574,LUCKNOW,Uttar Pradesh,Tier 2,3,Y,90+,1
APP100861,CUST21385,2025-03-21,09-04-2025,  Two-Wheeler Loan  ,146224,18,13.63,"INR 32,392",Self-Employed,5.8,,INDORE,Madhya Pradesh,Tier 2,3,N,1-30,0
APP101676,CUST22122,2025-06-16,26/06/2025,bnpl,23044,6,11.52,"29,110",Salaried,4.2,662,  Nagpur  ,Maharashtra,Tier 2,1,Y,90+,1
APP102160,CUST20120,29-03-2025,15-04-2025,gold loan,142844,12,11.73,104322,Salaried,3.0,719,mumbai,Maharashtra,Tier 1,0,Y,1-30,0
APP101078,CUST20970,26 Aug 2024,2024-08-28,Two-Wheeler Loan,142462,12,12.02,"INR 38,325",  Salaried  ,10.0,728,Agra,Uttar Pradesh,Tier 3,0,Y,0 (Current),0
APP101708,CUST22229,28-02-2025,,BNPL,22792,6,9.79,21261,salaried,3.8,594,  Chennai  ,Tamil Nadu,Tier 1,0,Y,0 (Current),0
APP100217,CUST20860,27-12-2025,2025-12-30,Gold Loan,56325,6,9.75,96002,SALARIED,4.8,715,Coimbatore,Tamil Nadu,Tier 2,1,Y,1-30,0
APP100060,CUST20303,07/05/2024,14-05-2024,consumer durable loan,31850,6,16.89,27431,Salaried,12.2,713,Delhi,Delhi,Tier 1,3,N,0 (Current),0
APP102181,CUST21475,03 Sep 2025,23/09/2025,personal loan,383306,60,18.11,"INR 71,401",Salaried,3.5,742,  Pune  ,Maharashtra,Tier 1,1,Y,1-30,0
APP100698,CUST21410,12 Oct 2025,20/10/2025,Gold Loan,44148,6,10.0,40653,salaried,16.8,735,lucknow,Uttar Pradesh,Tier 2,0,Y,0 (Current),0
APP101308,CUST21400,13 Jun 2024,2024-07-01,gold loan,26563,9,11.57,39715,Self-Employed,17.4,642,Chennai,Tamil Nadu,Tier 1,1,N,31-60,0
APP100328,CUST21510,2024-01-22,10-02-2024,  BNPL  ,8188,6,8.83,"INR 61,252",Salaried,3.3,628,DELHI,Delhi,Tier 1,2,Y,1-30,0
APP100037,CUST21561,2024-05-23,2024-06-07,bnpl,12748,6,3.98,"INR 122,797",Self-Employed,11.2,841,Patna,Bihar,Tier 3,3,Y,90+,1
APP101358,CUST20400,2024-03-27,15/04/2024,PERSONAL LOAN,438853,48,22.46,94352,Salaried,4.1,776,mumbai,Maharashtra,Tier 1,0,N,0 (Current),0
APP101127,CUST22016,19 Apr 2025,25 Apr 2025,Gold Loan,145844,6,12.72,62681,Self-Employed,9.0,676,Lucknow,Uttar Pradesh,Tier 2,0,Y,0 (Current),0
APP100618,CUST20299,2025-01-30,16/02/2025,Two-Wheeler Loan,90728,18,15.13,"19,601",SELF-EMPLOYED,15.2,659,Agra,Uttar Pradesh,Tier 3,0,Y,0 (Current),0
APP101115,CUST20128,28/04/2024,09/05/2024,BNPL,20315,1,6.93,"INR 76,894",Self-Employed,9.8,806,Mumbai,Maharashtra,Tier 1,1,Y,0 (Current),0
APP100974,CUST20945,08-11-2025,09/11/2025,Gold Loan,118394,9,12.08,"INR 18,127",self-employed,17.4,629,  Lucknow  ,Uttar Pradesh,Tier 2,0,N,0 (Current),0
APP101525,CUST21291,27 Nov 2024,05-12-2024,PERSONAL LOAN,379875,12,14.38,136455,SELF-EMPLOYED,10.7,765,Pune,Maharashtra,Tier 1,1,N,90+,1
APP100936,CUST21221,22/02/2025,2025-03-01,Two-Wheeler Loan,47626,12,14.22,39554,self-employed,3.7,564,mumbai,Maharashtra,Tier 1,0,Y,0 (Current),0
APP102288,CUST21000,19 Jul 2025,05/08/2025,  BNPL  ,17133,1,0.73,49274,Salaried,4.2,784,INDORE,Madhya Pradesh,Tier 2,1,Y,0 (Current),0
APP100699,CUST20395,2025-09-02,14-09-2025,BNPL,6495,3,5.99,"INR 110,021",Salaried,0.1,723,Ranchi,Jharkhand,Tier 3,2,Y,90+,1
APP100254,CUST22207,22-08-2025,03-09-2025,Personal Loan,129913,48,23.64,"INR 40,186",Salaried,7.6,758,Bangalore,Karnataka,Tier 1,1,Y,0 (Current),0
APP100635,CUST21268,2024-12-02,2024-12-14,BNPL,5280,3,14.02,"INR 64,664",Salaried,4.2,727,Nagpur,Maharashtra,Tier 2,4,N,0 (Current),0
APP100824,CUST21304,11 Jan 2025,13-01-2025,Consumer Durable Loan,37182,9,19.4,166856,Salaried,1.7,791,Pune,Maharashtra,Tier 1,0,N,0 (Current),0
APP101496,CUST20343,12-03-2025,27 Mar 2025,BNPL,6977,1,4.39,39196,Salaried,11.1,689,Coimbatore,Tamil Nadu,Tier 2,1,Y,0 (Current),0
APP100259,CUST21941,23-02-2025,06-03-2025,CONSUMER DURABLE LOAN,40171,6,19.78,47793,Salaried,12.9,,Hyderabad,Telangana,Tier 1,0,Y,31-60,0
APP101484,CUST20221,06-06-2025,06-06-2025,GOLD LOAN,114289,9,13.15,84274,Self-Employed,11.5,686,Chennai,Tamil Nadu,Tier 1,1,Y,0 (Current),0
APP102183,CUST21545,03/06/2025,05-06-2025,GOLD LOAN,87652,9,12.25,56564,Salaried,9.8,743,Delhi,Delhi,Tier 1,1,Y,0 (Current),0
APP100238,CUST20173,04-11-2025,08/11/2025,  Consumer Durable Loan  ,-47056,3,21.11,"INR 45,653",Salaried,16.1,704,Guwahati,Assam,Tier 3,1,Y,0 (Current),0
APP101399,CUST22272,09/03/2025,2025-03-12,BNPL,5140,6,0.28,31544,Salaried,5.7,647,  Indore  ,Madhya Pradesh,Tier 2,2,Y,90+,1
APP100820,CUST21755,31-03-2025,16 Apr 2025,Two-Wheeler Loan,146157,36,15.92,"INR 38,780",SELF-EMPLOYED,12.1,656,Chennai,Tamil Nadu,Tier 1,1,Y,0 (Current),0
APP101518,CUST20882,10 Oct 2024,17 Oct 2024,BNPL,4980,6,5.61,"143,151",SALARIED,10.2,766,Indore,Madhya Pradesh,Tier 2,0,Y,0 (Current),0
APP101689,CUST20357,2024-12-01,05 Dec 2024,Consumer Durable Loan,37841,6,18.68,44318,Self-Employed,14.8,657,Bangalore,Karnataka,Tier 1,2,Y,0 (Current),0
APP100318,CUST22105,24/10/2024,13-11-2024,Personal Loan,406024,24,22.32,23118,Salaried,6.7,,  Hyderabad  ,Telangana,Tier 1,3,Y,0 (Current),0
APP102175,CUST21272,09/10/2024,09 Oct 2024,BNPL,5645,1,16.6,"INR 57,491",SALARIED,7.0,755,Bangalore,Karnataka,Tier 1,0,Y,0 (Current),0
APP100245,CUST21571,16/02/2024,2024-02-28,Personal Loan,173124,48,23.08,91793,Salaried,10.0,861,Nagpur,Maharashtra,Tier 2,4,Y,90+,1
APP100286,CUST21850,30-01-2025,2025-02-01,personal loan,411247,60,18.89,30618,salaried,10.0,693,  Lucknow  ,Uttar Pradesh,Tier 2,0,Y,0 (Current),0
APP101884,CUST20764,11-12-2025,2025-12-17,consumer durable loan,65423,3,13.93,"INR 36,258",salaried,14.9,667,Ranchi,Jharkhand,Tier 3,2,Y,0 (Current),0
APP100127,CUST20200,08-11-2025,27-11-2025,consumer durable loan,57840,3,17.93,"12,694",  Self-Employed  ,12.4,611,Lucknow,Uttar Pradesh,Tier 2,2,Y,90+,1
APP101447,CUST21352,25/07/2025,01-08-2025,BNPL,23451,6,5.49,22266,Salaried,2.6,643,  Hyderabad  ,Telangana,Tier 1,2,Y,0 (Current),0
APP100392,CUST20814,24/01/2025,2025-02-09,Personal Loan,342414,60,16.09,23747,  Self-Employed  ,0.1,559,Lucknow,Uttar Pradesh,Tier 2,0,Y,0 (Current),0
APP102577,CUST21111,24-05-2025,,Gold Loan,80898,6,11.38,"INR 76,441",Salaried,15.5,,  Jaipur  ,Rajasthan,Tier 2,0,Y,0 (Current),0
APP100017,CUST20797,24/07/2025,07 Aug 2025,Personal Loan,443721,12,21.78,38096,Salaried,11.8,704,Nagpur,Maharashtra,Tier 2,2,Y,1-30,0
APP100325,CUST22064,05-06-2025,2025-06-17,Two-Wheeler Loan,144122,18,14.7,15497,SELF-EMPLOYED,0.8,558,Coimbatore,Tamil Nadu,Tier 2,3,Y,90+,1
APP102378,CUST21027,23/02/2024,10/03/2024,Consumer Durable Loan,16336,6,21.06,225251,SALARIED,,731,CHENNAI,Tamil Nadu,Tier 1,0,N,0 (Current),0
APP100780,CUST20732,16-08-2024,2024-08-24,BNPL,9043,3,10.74,94693,  Self-Employed  ,2.9,694,mumbai,Maharashtra,Tier 1,1,Y,0 (Current),0
APP102386,CUST22086,30-10-2025,12-11-2025,PERSONAL LOAN,303781,48,18.19,"18,717",Salaried,17.1,637,PUNE,Maharashtra,Tier 1,1,Y,1-30,0
APP101879,CUST22152,11 Mar 2025,2025-03-21,BNPL,2920,6,5.34,62573,self-employed,6.8,575,CHENNAI,Tamil Nadu,Tier 1,2,N,90+,1
APP100223,CUST21540,05-11-2024,2024-11-19,gold loan,118991,6,10.3,"INR 33,957",Salaried,10.0,703,Mumbai,Maharashtra,Tier 1,1,Y,0 (Current),0
APP101557,CUST20125,19/02/2024,2024-02-24,Personal Loan,184588,60,20.5,34731,Salaried,17.2,693,coimbatore,Tamil Nadu,Tier 2,2,Y,0 (Current),0
APP102411,CUST21650,22-02-2024,04-03-2024,gold loan,36097,12,10.16,,SELF-EMPLOYED,15.8,744,DELHI,Delhi,Tier 1,2,Y,0 (Current),0
APP102447,CUST21536,23/01/2024,2024-01-30,bnpl,20195,1,12.51,"INR 93,775",salaried,15.7,714,Coimbatore,Tamil Nadu,Tier 2,0,Y,0 (Current),0
APP100203,CUST20991,02-12-2025,08-12-2025,BNPL,12265,6,0.19,"INR 51,388",Salaried,12.2,741,Nagpur,Maharashtra,Tier 2,1,Y,0 (Current),0
APP101752,CUST21893,04 Jan 2024,18-01-2024,BNPL,14493,6,15.6,"INR 49,335",Salaried,12.2,631,MUMBAI,Maharashtra,Tier 1,1,Y,0 (Current),0
APP102344,CUST22340,01 Feb 2024,05-02-2024,consumer durable loan,79132,3,14.25,74005,  Salaried  ,12.4,746,delhi,Delhi,Tier 1,1,Y,0 (Current),0
APP100893,CUST21264,03-10-2025,2025-10-07,personal loan,361618,24,19.23,,Self-Employed,10.9,552,  Ahmedabad  ,Gujarat,Tier 2,1,Y,90+,1
APP101076,CUST21533,25-09-2024,2024-10-12,Personal Loan,473012,24,18.74,"INR 55,475",Salaried,14.5,706,Ahmedabad,Gujarat,Tier 2,1,Y,0 (Current),0
APP102202,CUST21665,22-05-2025,,  BNPL  ,17920,1,3.17,35579,Self-Employed,6.9,660,Ahmedabad,Gujarat,Tier 2,1,N,0 (Current),0
APP101141,CUST20393,05/12/2025,07 Dec 2025,gold loan,131417,9,9.52,"INR 61,356",salaried,14.6,775,Patna,Bihar,Tier 3,0,Y,0 (Current),0
APP100587,CUST22278,2024-09-24,09 Oct 2024,Gold Loan,135671,9,10.38,29003,Salaried,,701,  Guwahati  ,Assam,Tier 3,3,Y,0 (Current),0
APP101998,CUST20272,08-01-2024,19/01/2024,Gold Loan,65615,6,10.79,53519,self-employed,12.2,772,Indore,Madhya Pradesh,Tier 2,3,Y,90+,1
APP100930,CUST22070,11/01/2025,27/01/2025,Personal Loan,429167,24,16.04,,salaried,11.9,702,Pune,Maharashtra,Tier 1,2,Y,0 (Current),0
APP100687,CUST22328,2025-07-16,29-07-2025,CONSUMER DURABLE LOAN,61248,9,18.18,"48,668",SALARIED,15.5,666,Coimbatore,Tamil Nadu,Tier 2,1,Y,90+,1
APP100765,CUST22154,29/07/2024,01/08/2024,Personal Loan,192279,48,14.9,"INR 25,483",salaried,4.1,703,nagpur,Maharashtra,Tier 2,3,Y,1-30,0
APP101568,CUST20853,18 Sep 2024,,CONSUMER DURABLE LOAN,72871,6,18.52,72063,Salaried,9.6,717,JAIPUR,Rajasthan,Tier 2,0,Y,0 (Current),0
APP102392,CUST20813,03/05/2025,11/05/2025,Personal Loan,91330,36,17.31,"INR 16,330",  Salaried  ,2.4,623,Delhi,Delhi,Tier 1,0,Y,0 (Current),0
APP101288,CUST20985,01/11/2024,17/11/2024,consumer durable loan,39479,12,16.08,"INR 63,513",Self-Employed,8.2,,jodhpur,Rajasthan,Tier 3,4,Y,1-30,0
APP101028,CUST20477,29 Sep 2025,2025-10-14,Personal Loan,219869,60,16.97,101008,  Salaried  ,0.4,699,PUNE,Maharashtra,Tier 1,1,N,0 (Current),0
APP100678,CUST21081,08/06/2024,18/06/2024,Consumer Durable Loan,69493,6,16.06,42748,SALARIED,15.7,675,MUMBAI,Maharashtra,Tier 1,3,Y,0 (Current),0
APP102082,CUST21839,2025-10-22,2025-10-24,PERSONAL LOAN,418443,36,19.2,18675,SALARIED,4.0,652,Jaipur,Rajasthan,Tier 2,1,Y,0 (Current),0
APP100904,CUST20993,22-01-2025,,Personal Loan,179140,36,15.33,29744,SALARIED,14.1,741,hyderabad,Telangana,Tier 1,1,Y,0 (Current),0
APP101620,CUST21188,27-01-2024,28/01/2024,Personal Loan,108966,60,18.82,21418,SALARIED,5.4,657,Ahmedabad,Gujarat,Tier 2,2,Y,0 (Current),0
APP100331,CUST20485,16-04-2024,24-04-2024,Two-Wheeler Loan,118592,18,14.4,126078,Self-Employed,3.2,787,  Hyderabad  ,Telangana,Tier 1,0,Y,0 (Current),0
APP100706,CUST20211,07/07/2025,09/07/2025,Gold Loan,106844,12,12.85,24565,Salaried,9.7,696,  Delhi  ,Delhi,Tier 1,2,Y,0 (Current),0
APP102533,CUST20302,2024-02-23,09-03-2024,personal loan,111465,24,16.44,38463,Salaried,13.9,744,Patna,Bihar,Tier 3,2,Y,0 (Current),0
APP101278,CUST21268,2024-03-26,31-03-2024,  Consumer Durable Loan  ,12846,12,16.04,,self-employed,9.3,670,  Lucknow  ,Uttar Pradesh,Tier 2,1,Y,0 (Current),0
APP101948,CUST20546,23/08/2024,01-09-2024,Consumer Durable Loan,59468,6,19.07,56336,Self-Employed,2.9,680,PUNE,Maharashtra,Tier 1,3,N,1-30,0
APP101599,CUST20314,12/07/2025,2025-07-22,Two-Wheeler Loan,54148,36,13.21,66335,self-employed,1.6,693,Lucknow,Uttar Pradesh,Tier 2,2,Y,0 (Current),0
APP100564,CUST21567,17 Nov 2024,2024-11-25,bnpl,5219,6,14.95,22615,self-employed,10.1,657,JAIPUR,Rajasthan,Tier 2,3,Y,31-60,0
APP100155,CUST21814,13/08/2024,2024-08-24,bnpl,24334,3,16.14,"70,231",Salaried,6.1,745,GUWAHATI,Assam,Tier 3,0,Y,0 (Current),0
APP101635,CUST21299,29/06/2024,2024-07-01,BNPL,8290,6,10.53,61371,Self-Employed,11.2,745,hyderabad,Telangana,Tier 1,3,Y,0 (Current),0
APP101373,CUST20589,2025-05-25,26-05-2025,Personal Loan,470914,60,20.49,41314,SALARIED,13.1,657,Jaipur,Rajasthan,Tier 2,1,Y,0 (Current),0
APP101761,CUST22242,21/03/2024,2024-04-02,BNPL,24019,3,8.67,31253,SELF-EMPLOYED,11.0,768,Mumbai,Maharashtra,Tier 1,3,N,0 (Current),0
APP100851,CUST20267,29 Feb 2024,20/03/2024,Two-Wheeler Loan,87040,36,12.95,62787,salaried,11.0,710,Jodhpur,Rajasthan,Tier 3,3,Y,90+,1
APP101306,CUST21679,11 Oct 2025,13 Oct 2025,Personal Loan,400717,24,14.29,"INR 62,528",salaried,16.8,,Mumbai,Maharashtra,Tier 1,3,Y,0 (Current),0
APP101063,CUST20966,06-12-2024,12-12-2024,BNPL,8980,3,17.9,19941,Self-Employed,16.8,705,Chennai,Tamil Nadu,Tier 1,4,Y,0 (Current),0
APP102024,CUST20233,22-08-2025,08-09-2025,BNPL,2686,3,13.53,43727,salaried,8.3,702,  Nagpur  ,Maharashtra,Tier 2,0,Y,0 (Current),0
APP100815,CUST21775,2025-01-06,,bnpl,20869,3,2.43,"106,171",Salaried,15.6,746,Lucknow,Uttar Pradesh,Tier 2,1,Y,0 (Current),0
APP100917,CUST21502,2025-12-07,08-12-2025,TWO-WHEELER LOAN,119796,36,12.09,31253,Self-Employed,1.9,696,  Patna  ,Bihar,Tier 3,0,Y,0 (Current),0
APP101249,CUST20178,01/04/2024,02-04-2024,CONSUMER DURABLE LOAN,39774,9,15.84,210264,Salaried,2.7,755,bangalore,Karnataka,Tier 1,0,Y,0 (Current),0
APP101454,CUST22123,18 Nov 2025,19/11/2025,BNPL,14539,1,6.64,70256,Self-Employed,10.0,759,Delhi,Delhi,Tier 1,1,Y,0 (Current),0
APP101024,CUST21004,06 Aug 2024,15-08-2024,Personal Loan,87655,60,19.47,"INR 37,022",Self-Employed,1.3,690,  Lucknow  ,Uttar Pradesh,Tier 2,3,N,0 (Current),0
APP100654,CUST20982,2024-10-19,05 Nov 2024,Gold Loan,149407,6,10.56,93100,salaried,6.6,726,MUMBAI,Maharashtra,Tier 1,1,Y,0 (Current),0
APP100865,CUST20803,28 Jan 2024,17-02-2024,Consumer Durable Loan,63144,12,16.06,47672,SELF-EMPLOYED,17.5,680,indore,Madhya Pradesh,Tier 2,1,Y,0 (Current),0
APP100665,CUST21762,08/09/2025,20 Sep 2025,Consumer Durable Loan,76579,12,14.94,"60,164",salaried,11.7,750,Agra,Uttar Pradesh,Tier 3,1,Y,0 (Current),0
APP100557,CUST22171,09/12/2024,2024-12-10,Personal Loan,477266,24,23.42,113441,Salaried,17.9,728,Ahmedabad,Gujarat,Tier 2,0,Y,0 (Current),0
APP100918,CUST20773,23-06-2025,2025-06-24,  Gold Loan  ,75258,6,12.71,48766,salaried,14.4,701,coimbatore,Tamil Nadu,Tier 2,0,Y,0 (Current),0
APP100018,CUST21945,2024-12-09,16-12-2024,  Consumer Durable Loan  ,39358,9,16.96,116790,  Salaried  ,14.0,842,pune,Maharashtra,Tier 1,2,Y,0 (Current),0
APP100953,CUST20612,23 Mar 2025,01 Apr 2025,BNPL,19580,1,13.68,25078,Self-Employed,2.9,642,Lucknow,Uttar Pradesh,Tier 2,0,N,0 (Current),0
APP100350,CUST20313,06-09-2025,09-09-2025,Consumer Durable Loan,31419,3,14.05,"INR 32,023",self-employed,2.9,660,BANGALORE,Karnataka,Tier 1,0,Y,0 (Current),0
APP100409,CUST21102,2025-11-05,25 Nov 2025,  BNPL  ,18942,6,11.36,91923,Salaried,4.7,694,MUMBAI,Maharashtra,Tier 1,0,Y,0 (Current),0
APP100091,CUST20565,02 Jan 2025,14 Jan 2025,BNPL,20183,1,8.81,40649,Self-Employed,11.6,695,JAIPUR,Rajasthan,Tier 2,1,N,0 (Current),0
APP101594,CUST20625,22/05/2024,04 Jun 2024,BNPL,13303,1,10.3,"INR 33,922",Self-Employed,0.1,595,  Chennai  ,Tamil Nadu,Tier 1,0,Y,90+,1
APP100175,CUST20804,24 Nov 2024,2024-11-29,  BNPL  ,12597,6,16.63,188715,salaried,1.3,819,Jaipur,Rajasthan,Tier 2,1,Y,0 (Current),0
APP100355,CUST20327,26/11/2024,28-11-2024,Consumer Durable Loan,23913,9,21.44,"INR 26,543",salaried,12.5,715,Jaipur,Rajasthan,Tier 2,2,Y,0 (Current),0
APP101826,CUST21020,18-03-2025,22/03/2025,  Gold Loan  ,57555,9,11.18,27100,Salaried,,,Jodhpur,Rajasthan,Tier 3,2,Y,0 (Current),0
APP100194,CUST20422,15 Jul 2025,,BNPL,19457,3,7.21,"INR 48,506",Salaried,11.7,715,Hyderabad,Telangana,Tier 1,1,Y,0 (Current),0
APP101900,CUST21013,30-05-2024,12/06/2024,  Two-Wheeler Loan  ,135231,12,13.9,112403,SALARIED,6.4,713,Patna,Bihar,Tier 3,1,Y,0 (Current),0
APP101699,CUST21983,20 Mar 2024,08 Apr 2024,CONSUMER DURABLE LOAN,42034,12,13.04,"90,528",  Salaried  ,1.4,,COIMBATORE,Tamil Nadu,Tier 2,1,Y,0 (Current),0
APP102532,CUST22275,14/06/2025,2025-07-04,Gold Loan,69239,12,11.05,32688,Self-Employed,0.3,668,JAIPUR,Rajasthan,Tier 2,2,Y,0 (Current),0
APP101011,CUST20289,04 May 2024,11-05-2024,PERSONAL LOAN,88626,12,23.13,60140,Salaried,6.6,738,Bangalore,Karnataka,Tier 1,2,Y,0 (Current),0
APP102015,CUST20504,29/10/2024,14/11/2024,PERSONAL LOAN,434076,12,22.51,58291,Salaried,5.3,739,Nagpur,Maharashtra,Tier 2,1,Y,0 (Current),0
APP102326,CUST21579,28/07/2025,,  Two-Wheeler Loan  ,59299,18,14.11,"INR 71,835",SELF-EMPLOYED,,,Chennai,Tamil Nadu,Tier 1,2,Y,0 (Current),0
APP101485,CUST22335,03-07-2024,,personal loan,236382,60,17.49,33509,Salaried,2.3,575,Bangalore,Karnataka,Tier 1,0,Y,0 (Current),0
APP100601,CUST22280,06 Dec 2025,24-12-2025,BNPL,-17893,3,10.28,"17,047",self-employed,8.7,630,Coimbatore,Tamil Nadu,Tier 2,2,Y,0 (Current),0
APP100711,CUST21196,2024-02-13,28 Feb 2024,Consumer Durable Loan,32371,9,16.12,37290,  Self-Employed  ,4.3,670,PUNE,Maharashtra,Tier 1,0,Y,1-30,0
APP102484,CUST21033,04 Nov 2025,09/11/2025,bnpl,6419,3,7.3,"INR 26,386",Self-Employed,10.8,670,Patna,Bihar,Tier 3,2,N,90+,1
APP100010,CUST21654,16-11-2025,06-12-2025,  Personal Loan  ,394652,60,19.65,91136,Salaried,0.7,738,delhi,Delhi,Tier 1,0,Y,0 (Current),0
APP100574,CUST21808,20 Sep 2025,2025-10-04,Personal Loan,453233,24,14.26,134333,  Self-Employed  ,7.0,685,Mumbai,Maharashtra,Tier 1,1,Y,90+,1
APP101204,CUST21220,16 Feb 2024,29 Feb 2024,Two-Wheeler Loan,79918,12,14.53,"INR 30,033",SELF-EMPLOYED,2.3,582,Jaipur,Rajasthan,Tier 2,0,N,90+,1
APP101711,CUST21965,2025-11-02,16 Nov 2025,TWO-WHEELER LOAN,81479,18,14.91,82902,Self-Employed,6.4,698,Jodhpur,Rajasthan,Tier 3,0,N,0 (Current),0
APP100013,CUST20861,06-12-2024,13 Dec 2024,Two-Wheeler Loan,60257,18,15.32,59954,self-employed,7.3,777,indore,Madhya Pradesh,Tier 2,3,N,0 (Current),0
APP100065,CUST21941,01-05-2025,14 May 2025,consumer durable loan,59505,9,18.34,23446,Salaried,16.8,609,AHMEDABAD,Gujarat,Tier 2,1,Y,0 (Current),0
APP101696,CUST21322,07-03-2024,13/03/2024,BNPL,4144,6,7.91,42664,self-employed,12.8,616,Mumbai,Maharashtra,Tier 1,0,Y,0 (Current),0
APP101330,CUST20525,18-11-2024,24-11-2024,  BNPL  ,23989,6,15.39,17529,  Self-Employed  ,1.0,635,Jaipur,Rajasthan,Tier 2,2,N,90+,1
APP101360,CUST20723,02/04/2025,2025-04-09,TWO-WHEELER LOAN,117050,18,12.84,19675,SALARIED,16.2,712,  Patna  ,Bihar,Tier 3,1,Y,0 (Current),0
APP100742,CUST21666,2025-06-19,2025-06-25,personal loan,153612,36,14.46,100454,Salaried,8.6,,Agra,Uttar Pradesh,Tier 3,3,Y,1-30,0
APP101840,CUST20802,2024-11-12,01/12/2024,Gold Loan,37782,6,10.06,94758,Salaried,3.3,640,Chennai,Tamil Nadu,Tier 1,0,Y,0 (Current),0
APP102448,CUST21644,27/05/2025,2025-05-30,Personal Loan,263012,60,16.43,210143,salaried,15.2,791,  Delhi  ,Delhi,Tier 1,3,Y,0 (Current),0
APP100803,CUST21963,16 Apr 2025,2025-04-24,Consumer Durable Loan,13232,6,20.82,"INR 51,893",salaried,15.5,765,BANGALORE,Karnataka,Tier 1,2,Y,1-30,0
APP101478,CUST21689,08/11/2024,23-11-2024,Consumer Durable Loan,14790,9,14.81,,Salaried,7.2,753,Agra,Uttar Pradesh,Tier 3,2,Y,0 (Current),0
APP102473,CUST21366,19/11/2024,02 Dec 2024,Personal Loan,466791,48,23.93,"19,264",self-employed,8.9,653,PATNA,Bihar,Tier 3,1,Y,1-30,0
APP102417,CUST21714,10 Jul 2025,10-07-2025,  Two-Wheeler Loan  ,65478,12,13.18,59383,salaried,3.5,713,ranchi,Jharkhand,Tier 3,0,Y,0 (Current),0
APP101352,CUST20212,02-02-2025,02/02/2025,BNPL,21162,6,13.04,"INR 115,757",Salaried,10.1,735,Pune,Maharashtra,Tier 1,1,Y,90+,1
APP101322,CUST20084,06 Feb 2025,2025-02-23,BNPL,22967,3,7.11,"110,677",SALARIED,9.4,737,jaipur,Rajasthan,Tier 2,3,Y,0 (Current),0
APP101516,CUST20936,2024-03-14,14 Mar 2024,Consumer Durable Loan,8966,6,13.52,21331,Salaried,12.5,648,Delhi,Delhi,Tier 1,2,Y,0 (Current),0
APP100910,CUST22091,21/02/2024,05-03-2024,Personal Loan,235382,24,14.81,"INR 40,929",Salaried,3.3,706,  Lucknow  ,Uttar Pradesh,Tier 2,2,Y,1-30,0
APP101470,CUST21693,16 Apr 2025,04-05-2025,Two-Wheeler Loan,108925,18,12.01,40910,SALARIED,1.0,669,AHMEDABAD,Gujarat,Tier 2,3,N,90+,1
APP100588,CUST20664,16-08-2025,2025-08-20,Consumer Durable Loan,22747,6,17.41,"INR 44,527",Salaried,9.5,649,MUMBAI,Maharashtra,Tier 1,3,Y,31-60,0
APP100798,CUST21899,11-09-2025,27-09-2025,Personal Loan,380387,60,23.52,"INR 105,330",self-employed,4.6,733,Hyderabad,Telangana,Tier 1,0,Y,0 (Current),0
APP100253,CUST20024,07-12-2025,11-12-2025,Gold Loan,117549,12,12.4,"INR 22,817",SALARIED,7.3,617,hyderabad,Telangana,Tier 1,1,Y,0 (Current),0
APP100914,CUST20948,2024-07-04,23 Jul 2024,Two-Wheeler Loan,92633,18,14.45,"INR 32,206",Salaried,10.9,,mumbai,Maharashtra,Tier 1,0,Y,0 (Current),0
APP100033,CUST22217,18-01-2025,23 Jan 2025,Personal Loan,382266,12,18.44,"INR 19,932",Self-Employed,7.8,594,mumbai,Maharashtra,Tier 1,0,Y,0 (Current),0
APP101234,CUST20300,30 Mar 2025,30-03-2025,TWO-WHEELER LOAN,82359,36,14.66,197756,self-employed,3.4,770,patna,Bihar,Tier 3,1,Y,0 (Current),0
APP101434,CUST20290,10 Feb 2024,15 Feb 2024,  BNPL  ,23669,3,15.81,"35,984",self-employed,14.5,656,coimbatore,Tamil Nadu,Tier 2,2,Y,1-30,0
APP102248,CUST20753,2025-05-23,2025-06-01,Consumer Durable Loan,30563,9,13.75,"INR 48,370",Self-Employed,5.1,716,Chennai,Tamil Nadu,Tier 1,1,Y,0 (Current),0
APP100112,CUST21309,02 Jan 2024,15 Jan 2024,consumer durable loan,9493,9,14.89,79563,Self-Employed,13.1,705,Delhi,Delhi,Tier 1,2,Y,90+,1
APP102500,CUST20647,15-06-2025,,TWO-WHEELER LOAN,100586,36,11.44,75487,self-employed,7.3,819,HYDERABAD,Telangana,Tier 1,2,Y,1-30,0
APP102261,CUST21160,03/06/2025,03-06-2025,BNPL,8479,3,0.52,125148,Salaried,7.4,769,PUNE,Maharashtra,Tier 1,0,Y,0 (Current),0
APP100363,CUST22232,19/12/2025,26/12/2025,CONSUMER DURABLE LOAN,51410,12,18.3,,Salaried,16.4,731,Agra,Uttar Pradesh,Tier 3,0,Y,0 (Current),0
APP101674,CUST21542,23/10/2025,,Two-Wheeler Loan,105125,24,15.32,104228,SALARIED,5.1,695,Nagpur,Maharashtra,Tier 2,1,N,0 (Current),0
APP102600,CUST20818,2024-01-25,03/02/2024,Consumer Durable Loan,45451,3,15.82,38195,  Salaried  ,12.4,720,Nagpur,Maharashtra,Tier 2,0,Y,90+,1
APP101008,CUST20645,31 Jan 2025,2025-02-06,PERSONAL LOAN,279471,60,19.66,48324,Self-Employed,17.5,,LUCKNOW,Uttar Pradesh,Tier 2,1,Y,90+,1
APP101673,CUST22159,12 Jan 2025,,Consumer Durable Loan,79454,12,14.16,"74,410",salaried,2.0,617,Patna,Bihar,Tier 3,1,Y,0 (Current),0
APP101947,CUST20869,24/11/2024,10/12/2024,PERSONAL LOAN,132943,60,23.35,,Self-Employed,10.5,720,jaipur,Rajasthan,Tier 2,2,N,90+,1
APP100346,CUST22232,25-12-2024,14/01/2025,Personal Loan,457308,48,19.52,43327,self-employed,15.3,731,Delhi,Delhi,Tier 1,0,Y,1-30,0
APP101495,CUST20317,15 Jan 2025,26/01/2025,Gold Loan,27155,12,10.58,108101,Self-Employed,17.4,751,Lucknow,Uttar Pradesh,Tier 2,0,Y,0 (Current),0
APP100480,CUST20572,17/01/2024,2024-01-17,BNPL,23684,1,2.72,29896,  Salaried  ,0.3,820,  Coimbatore  ,Tamil Nadu,Tier 2,3,Y,0 (Current),0
APP101241,CUST21522,20 Nov 2024,08-12-2024,Personal Loan,151112,48,20.09,30030,Salaried,1.9,707,  Delhi  ,Delhi,Tier 1,2,Y,90+,1
APP102356,CUST22159,16-06-2025,2025-06-18,PERSONAL LOAN,408662,12,14.97,"INR 92,916",Salaried,17.2,811,Delhi,Delhi,Tier 1,0,Y,90+,1
APP100353,CUST21288,18/11/2025,2025-12-01,CONSUMER DURABLE LOAN,38493,3,16.47,20915,  Self-Employed  ,10.2,623,DELHI,Delhi,Tier 1,0,Y,61-90,1
APP100569,CUST22234,2024-07-28,14 Aug 2024,Personal Loan,257402,36,19.1,"INR 21,530",Self-Employed,10.4,687,Chennai,Tamil Nadu,Tier 1,0,Y,1-30,0
APP102295,CUST20758,14 Aug 2025,25/08/2025,Gold Loan,109495,6,13.27,116417,Self-Employed,6.4,709,chennai,Tamil Nadu,Tier 1,0,Y,1-30,0
APP102492,CUST20870,2024-11-02,2024-11-20,Personal Loan,399978,24,15.41,13346,  Self-Employed  ,7.6,669,Pune,Maharashtra,Tier 1,0,Y,0 (Current),0
APP101396,CUST21972,2025-04-27,2025-05-03,  BNPL  ,23208,6,16.61,42733,Salaried,1.1,658,HYDERABAD,Telangana,Tier 1,2,Y,90+,1
APP101068,CUST20687,2025-05-07,17 May 2025,Consumer Durable Loan,65210,9,14.14,"INR 15,274",Salaried,7.8,554,Bangalore,Karnataka,Tier 1,1,Y,0 (Current),0
APP101644,CUST20792,05-05-2025,2025-05-13,Consumer Durable Loan,54671,12,21.68,42324,Self-Employed,14.1,672,pune,Maharashtra,Tier 1,0,Y,0 (Current),0
APP102096,CUST21058,2024-11-08,17/11/2024,Personal Loan,176511,60,16.2,"INR 52,753",Self-Employed,13.3,684,Indore,Madhya Pradesh,Tier 2,3,Y,0 (Current),0
APP100397,CUST21931,20 Apr 2024,,BNPL,19472,6,4.4,30550,self-employed,8.7,716,HYDERABAD,Telangana,Tier 1,1,Y,0 (Current),0
APP100583,CUST22010,2024-06-20,22-06-2024,Two-Wheeler Loan,97811,24,14.22,174226,SELF-EMPLOYED,8.1,761,Delhi,Delhi,Tier 1,1,Y,0 (Current),0
APP100250,CUST21771,09 Mar 2025,20-03-2025,BNPL,18798,1,8.81,189798,  Self-Employed  ,12.0,731,NAGPUR,Maharashtra,Tier 2,3,Y,90+,1
APP101532,CUST21084,21 Apr 2024,30 Apr 2024,Two-Wheeler Loan,114838,12,12.63,"INR 46,406",SALARIED,15.5,682,guwahati,Assam,Tier 3,1,Y,0 (Current),0
APP100341,CUST21894,10 Sep 2025,2025-09-18,Personal Loan,433662,12,23.17,42976,SELF-EMPLOYED,8.4,731,Indore,Madhya Pradesh,Tier 2,0,Y,0 (Current),0
APP101521,CUST20114,19/01/2024,30 Jan 2024,Consumer Durable Loan,20127,9,16.87,37841,SALARIED,6.8,679,Coimbatore,Tamil Nadu,Tier 2,1,N,0 (Current),0
APP101757,CUST21226,28 Oct 2025,,GOLD LOAN,77277,6,11.77,"39,392",Self-Employed,15.6,703,Lucknow,Uttar Pradesh,Tier 2,2,Y,0 (Current),0
APP101830,CUST21760,2025-01-17,04-02-2025,Gold Loan,90002,9,11.54,196452,SALARIED,11.2,802,Chennai,Tamil Nadu,Tier 1,4,Y,0 (Current),0
APP102592,CUST20027,04-11-2025,21/11/2025,gold loan,23331,6,13.44,"INR 16,157",Salaried,15.1,720,BANGALORE,Karnataka,Tier 1,2,Y,0 (Current),0
APP101477,CUST20225,26 Aug 2024,2024-09-02,CONSUMER DURABLE LOAN,11076,3,15.83,21881,salaried,4.9,642,RAIPUR,Chhattisgarh,Tier 3,1,Y,0 (Current),0
APP100452,CUST21877,26-05-2025,02 Jun 2025,two-wheeler loan,82189,36,14.77,57782,SELF-EMPLOYED,13.9,700,Nagpur,Maharashtra,Tier 2,2,N,0 (Current),0
APP102174,CUST20729,04-10-2025,2025-10-06,CONSUMER DURABLE LOAN,79442,9,16.15,"INR 18,842",Salaried,3.1,625,Hyderabad,Telangana,Tier 1,3,Y,0 (Current),0
APP102205,CUST21179,20/11/2025,06 Dec 2025,Two-Wheeler Loan,73719,36,12.33,,SALARIED,3.9,724,Ranchi,Jharkhand,Tier 3,3,Y,0 (Current),0
APP100352,CUST21306,2025-08-23,08/09/2025,  BNPL  ,4105,3,3.01,"59,068",salaried,6.4,784,LUCKNOW,Uttar Pradesh,Tier 2,0,Y,0 (Current),0
APP101067,CUST21295,2025-04-04,,Two-Wheeler Loan,80653,18,13.68,"INR 57,784",Salaried,12.9,836,PATNA,Bihar,Tier 3,2,Y,0 (Current),0
APP100991,CUST21916,2025-04-26,09/05/2025,personal loan,335953,24,20.93,50193,SALARIED,6.2,741,Patna,Bihar,Tier 3,4,Y,0 (Current),0
APP101099,CUST21102,25/05/2025,2025-05-26,Consumer Durable Loan,44199,3,19.96,"INR 39,472",  Salaried  ,8.5,628,Patna,Bihar,Tier 3,1,Y,0 (Current),0
APP101958,CUST20416,21 May 2025,2025-05-30,consumer durable loan,75885,9,18.29,27151,SELF-EMPLOYED,1.7,635,HYDERABAD,Telangana,Tier 1,1,Y,90+,1
APP102553,CUST21866,18 Nov 2025,03-12-2025,  Two-Wheeler Loan  ,129610,36,12.76,32986,Self-Employed,2.1,0,Lucknow,Uttar Pradesh,Tier 2,1,N,90+,1
APP101184,CUST21956,2025-05-31,05/06/2025,Personal Loan,363641,36,21.76,35863,salaried,12.4,755,HYDERABAD,Telangana,Tier 1,4,Y,90+,1
APP102418,CUST20966,2024-01-02,22/01/2024,PERSONAL LOAN,330052,12,17.25,"INR 70,535",  Salaried  ,,774,DELHI,Delhi,Tier 1,1,Y,0 (Current),0
APP101790,CUST21738,19-04-2025,07 May 2025,bnpl,9018,3,9.21,76234,SELF-EMPLOYED,7.8,645,Chennai,Tamil Nadu,Tier 1,2,Y,90+,1
APP100479,CUST20270,13 Feb 2024,23 Feb 2024,Consumer Durable Loan,73496,9,19.87,95911,SALARIED,13.4,696,Jaipur,Rajasthan,Tier 2,0,Y,0 (Current),0
APP100794,CUST22201,10 Apr 2025,10-04-2025,  Personal Loan  ,395054,12,15.11,26542,salaried,14.4,701,Chennai,Tamil Nadu,Tier 1,2,N,0 (Current),0
APP100046,CUST21483,2025-10-10,2025-10-21,PERSONAL LOAN,212673,36,16.22,90946,SALARIED,7.2,733,MUMBAI,Maharashtra,Tier 1,2,Y,0 (Current),0
APP101075,CUST21815,04-03-2024,24 Mar 2024,Two-Wheeler Loan,121823,24,15.71,76920,SELF-EMPLOYED,16.2,705,delhi,Delhi,Tier 1,3,Y,1-30,0
APP101990,CUST21241,2025-11-29,19/12/2025,BNPL,12582,3,5.72,30921,  Salaried  ,11.5,686,Nagpur,Maharashtra,Tier 2,0,Y,0 (Current),0
APP100641,CUST20391,06 Jun 2025,09 Jun 2025,bnpl,24176,1,6.41,"INR 77,094",Salaried,11.6,834,Mumbai,Maharashtra,Tier 1,1,Y,0 (Current),0
APP100870,CUST20586,21-08-2025,25/08/2025,  Gold Loan  ,43504,12,13.28,"INR 22,188",self-employed,,655,PATNA,Bihar,Tier 3,2,Y,0 (Current),0
APP102139,CUST20809,2024-08-15,04-09-2024,Consumer Durable Loan,32926,3,15.35,18637,SELF-EMPLOYED,5.8,,Chennai,Tamil Nadu,Tier 1,1,N,90+,1
APP100461,CUST22011,07 Feb 2025,11 Feb 2025,  Consumer Durable Loan  ,20947,3,18.97,36742,SALARIED,17.7,676,Bangalore,Karnataka,Tier 1,1,Y,0 (Current),0
APP100163,CUST20638,15 Jul 2025,27 Jul 2025,personal loan,307913,48,17.0,"INR 17,233",Salaried,8.4,654,Chennai,Tamil Nadu,Tier 1,1,Y,0 (Current),0
APP101813,CUST21477,15 Mar 2025,04-04-2025,personal loan,197625,24,16.33,"INR 115,520",Salaried,3.0,747,lucknow,Uttar Pradesh,Tier 2,1,Y,0 (Current),0
APP100995,CUST21710,28-11-2024,02-12-2024,  Consumer Durable Loan  ,10605,6,14.5,"188,401",  Self-Employed  ,1.5,748,indore,Madhya Pradesh,Tier 2,0,Y,90+,1
APP100501,CUST21530,2025-06-21,,Personal Loan,156140,24,17.0,"67,607",SELF-EMPLOYED,2.1,685,JAIPUR,Rajasthan,Tier 2,1,N,0 (Current),0
APP100631,CUST20179,19/09/2024,05/10/2024,personal loan,67211,48,14.71,39438,Salaried,10.3,650,Nagpur,Maharashtra,Tier 2,0,Y,1-30,0
APP102551,CUST20071,28-04-2025,15-05-2025,GOLD LOAN,22494,9,11.23,"INR 60,887",Salaried,17.5,727,Nagpur,Maharashtra,Tier 2,1,Y,1-30,0
APP100199,CUST21145,17/12/2024,01/01/2025,gold loan,145882,12,9.81,,Salaried,8.5,593,Pune,Maharashtra,Tier 1,0,N,0 (Current),0
APP102413,CUST21124,22/05/2024,22-05-2024,Consumer Durable Loan,27774,3,19.2,"49,416",self-employed,15.0,746,Guwahati,Assam,Tier 3,3,N,90+,1
APP100844,CUST21661,09 Aug 2025,,BNPL,21288,6,16.19,114181,salaried,2.5,729,  Bangalore  ,Karnataka,Tier 1,0,Y,1-30,0
APP100958,CUST21610,14/12/2025,17 Dec 2025,  Consumer Durable Loan  ,26059,12,14.22,114868,Self-Employed,14.8,782,MUMBAI,Maharashtra,Tier 1,1,Y,0 (Current),0
APP101929,CUST20781,16-03-2025,,  Consumer Durable Loan  ,39149,3,17.02,"69,849",SALARIED,14.4,786,Mumbai,Maharashtra,Tier 1,1,N,0 (Current),0
APP101614,CUST22324,20 Jul 2024,27/07/2024,Consumer Durable Loan,28482,6,14.77,"INR 72,823",Self-Employed,0.6,,bangalore,Karnataka,Tier 1,4,Y,0 (Current),0
